UrbanId,Longitude,Latitude,Area
1,-74.13054626,40.64309207,10954.94052
2,139.6274122,35.90683698,8299.264766
3,113.5752842,22.92179823,6539.913411
4,-117.947986,33.96642884,6050.205733
5,120.8657115,31.42568351,6873.482734
6,-87.88239329,41.86140461,4862.57378
7,137.0241011,35.01230796,4596.419145
8,7.022470654,51.26554548,3667.579533
9,116.3324779,39.88689137,3790.83892
10,-96.96201071,32.85950728,3622.919794
11,28.12311975,-26.00120143,3544.758035
12,118.544297,24.87218712,3354.615144
13,135.3663664,34.72079807,3141.18913
14,-80.23199181,26.17555914,3144.523477
15,-83.20940335,42.433931,2901.438139
16,-95.39348296,29.78178244,3202.084469
17,106.8992061,-6.269684444,3032.557225
18,-76.96936516,39.0384718,2740.079854
19,114.3293387,36.59992862,2738.613604
20,72.09787447,40.72074414,2629.014192
21,120.787256,30.12402172,3354.489044
22,-71.25380289,42.37588561,2471.753799
23,112.2913674,37.49885306,2308.405507
24,-46.62366068,-23.53044191,2234.060946
25,-84.32803632,33.85917481,2255.593781
26,117.3017268,39.06107339,2318.677926
27,8.555447495,49.80016914,2146.678865
28,116.4893296,23.44754012,2181.172622
29,-112.0104187,33.49383159,2234.712012
30,-122.1051035,37.62087666,2069.215402
31,66.47328468,39.85906969,2057.531051
32,9.237283298,45.61104031,2042.190796
33,-58.55108167,-34.64787429,1977.896028
34,2.335944077,48.85064914,1940.629354
35,100.5413439,13.77291221,2039.718076
36,126.9275364,37.479055,1852.602578
37,-0.140176074,51.50040859,1702.077896
38,145.0448192,-37.84565574,1744.87617
39,-117.1088537,32.83655507,1657.365804
40,-79.50464355,43.70614092,1644.234166
41,-93.2533291,44.95116064,1593.471482
42,77.23186137,28.59772403,1623.863788
43,-82.60055413,28.01804985,1570.447217
44,101.6352965,3.064803459,1628.251239
45,-122.3002852,47.47221593,1535.983358
46,4.547626255,52.11223891,1523.740416
47,-90.36624624,38.65502429,1499.064525
48,151.0072068,-33.85647294,1487.291182
49,-99.11479859,19.45272222,1484.427671
50,114.4424148,38.08118201,1467.890858
51,32.57000394,15.59091094,1392.37645
52,-104.988622,39.72857022,1376.256747
53,37.63599117,55.73711256,1392.702541
54,31.27624703,29.98684965,1381.682583
55,-43.42326211,-22.8317235,1299.75932
56,-81.38120033,28.55443842,1293.138917
57,-76.99734598,-11.98461907,1244.929173
58,14.42728257,40.85952011,1254.633674
59,70.9609489,40.48872682,1225.520798
60,3.072707981,50.54557546,1181.878256
61,153.0440636,-27.49395585,1185.485855
62,120.2793741,36.2197077,1201.426356
63,118.3495437,39.75626551,1232.866168
64,29.00917961,40.98972451,1151.872602
65,51.26516838,35.70302505,1113.615372
66,-81.71045749,41.4605047,1103.478686
67,130.4588844,33.39534703,1082.376955
68,-2.536817996,53.45343896,1072.566652
69,-94.59678585,39.0361201,1083.700787
70,4.361097216,51.02389088,1046.109858
71,-84.4719283,39.23186446,1043.114797
72,115.8550687,-31.97187542,1017.188154
73,121.0261571,14.57219633,1029.611079
74,-68.72650763,-32.98140275,980.5000199
75,123.5453166,41.80592619,1036.12474
76,-86.1376128,39.81228392,974.1482586
77,18.99558439,50.27150487,954.9054133
78,46.73414099,24.6814741,943.1800792
79,-111.9388023,40.80842854,944.5248222
80,-121.3581315,38.6219022,955.9618193
81,-122.6603819,45.52273579,923.1859082
82,118.0138707,36.73474321,1006.195756
83,118.2991136,35.02447494,957.5915242
84,-73.65143646,45.53876732,908.4568271
85,120.3008303,22.82675845,912.5375604
86,118.812537,32.07689689,990.9605789
87,44.36650105,33.33707063,866.895053
88,-47.16352965,-22.86251089,859.4763992
89,-0.179484054,5.6395909,876.2909011
90,-98.50424393,29.49217974,862.8871439
91,-115.1430765,36.12701495,890.632415
92,13.45100578,52.50044933,837.0213496
93,133.7113655,34.57896425,835.48022
94,119.4201488,25.8620774,920.3211174
95,108.9046764,34.28502437,863.8980891
96,-82.99039081,39.99959101,827.0137276
97,111.5487851,36.17037133,829.1531908
98,-81.83417059,26.44285969,867.910254
99,3.299025012,6.55795226,952.9653704
100,9.199731819,48.8611766,752.2274656
101,103.7970371,1.416320995,812.6660241
102,-51.13029297,-29.89465719,746.1258301
103,2.16196961,41.47347985,740.2348006
104,115.4368692,38.86768773,746.012837
105,71.72850998,34.04075959,735.4843573
106,114.2919035,30.57651485,811.2292092
107,104.0392279,30.66401369,927.8176662
108,69.23334593,41.29676037,718.9655496
109,-88.01689042,43.04019407,716.9894071
110,19.08414504,47.48744706,718.0202955
111,4.863997432,45.70135754,707.1947423
112,121.3894216,25.01424293,722.1217033
113,130.8169043,33.80204107,702.5570496
114,-70.66036103,-33.47983903,716.6016416
115,-76.21912082,36.83050213,690.5877163
116,-81.6104633,30.28373576,709.9390684
117,120.7129859,27.88624356,763.5317204
118,37.83798826,48.0338788,666.545808
119,117.2851249,34.90602566,696.0097129
120,88.3619703,22.66658453,666.6568107
121,78.46684197,17.43213987,683.8326138
122,-79.99440569,40.46115309,660.9169017
123,-44.00384084,-19.89414157,651.6729708
124,18.57150379,-33.96141327,659.9863992
125,-1.963179493,52.51754089,646.0098258
126,72.9589939,19.13127132,659.9412421
127,-97.7460498,30.35263804,667.9654891
128,-82.46940605,27.27833686,644.1702836
129,123.0722969,41.18051411,645.1846023
130,117.2225572,34.28657204,652.1828152
131,67.07704694,24.89533763,613.9965335
132,-49.25311302,-25.4647296,616.6078608
133,-110.9496285,32.24548634,611.0543756
134,138.590807,-34.89490349,604.5435074
135,16.34892832,48.1164185,598.7881753
136,-78.42906219,-0.114064172,609.467501
137,-8.554457407,41.11184261,593.0311977
138,-122.9440192,49.20631935,606.9831824
139,74.30859817,31.51721384,600.0970576
140,106.7233159,10.85774297,703.8171325
141,15.31719116,-4.347041013,596.6837739
142,12.084744,45.52376901,576.7528489
143,11.53473703,48.15939247,569.291456
144,113.5681307,34.75491982,632.6937934
145,106.5197292,29.56593509,649.3035251
146,-106.4299222,31.76125887,562.4429795
147,-89.93578019,35.10486243,558.4216613
148,-78.76602488,35.85409592,573.1696772
149,-85.71133078,38.21770403,557.918975
150,-97.53081971,35.48823188,561.7666919
151,10.00774488,53.57916812,552.37251
152,21.01382882,52.23215409,554.3399575
153,23.72710129,38.0131913,544.2259534
154,121.5681853,38.98007157,585.1936066
155,-84.1674421,39.73128802,536.3934026
156,80.20246355,13.06025047,557.8642672
157,44.52865021,48.65862879,532.503848
158,6.964474121,49.26757063,530.05165
159,137.1693469,36.72631878,530.765744
160,-90.11867167,29.95842937,531.6615327
161,-3.699196437,40.39689893,541.7376064
162,120.6195374,24.17534214,553.7552388
163,117.2693978,31.84811575,574.3295226
164,-78.80451126,42.91517616,525.6735852
165,-49.3042371,-16.70544044,527.0184961
166,102.7061419,24.99797237,552.9530715
167,-121.135787,37.78979293,526.1578122
168,44.46595339,40.11566329,513.3857466
169,30.34696064,59.90396912,527.5732954
170,112.7242555,-7.387300683,543.9168061
171,77.60561161,12.96880456,540.9795594
172,-74.12864742,4.640460404,509.5360917
173,47.98338061,29.2528909,506.1412423
174,7.641883834,45.0639009,496.2919425
175,-103.3604841,20.6499689,500.7606177
176,113.0276915,35.21217563,541.9448552
177,-100.3060619,25.70710469,496.4785607
178,-68.53071629,-31.53853846,461.3929038
179,32.79137638,39.94806555,462.9086226
180,33.41685254,47.96438272,459.2724384
181,39.20178963,21.53310665,454.8424956
182,62.23046443,34.28451755,450.7501616
183,129.0029845,35.18488652,461.7400146
184,-96.01452282,41.24023918,446.4243685
185,49.93405361,40.44208902,453.7071533
186,133.9691622,34.28070611,438.7128162
187,-47.97165777,-15.8326596,440.8166067
188,-80.83380176,35.19856843,453.5911167
189,134.4944137,34.0686771,436.9515365
190,-34.92427338,-8.036080063,433.4710768
191,5.204827383,43.38349312,429.1902727
192,-114.0651888,51.03822068,446.7865019
193,87.56526708,43.85521627,424.3316262
194,-95.91797254,36.10617373,431.2192263
195,126.661091,45.73009173,476.0834762
196,-106.6240168,35.11266886,432.2916018
197,110.180828,22.64056711,434.3748154
198,-86.70697582,36.14785318,429.9588161
199,136.0705377,35.08562048,415.5763426
200,6.176165799,50.85802788,413.9520488
201,-80.7017331,28.22293818,422.2910641
202,-9.185179993,38.72750476,414.9523266
203,-1.562548649,53.75579742,410.9076038
204,34.90454322,48.48702314,409.2816589
205,117.0159924,36.67022293,425.3949502
206,113.8827118,35.3798512,445.6121866
207,141.3757186,43.08001755,401.4595794
208,-83.59423205,41.64896528,402.5432844
209,30.94445161,-29.86057573,420.9903881
210,125.3127225,43.87962495,459.5412361
211,112.9895636,28.19182878,456.7787382
212,11.05121012,49.50249684,391.047724
213,136.5478745,36.49289517,390.1116096
214,76.89700585,43.28954488,398.2227748
215,50.10622426,26.41131207,393.3991397
216,-56.0699563,-34.81669209,394.0123298
217,-57.53993405,-25.33120321,383.7679832
218,-3.991822517,5.345873922,424.3115358
219,-86.82721237,33.46524349,383.0641818
220,35.94821475,31.98458645,380.9827922
221,98.67074626,3.601892218,397.5692165
222,121.4633766,28.52776067,488.1212048
223,30.51222276,50.4469224,379.9695744
224,119.4846885,32.31129788,463.4624837
225,-73.8381005,42.75103113,371.6828169
226,-1.528639046,54.96621129,372.5863848
227,64.63673533,40.07015445,370.3317854
228,-42.9843872,-22.8530152,369.7819573
229,34.83694577,32.05373909,371.975316
230,18.38561484,49.80519567,365.5765154
231,12.53377885,41.88504578,367.7943271
232,109.8663942,40.6280953,381.0353969
233,9.789086611,52.35596769,363.7971568
234,-113.4937173,53.54112669,391.4836183
235,-64.21792469,-31.37817943,361.091726
236,113.2367056,40.04545166,368.1569453
237,-66.08796014,18.39744971,356.9578843
238,140.9019127,38.24386255,366.4259145
239,115.8967572,28.65770019,420.2268036
240,174.7915799,-36.9206026,360.8563089
241,12.45119015,55.67715062,356.056305
242,-119.7731795,36.78652557,358.0388766
243,-1.343038335,53.45358333,352.2160315
244,-116.3627758,33.74867028,353.9933034
245,-85.66678346,42.9285055,350.7951982
246,116.9286155,32.65274238,357.64272
247,125.0004683,46.5961793,352.8483846
248,-80.30652251,27.26344695,352.7940831
249,-97.33303664,37.68041876,345.3915548
250,-1.614115323,6.696045521,406.7298511
251,13.28849227,-8.870475212,342.5836261
252,127.7470443,26.25609964,339.7295268
253,-98.22536735,19.05293569,336.595553
254,-81.01844101,34.03034916,334.7054252
255,72.59536688,23.03252252,333.4374868
256,-38.55788796,-3.780709307,330.9584505
257,122.3668107,40.65799836,336.8406768
258,138.7996326,35.15525042,331.3388033
259,-77.47040699,37.55527069,337.4462491
260,14.44854722,50.0714943,330.6832043
261,27.14465425,38.42744697,328.1447294
262,27.86871706,-26.66966633,324.7490452
263,-104.7910326,38.85499516,334.5889544
264,36.23682929,49.96552405,321.7057745
265,-157.9493047,21.34980532,319.8177827
266,-71.66241638,10.62426659,318.5588
267,107.6176717,-6.932357606,328.875531
268,-40.3166088,-20.26716987,320.4624118
269,139.1133993,37.89538835,316.9502121
270,75.79489493,26.89355579,320.3013465
271,10.20313791,36.81075158,317.0138913
272,-38.40691297,-12.90717057,315.1596757
273,153.3938735,-28.00939309,317.1479505
274,-61.43311285,10.53633201,311.9206211
275,-75.41467962,40.63118619,313.8136658
276,3.125696379,36.73250213,316.6455465
277,26.10422469,44.43995378,313.9243177
278,7.068620651,4.812015942,386.3165764
279,-97.14792379,49.88088978,309.4999643
280,4.383439388,50.44547194,303.9812099
281,73.84248537,18.5537439,314.0384412
282,73.11394619,31.43552014,306.3432941
283,112.4460173,34.65724009,329.4519793
284,-60.70989433,-32.92803725,299.6564791
285,47.0034433,3.97852725,302.314393
286,118.4554575,31.53291177,368.2413792
287,140.5482519,36.44667861,294.6552198
288,-70.27688263,-27.53822932,307.4734741
289,-80.00425338,32.88206391,296.9206997
290,3.909544301,7.393497456,319.6490872
291,-72.26010001,18.57055608,294.9400456
292,-4.219112382,55.84395343,291.3397965
293,-75.69545235,45.4000368,294.2907833
294,17.98992051,59.34143783,289.8963653
295,130.7167697,32.79277097,288.559536
296,8.510558852,47.40060916,284.1179583
297,101.07375,4.581797711,298.2481671
298,110.3540802,-7.004137836,300.8242144
299,29.86547862,31.12921231,288.2220432
300,-86.11151891,41.68123299,283.5335557
301,59.57970855,36.3127881,284.0810509
302,38.66549395,48.54030193,281.6957924
303,110.9440092,35.0539397,282.5451691
304,119.3214464,35.13664803,334.8694836
305,126.5297431,43.90041575,288.5653065
306,-69.35649842,10.07313883,281.2163752
307,1.407166092,43.59934298,285.017295
308,5.806489331,51.0130679,280.5682801
309,-75.77216852,41.33813852,280.1758929
310,-69.91998491,18.49186446,285.7364482
311,51.62980844,32.66139552,277.7806477
312,-66.1941663,-17.3956078,278.4872088
313,1.329003285,41.16306792,277.0325158
314,39.23159379,-6.812521769,326.828244
315,51.46911046,25.29055423,277.749945
316,16.87374114,41.05933017,274.2229429
317,-78.64781655,-0.952340112,277.3440672
318,119.0768362,33.5817936,285.6663772
319,75.84323105,22.6964901,275.3756933
320,13.73660892,51.05005156,270.8690336
321,72.85088713,21.20770924,279.8051308
322,138.2093756,36.53262149,270.1797359
323,-80.70819708,41.12954923,269.4011237
324,8.344843343,48.96972971,271.1266278
325,-119.8039427,39.52048556,270.8267884
326,-54.62711963,-20.47653462,267.0993565
327,128.5982206,35.86542538,271.0614152
328,96.14600233,16.85874778,278.8610179
329,-79.90460697,36.0259402,268.0881363
330,110.722712,-7.628017927,275.8403118
331,149.1030512,-35.31018017,267.3085502
332,90.42003122,23.76341759,292.0420936
333,-84.10652849,9.950606096,277.9499817
334,-6.281174928,53.33940435,266.148662
335,132.4442852,34.40755642,261.7041093
336,-76.8653517,40.25337301,261.7585753
337,121.364604,37.50074381,302.9499449
338,-117.3313035,47.68301023,262.8988646
339,24.93121778,60.24118049,266.5815849
340,119.1514951,36.6970766,275.8085826
341,38.10129394,48.30100869,258.3748712
342,-78.67847858,-1.659727784,257.1886488
343,103.7526914,36.08410126,256.7896977
344,117.6983214,36.17036251,265.5261284
345,1.20341191,6.189026055,268.5832781
346,19.44342452,51.76225797,257.9275298
347,87.23797649,23.58057958,269.2828311
348,6.136646344,49.2269424,255.6784714
349,118.5460671,37.47177377,267.6000357
350,-63.16896835,-17.80603201,254.6468295
351,-45.87658404,-23.21712798,257.418051
352,-67.98243804,10.18742014,253.3433961
353,82.93924128,54.99665333,262.2315826
354,122.0276511,41.15824938,254.7242586
355,15.05898223,37.56098489,250.6025483
356,3.764512851,51.11259174,251.2998556
357,-111.7114091,40.30134713,252.7235672
358,-119.1804221,46.23587088,253.6411333
359,-76.43592447,37.07589497,250.8261253
360,79.89876244,6.918325241,281.7800901
361,23.33310141,42.70708842,249.332048
362,-77.71740772,-10.69923067,253.3584594
363,44.53843929,5.394227522,251.5025679
364,119.6044443,39.93547437,271.8609398
365,25.56481062,-33.91121485,246.8351307
366,138.5448026,35.63814138,246.000291
367,125.7500104,39.03485258,247.3146107
368,73.35168677,54.98948393,249.6506575
369,-85.13225688,41.09043406,245.2599605
370,-63.96963523,10.97959938,244.7307712
371,-0.591361343,44.85079347,247.9870827
372,135.3141836,34.25266939,241.9566688
373,-71.72773802,42.28576029,242.0855206
374,-68.15784008,-16.51192691,241.2067409
375,39.59528342,24.4807115,240.5506309
376,-59.99361393,-3.069020595,249.2526163
377,-119.0433017,35.36357431,248.2299099
378,-79.90580758,-2.163895123,249.8548257
379,11.11175642,43.84544557,238.8803072
380,5.355731222,50.99966065,241.6021024
381,36.30288174,33.50216692,238.3284864
382,92.93488597,56.0336474,242.2054313
383,-77.61544397,43.15726315,236.560107
384,35.58683679,33.9173109,236.1311457
385,2.931795632,42.7136413,236.6654364
386,-91.10521844,30.43569421,239.9832147
387,-57.97824839,-34.9231986,238.9883729
388,-76.14401039,43.07250633,235.3125401
389,110.6457473,35.60890595,243.6455956
390,-56.0854364,-15.6222771,233.1970689
391,6.824244664,6.107344626,244.3943382
392,5.531203271,50.63374764,232.5526519
393,8.800746596,53.08946226,230.4141809
394,-47.44652592,-23.477043,230.2119198
395,-78.94832455,35.08137399,229.0525838
396,-71.27492898,46.81728209,233.3006851
397,-116.2792603,43.6092687,229.5331118
398,61.4306244,55.16900502,235.7375621
399,-90.54513484,14.59659948,232.643549
400,101.7239407,36.64018618,225.0143647
401,-42.23950082,-22.87916215,225.3006946
402,20.44396337,44.80212488,224.6885846
403,31.01870368,-17.86279872,245.1996922
404,48.68382965,31.30703787,227.5912317
405,30.70108574,46.46411536,224.7316689
406,43.90997498,56.30227651,226.8942448
407,133.5839885,33.55115076,224.6060383
408,-93.75316903,32.47313542,223.6959493
409,-94.02769788,29.9920024,231.7575351
410,44.20937375,15.35969434,222.7605702
411,50.55851154,26.17464211,226.5122625
412,-92.29857912,34.75158634,221.8469011
413,11.44241038,45.57022036,221.4159295
414,-67.5668302,10.22955154,220.4897521
415,27.57430848,53.89421815,228.4098969
416,-1.518605479,12.36231153,220.5691206
417,80.30685578,26.45205653,220.2271464
418,80.93390975,26.84551309,223.3109494
419,113.5903357,37.86192737,218.7428563
420,-90.52855021,41.51220432,216.6606142
421,55.35657661,25.27797451,233.2337114
422,-82.37533845,23.08284939,217.0888764
423,39.7126493,47.24818373,219.7622014
424,13.18827265,32.85768066,218.4291948
425,10.96820397,45.42518905,215.9400811
426,113.5336169,-8.319549873,214.893616
427,113.0893431,36.26693763,218.1134533
428,73.05412877,33.63950225,215.8046413
429,117.3237793,32.94088681,222.9095294
430,38.41680315,48.96149628,210.9425621
431,-82.3364972,34.83579639,212.1103681
432,2.44015802,6.391214545,237.0449713
433,68.76173736,38.5359698,210.3752854
434,35.14795436,47.84259428,208.9331637
435,-62.28167138,-38.72461851,207.8201065
436,38.75910372,8.99397343,217.475367
437,7.739965018,48.58074799,208.2543943
438,76.98107946,11.01759763,217.4168184
439,71.46631312,30.18959319,208.3236382
440,108.2974182,22.82093181,229.735168
441,-66.89301473,10.47668685,206.4454527
442,69.70378513,40.26178543,206.2985088
443,73.11958447,49.85497908,206.0694093
444,140.6916115,35.87063776,205.9783225
445,-97.43441688,27.75935434,206.7252801
446,-71.5390773,-16.40218785,204.4003698
447,111.5474468,-7.547074245,204.6921927
448,-47.79779941,-21.17298575,204.0132111
449,113.291231,33.74647886,205.5497874
450,-88.40389171,44.24796282,202.7707904
451,-119.1620346,34.2293151,204.7615122
452,28.30667534,-15.40633932,219.411225
453,43.1513324,36.3612179,201.9514508
454,-81.49254145,41.08506359,202.5087019
455,-97.48022361,25.89902875,203.1358428
456,-120.5391248,46.61230508,200.4711618
457,-93.66381642,41.59894352,201.2642589
458,120.1450694,29.2782919,240.4752948
459,111.3495482,35.63632847,206.2243386
460,-75.58339116,6.24973511,200.1399071
461,16.91360028,52.40778076,202.9890294
462,-117.2914452,34.48009481,201.6829267
463,36.85415799,-1.281760418,201.2555819
464,104.7377411,-2.957878677,201.0434455
465,12.37756516,51.32625382,198.7194248
466,112.8670096,35.55038634,203.9997832
467,136.2135474,36.05572948,198.217751
468,-76.84930968,18.00239871,196.9857249
469,10.21318684,45.54089684,196.5144311
470,32.53808438,-25.90982738,238.9651677
471,112.9078687,34.71977878,217.3466238
472,-35.2415087,-5.835931392,194.7607344
473,111.663854,40.81498246,206.2563859
474,-0.40698955,39.47965219,198.6777103
475,109.0845044,-6.914643139,195.2109913
476,119.2545789,34.64395676,227.0717349
477,73.1780681,22.31450951,195.7015529
478,19.99815867,50.05252541,194.448652
479,8.526453498,11.99583645,201.2062226
480,151.6957579,-32.93404359,194.8346477
481,-57.58785577,-37.99296272,192.9688806
482,132.7712529,33.8226257,192.5341879
483,29.04633692,40.21864534,197.2372421
484,120.6003831,15.1171007,197.8186474
485,-79.80952587,43.22662755,195.2424393
486,120.4212068,37.64254361,209.8522555
487,-17.39161906,14.74428512,198.1542186
488,100.460145,5.343641779,212.7959447
489,7.504543412,50.39744395,191.140836
490,48.01829817,46.34130383,190.1680658
491,-88.03874424,44.49195166,189.9698498
492,-1.231218672,54.58758937,189.9064331
493,-68.11017821,-38.94529814,190.1444633
494,15.98508475,45.78911553,190.2548205
495,112.1538332,32.05284981,199.6230185
496,46.2528087,38.07802965,188.3528648
497,-65.21866105,-26.81790349,189.7061906
498,-54.61078325,-25.51676535,187.9213323
499,74.59117788,42.87277779,190.9983559
500,138.2509342,34.83077872,186.048157
501,-4.487167514,36.66987868,189.7936018
502,-1.536144455,47.22683609,187.9817824
503,35.47548777,38.72200867,191.4021059
504,37.57248078,47.13069309,186.5605622
505,120.8955272,32.00400559,321.2684121
506,114.9815549,30.17676906,197.966001
507,137.9333362,36.23063573,186.0046716
508,32.58602545,0.313969637,239.3393801
509,-78.61354572,-1.267125979,184.5920748
510,-48.43719662,-1.384024122,190.1382609
511,136.9960679,50.55048377,184.5067603
512,-62.72397258,8.311738742,186.9783657
513,-80.44188251,43.43060921,186.7878058
514,112.6250075,-7.94417811,184.1810557
515,77.41827275,23.24831445,183.7719833
516,45.71383691,43.30548583,183.4121268
517,7.628600056,47.56223546,182.4456488
518,64.47133871,39.7813808,182.303824
519,5.979216898,43.12106589,181.4477343
520,-105.0734236,40.51027575,184.6395124
521,39.19848729,51.66767905,182.28404
522,126.8620662,35.17064097,185.2906753
523,-8.41931142,41.39199835,181.2570472
524,129.3503457,35.52679254,182.0466132
525,109.3951667,24.32207322,193.2236911
526,135.099841,48.46609591,178.7417699
527,109.5704249,-6.900789775,179.0900759
528,79.08509801,21.15099304,181.2817273
529,7.140347992,43.65285733,178.3284281
530,-84.54512541,42.71869999,178.8281056
531,117.687292,35.88982243,181.2320677
532,60.59522531,56.85755895,180.923546
533,-34.8821629,-7.133708236,177.3061051
534,-71.51186071,-33.02465633,177.0095
535,106.692561,26.58663297,198.1316723
536,-51.17310783,-23.30129755,176.2262604
537,69.32660694,40.20161891,177.5912482
538,-81.04190112,29.19395633,179.2897861
539,8.499451171,51.98249145,176.2508792
540,-1.203580347,52.96015232,175.0124229
541,131.3167897,34.03472446,175.3474076
542,7.428758528,10.51350478,177.8334289
543,-90.15908036,32.32619525,175.1096993
544,-118.1399654,34.6318342,180.1306702
545,131.4318853,31.95427403,173.9899477
546,110.7890407,-6.814497761,175.7259441
547,49.12591287,55.80582536,176.4783622
548,104.2561116,52.30470171,173.6738596
549,-7.982192871,12.62381549,194.4787896
550,105.8312771,21.03364473,224.9781375
551,5.626778289,6.343004167,212.0022573
552,86.38143912,23.74773857,181.1291124
553,-48.59845658,-27.60884485,174.7179488
554,37.15631722,36.21145627,171.4978531
555,47.79553562,30.53450815,172.1431935
556,-79.47945947,9.040432281,173.1134807
557,18.52482972,50.03728515,170.9908848
558,-49.39674265,-20.81398928,169.6771394
559,107.217614,34.35999177,173.6222386
560,-86.25796155,32.36321761,168.8784716
561,5.732709177,45.20594343,168.2583996
562,-83.69764742,43.00988016,167.9350239
563,-87.23988991,30.45203983,170.0668792
564,116.589894,35.41351334,192.7978926
565,-76.51973203,3.443413326,171.938708
566,-66.61551267,18.02847849,168.4715743
567,3.132816416,45.79892263,168.3192738
568,-7.592943234,33.57394718,173.7751513
569,77.99815482,27.19052239,166.9801986
570,27.82321496,43.21665281,166.4365333
571,-68.35817822,-34.61377161,166.0384175
572,116.808089,33.95080696,182.9956198
573,33.49590813,14.44991969,166.5171962
574,45.95924421,51.54088357,166.1697446
575,-89.62075604,20.97253512,178.2949614
576,44.78527836,48.80408211,165.3652906
577,127.3946959,36.36134181,164.9496679
578,-47.98553711,-16.12225287,164.8166315
579,-89.0006097,30.41129026,166.0680111
580,-82.03864195,33.47612194,164.3016534
581,-88.09765519,30.68060843,164.5123741
582,72.99918939,21.66623837,161.5589354
583,33.28937181,14.83318677,167.4705271
584,-89.40758826,43.06823104,162.1221797
585,76.77751266,30.71510176,166.2987919
586,-89.61263912,40.68303043,161.0230006
587,-89.04811872,42.28131805,160.6581082
588,10.69542715,35.77159637,160.5951924
589,-93.28828694,37.18892661,160.8137555
590,113.4989157,22.26605056,171.9874008
591,17.15014199,48.15024148,161.1659961
592,-68.91961614,12.13985914,159.7095824
593,39.00151796,45.03498908,171.7909498
594,110.3753873,-7.789756727,167.728559
595,-84.49998609,38.02154463,160.0686477
596,-48.84076612,-26.3077852,159.4185024
597,75.86013637,30.8969931,162.6761469
598,10.48007267,52.22897438,159.1854425
599,5.870266614,51.88834045,162.5182228
600,69.6220951,42.31728772,159.6136552
601,29.90171337,40.74890004,160.5425639
602,1.07186405,49.3876499,158.6900175
603,31.90789803,26.29652694,164.4287631
604,133.1779475,33.9286033,157.7569256
605,35.31860492,37.00409601,159.8268305
606,106.6267317,20.82440753,169.2612686
607,110.9375307,21.61927092,162.4052928
608,35.21679372,31.79959535,156.7772665
609,35.05666578,32.84278778,155.7367409
610,-70.83446793,42.96439122,157.3556154
611,110.9676341,-7.109126352,156.1054279
612,103.9088569,52.53603753,157.3094198
613,85.34659886,27.68872798,162.4462053
614,112.5343875,33.00835499,161.208955
615,-98.18829494,26.20071089,155.7167854
616,-81.24160231,42.98118357,157.3146059
617,117.7074286,23.98754516,155.7571176
618,107.6133855,51.83784875,154.9770401
619,-48.27626188,-18.91443568,153.8579936
620,74.81733477,34.06707588,155.0164322
621,-81.95165409,28.02479621,154.0100955
622,-121.8002801,37.98713171,158.1134348
623,10.74219916,34.7738448,152.3244935
624,-70.75526138,-34.17250282,151.9855169
625,-96.67362637,40.80749481,154.2221911
626,-81.42466417,40.81471942,151.9266953
627,52.52575014,29.61016251,151.3570719
628,32.49694591,37.88208355,151.2138609
629,5.459200767,51.446428,151.7424559
630,50.20909467,53.20762133,156.7181485
631,-69.62432937,9.95342499,151.1869733
632,-46.33151576,-23.9445701,151.1110348
633,-71.25041689,-29.9269754,150.5168666
634,131.6453823,33.21979892,150.7769848
635,27.22155529,-25.60828575,159.5735456
636,138.4216813,34.99720486,150.863023
637,-85.24751944,35.04536605,150.7763887
638,37.73190554,51.28010421,152.8284169
639,11.95175216,57.7026928,149.6353594
640,114.870124,40.75993222,148.4688946
641,114.9110913,4.917561207,148.6274547
642,-99.50071566,27.51030043,152.4383048
643,30.70298453,36.89927834,151.8002577
644,-74.80220727,10.94981159,146.5170606
645,110.2853164,25.28679337,161.5449806
646,-2.5878146,51.47532442,147.0819512
647,-81.11925396,32.06341898,149.0632753
648,-73.90347032,41.6217571,145.5919461
649,-42.5849129,-19.49619932,145.2579266
650,3.891462601,43.60699399,145.137687
651,106.8703903,47.91734896,145.7268764
652,-44.24366914,-2.532762571,146.8851609
653,54.43654468,24.4304756,145.0884789
654,83.00169199,25.31640044,146.0123317
655,-83.98544073,35.95497789,144.590566
656,-123.0829207,44.06650617,143.7306075
657,44.82750602,41.72169863,144.4045831
658,4.845534819,43.94445235,141.8545274
659,128.6447071,35.20866556,141.7104365
660,-73.07998,-36.79028619,144.1022565
661,-100.4179483,20.60426414,152.6737732
662,-79.85442168,-6.817466007,140.919474
663,74.17043657,32.17332706,143.8066213
664,5.106769325,52.07429397,143.8408325
665,-8.01845306,31.63598324,142.0747437
666,-51.93937778,-23.4285067,140.6918261
667,-84.95356598,32.49130195,140.0533976
668,113.8387735,36.10702952,147.7860644
669,11.34020894,44.51903633,140.8006475
670,-48.66813712,-26.87041657,146.4161593
671,85.12151717,25.61310443,145.2748835
672,0.570922636,51.56005624,139.580213
673,21.45135523,41.9965649,139.6427838
674,83.24690123,17.71318917,142.267903
675,116.1074779,5.979476776,146.6713649
676,64.20935531,39.84079566,138.5909535
677,-78.86826006,33.71164314,145.2995875
678,22.91771987,40.6438699,138.9392758
679,114.3570886,34.78516377,145.6048449
680,-79.0244161,-8.104367241,137.9770031
681,-75.93200177,40.34025318,137.2663084
682,101.9489471,2.707503492,141.3151614
683,36.20297957,36.74663513,136.6140062
684,115.2258422,-8.660115101,146.6602253
685,41.88557671,44.66126307,135.8722409
686,59.95411776,41.85809941,135.7785203
687,77.69766465,28.98731828,136.5131228
688,17.03295879,51.11036822,138.5094523
689,-37.07948488,-10.91421471,135.6174181
690,26.75359342,-27.96922786,134.4000756
691,24.0093189,49.84036074,133.624151
692,111.1724972,35.18331348,132.6310791
693,11.97722809,51.41975087,132.4805703
694,33.53756898,44.58571887,133.5957386
695,24.11859303,56.95892989,132.6768389
696,117.1109092,36.16824777,144.5551475
697,146.7658612,-19.27568581,136.1576952
698,32.00025194,46.94829041,131.9457174
699,-82.42231252,42.96852261,132.1715111
700,-44.12018616,-22.5189714,131.3348247
701,115.4805363,35.24815281,140.5927207
702,-56.7066716,-36.55644231,131.0817562
703,-5.982038211,37.3921896,132.7467061
704,-6.844436274,33.99058195,132.0234897
705,-60.72013978,-31.61882661,130.7759642
706,-49.07848964,-26.90192028,131.0921344
707,-67.52160236,-45.84754808,130.7020322
708,123.7411595,41.28849205,137.9336771
709,-72.49497183,7.880847441,134.2392598
710,-63.59376444,44.6858195,134.8974146
711,133.3013316,35.45766347,130.0916205
712,108.4970201,-6.702310947,132.0363501
713,119.8998251,32.44942037,185.7390797
714,-99.21130531,18.89677368,135.6537616
715,-70.6684634,-32.76729025,129.1672346
716,-85.70599036,30.18520354,131.9685107
717,82.68996424,24.14022991,140.3308884
718,-123.3946134,48.45761277,130.50905
719,140.8696619,36.99039873,128.2966108
720,-104.6053539,38.26057224,128.1830629
721,-79.04506123,43.10384175,129.0586907
722,-15.42448883,27.98523424,128.70283
723,172.6163477,-43.52493368,127.867884
724,46.35139401,40.69043565,128.7400894
725,-42.80039438,-5.085496197,128.5796989
726,39.30977545,48.56239005,127.6774804
727,-95.70037423,39.02908145,128.5072666
728,59.04266517,53.42130523,129.7413517
729,36.0846031,33.05312728,130.9139288
730,105.650683,18.69866738,128.5109241
731,28.61899572,44.22733923,127.9310672
732,-69.23822515,-37.32947689,126.3661306
733,129.6224795,44.59733191,128.0569232
734,-122.8466108,47.02626141,129.1134135
735,49.38142714,53.52896487,127.3645777
736,116.4005754,-8.753715289,151.2718701
737,32.34061041,30.93038735,130.2440685
738,7.447279974,9.073297421,147.7677156
739,11.51623384,3.864941087,144.141181
740,114.1882266,22.33671157,125.9580765
741,7.316620594,47.78773317,124.9692696
742,16.6065612,49.19392055,125.8136879
743,26.03659745,44.93286766,125.1912583
744,130.9402921,45.79126779,126.331149
745,-13.59972512,9.619541504,143.7425319
746,102.2440526,2.24423867,138.8007689
747,132.7681523,35.38136923,124.9622954
748,-97.86207866,22.28044326,128.3828343
749,115.6451943,39.06214361,126.1131534
750,28.83986131,47.01941325,124.1410542
751,56.0403018,54.79446259,126.3013443
752,9.471517166,51.3086442,123.3714349
753,118.2731817,33.93441939,145.6379164
754,-123.0175765,44.94014207,124.8713644
755,39.8318635,21.41785989,125.1589346
756,14.27865266,48.26382566,123.5479353
757,-70.30548239,43.65112284,122.9354367
758,-48.94986542,-16.3429208,122.3481317
759,-71.37060779,10.28543422,122.8472301
760,123.9595373,47.32506152,128.1108981
761,2.305011226,51.01987193,123.3251652
762,-76.3311528,40.06322272,122.3598105
763,112.2421123,30.32241092,132.1565089
764,36.6980049,34.73842275,122.0524647
765,6.145086971,46.19595824,121.5499865
766,-70.36337019,-23.62115346,120.8689516
767,44.01651403,13.53520421,120.591408
768,-51.18476188,-29.15043519,120.5742335
769,-47.64671582,-22.72598233,120.4767711
770,86.18973716,22.79907067,121.2032068
771,43.0360306,44.05691765,119.9492848
772,79.49171259,18.77500285,127.2376286
773,113.4792287,52.0472729,119.8055608
774,-60.69899287,2.862503486,120.8068704
775,127.5654803,39.8782939,119.3881574
776,47.51645915,-18.89843669,121.8830816
777,-101.6732414,21.11949381,125.0071278
778,121.6842173,42.01908794,126.1761077
779,130.9090838,-12.42435036,121.9526301
780,5.910605771,49.5133664,119.1348529
781,50.86937699,34.63730261,119.0199928
782,133.6850778,34.14081549,117.9387462
783,140.749806,41.81449468,117.9246234
784,119.4683455,-5.142206339,122.6082786
785,112.9250689,27.85476055,131.5056754
786,114.0329659,33.57891486,123.7088645
787,87.18632989,53.79985652,118.4076589
788,-77.9056354,34.22159314,118.5379155
789,56.22788769,57.99804816,118.691152
790,-48.16590663,-21.77428691,116.9051757
791,7.73386504,36.84858056,117.5339088
792,81.83533721,25.45030611,117.6113499
793,118.7490567,36.8786786,133.2849063
794,10.8890855,48.35980559,116.737166
795,-10.72966006,6.312077557,144.4578916
796,-89.1951822,13.69833639,118.0170267
797,-79.98029812,37.2814727,116.1931157
798,69.62323076,41.49379824,116.250586
799,117.7960609,39.29550011,126.366122
800,5.769171491,5.538116124,136.5708279
801,29.19138052,-25.88055092,116.8115493
802,4.82395094,51.62554166,115.8379993
803,-83.95664799,43.43479916,116.1869287
804,75.85136001,25.17234599,119.4261184
805,-97.16139572,31.54035044,115.8944476
806,142.3847989,43.78230472,115.8382672
807,34.668543,36.81622237,121.0213168
808,60.0042232,57.92341398,116.1889713
809,75.31332871,25.37922518,116.1302341
810,-82.54379045,38.44135196,116.091675
811,-46.64113345,-24.09911675,114.959408
812,130.3479149,46.81113421,115.1913716
813,-106.0780183,28.64528754,123.0255106
814,9.724183953,4.056533288,148.3725186
815,70.78517515,22.29213234,115.2999126
816,47.10622798,34.34780243,114.1105911
817,-76.73206097,39.97232859,114.9446493
818,26.21901587,-29.13453471,114.6004495
819,139.4961727,-20.70926787,113.7286189
820,-64.66287498,10.15997233,113.6352977
821,-38.31753018,-12.65759393,113.4999885
822,-78.8855004,43.89469674,115.6221568
823,25.92200355,48.30648315,113.4208817
824,23.60190288,-6.130666581,113.0550098
825,-100.9867612,25.44777655,119.1620198
826,120.997373,24.83204284,120.1383719
827,123.910249,10.31268975,127.4648383
828,17.24781188,40.46928493,112.8102507
829,102.0933098,14.96838535,112.4080805
830,78.17898511,26.22711442,112.2453266
831,-5.941896843,54.59579755,112.9216923
832,20.09945087,32.11477504,112.6462142
833,150.8657568,-34.4333811,111.8719352
834,40.24172262,47.72221672,112.669889
835,81.34915621,21.2001218,116.5577031
836,13.32774479,38.13351218,111.8457751
837,6.14594666,51.34132602,113.0533698
838,12.51633489,44.10861295,111.1971201
839,10.78885424,59.92949212,113.3516811
840,115.840199,39.29929922,115.3881679
841,15.06476492,12.12064705,111.2193064
842,-50.16139017,-25.0939508,110.9655393
843,-85.58495079,42.26722253,110.099241
844,-43.37808518,-21.74643273,109.7685144
845,72.1250503,21.76274428,110.1540638
846,27.4817029,-11.66574021,139.4617523
847,15.43923015,47.03763541,110.0178169
848,5.21345413,52.31995343,112.2285266
849,121.1190955,41.1162988,110.7613829
850,39.59682136,52.59324312,115.4722123
851,73.77541877,19.99007633,111.83339
852,-49.07095934,-22.32179502,110.521774
853,6.18432415,48.69145131,110.0152426
854,86.68745057,53.94009834,110.4010909
855,116.3048319,37.45588752,119.3394285
856,-47.40208864,-20.52836568,109.0496064
857,-65.43244506,-24.8064835,109.274702
858,-1.133821257,52.62776592,109.6241696
859,-1.499785723,52.43790408,109.3074094
860,-70.21405912,-18.50266979,111.6086903
861,110.3129205,20.01892255,132.7310273
862,108.2054178,16.040407,131.1678904
863,14.47958624,35.87927567,108.5445219
864,-103.449765,25.54512163,109.0156166
865,-100.9637287,22.14608115,117.7984903
866,102.5338655,24.36896398,116.6708835
867,114.9957694,38.50146039,108.2630226
868,31.74486114,31.44912366,114.9095154
869,-117.6087744,34.53174564,108.5597775
870,1.904697025,47.89767193,107.6761127
871,100.9949177,13.37490617,140.641124
872,-3.132966476,36.77820726,107.6650001
873,-97.7229485,31.10462564,111.6479864
874,-1.09584049,50.83441358,107.7575109
875,13.15240113,11.83795886,110.0769328
876,83.71773785,53.35180435,110.3943924
877,110.3494217,1.532503539,115.7845707
878,-93.25231828,30.21637971,114.8827004
879,121.7796412,24.716943,107.0170068
880,113.5817097,24.77065346,114.7514901
881,-101.8888454,33.55573492,108.7209613
882,39.85267237,57.62279115,108.372603
883,8.697028107,52.15993103,106.2866104
884,115.0998555,38.0946146,115.2859544
885,-108.5605112,39.08283747,106.3974517
886,-92.02998604,30.20335321,111.1896891
887,3.889651539,50.44678483,106.1711674
888,-63.54530466,8.114703275,105.8079485
889,36.16207048,51.7159948,106.2650679
890,-101.4254258,26.87699528,105.5080495
891,-101.8641142,35.18655775,108.7688711
892,41.9648996,45.04650951,108.5284599
893,65.77745832,38.84928549,105.0699291
894,106.2104586,38.48616659,126.4515535
895,74.85858176,32.71474367,105.0542704
896,67.8399534,40.1279108,104.5001828
897,116.9176895,35.38828518,113.0511159
898,101.4357811,0.508746749,123.5134394
899,-97.55830433,19.31721859,104.617311
900,-3.645621089,37.1769758,104.7163233
901,19.12117441,50.81738813,104.2574474
902,33.34802075,35.15580174,104.2445491
903,110.3694115,21.23955403,108.9456614
904,69.13714757,34.52882642,103.9665974
905,115.0715072,40.59135219,105.754055
906,34.35740809,53.26629314,103.9089966
907,113.1294613,27.85674268,115.9685876
908,-1.877498307,50.73913296,103.6123753
909,130.531932,31.57467728,103.0613445
910,35.87058996,32.54472061,102.7184525
911,115.9842787,36.45827917,117.7765286
912,114.8828384,30.40996615,121.6830479
913,115.9981329,29.71742942,115.8212235
914,37.61649295,54.18415985,103.4527
915,-122.36106,40.55208531,104.1820964
916,9.46676413,0.404520391,111.120778
917,-91.66491443,41.98970318,101.947095
918,59.58462583,42.40927274,101.5994373
919,80.23194905,50.41750158,102.3931397
920,57.05123748,30.28586005,101.4695799
921,116.7195687,39.53570463,110.0288003
922,144.351487,-38.1297171,105.7672164
923,120.5365836,23.71702462,103.1354393
924,77.33992026,11.11472538,104.4781126
925,-81.24478007,28.90441787,102.4648475
926,104.888808,11.55007258,130.7179002
927,81.62988371,21.26561122,110.5222045
928,140.0983973,39.73114236,100.4710612
929,34.09072376,44.96033008,101.6889475
930,-79.22599361,43.15953312,100.3932082
931,140.4472774,35.57299169,99.87561331
932,24.78312323,59.42847039,99.89725803
933,-35.74753402,-9.604303925,99.48925966
934,30.01045598,-27.75664287,99.3817923
935,74.85991628,31.63976949,99.33859403
936,130.2792523,47.31152132,100.7022181
937,-47.30694975,-23.23875208,99.96001628
938,-81.74774566,28.0303778,100.2716951
939,73.01507386,26.28530617,102.5857807
940,84.83782274,22.23396938,99.0947908
941,49.58163144,25.40065363,99.46794234
942,-46.95263866,-22.37836217,98.99471272
943,-58.99167151,-27.46102094,99.64484749
944,-87.53533475,37.98322126,99.88304707
945,-40.50103834,-9.400886337,98.70325643
946,15.12247994,32.36771064,98.93060942
947,11.62812854,52.13346926,99.20497466
948,18.03187804,53.12807165,99.84438761
949,12.90434414,50.82648305,97.9778315
950,114.9057953,25.81046845,125.7545817
951,0.691461026,47.38259099,97.94429262
952,5.229842318,51.69333031,99.90676529
953,118.0067771,37.40090537,116.3550278
954,77.6813699,27.49316656,98.09509198
955,151.2597986,-23.87633953,98.70339653
956,76.63562192,12.3194715,97.76784835
957,126.0021567,39.44144038,97.2350049
958,79.93396657,23.18072761,98.03355982
959,-50.09635135,-29.899867,96.65390365
960,8.039313972,52.27912264,96.51167926
961,28.52999166,-20.15013448,96.45043792
962,44.12427264,13.80093696,96.36713204
963,-0.304974231,50.82770872,96.34237371
964,9.932675447,49.79723186,96.20550714
965,37.55307315,48.70643656,96.05664873
966,-69.99257686,12.51663353,96.02562847
967,108.3514265,-6.413676084,96.85306229
968,124.3841773,40.11261615,100.5855715
969,138.9174518,37.6664028,97.24616298
970,-66.47210906,18.44061021,95.81504992
971,143.1746581,42.92686592,96.99026065
972,-2.960259275,43.28821459,95.17530604
973,30.37417138,-29.61840073,95.05670011
974,-45.57181093,-23.02235659,96.17601761
975,72.98909807,50.05655618,95.6949266
976,13.02211427,55.59673677,96.0192958
977,-94.38626886,35.37311947,94.5186891
978,91.81458997,22.35255873,95.05234522
979,153.097446,-26.71154682,98.38349733
980,115.0289697,35.75200834,108.0159803
981,-64.26270624,-27.77768346,94.81153044
982,7.628405866,51.95077836,94.03042961
983,-76.16530651,-13.69088818,93.91794524
984,36.56697852,32.70474588,94.23447703
985,-2.183915952,53.01825654,93.87264527
986,115.6754109,37.72554557,101.2446876
987,86.07409494,55.35922913,94.14240673
988,100.2906706,5.367503385,93.62625941
989,-96.81774442,46.86569879,97.12512811
990,30.97091853,52.42958952,93.55890229
991,-0.613813146,35.68426834,99.38975643
992,-80.41473976,27.61710954,96.46741392
993,38.55343776,48.05005312,93.25865921
994,-53.45778284,-24.96013429,93.21730506
995,-79.00050098,-2.889254694,93.05754858
996,71.43816824,51.17480775,108.6103141
997,6.881147828,52.23485,93.96676725
998,119.643402,29.10033846,108.2714499
999,12.12590695,49.01524554,92.9306871
1000,7.923620228,49.91559542,92.92155139
1001,-76.36610775,-13.04898236,92.49541044
1002,45.00210925,53.19597447,95.29799104
1003,140.4703303,37.77628885,92.35022908
1004,115.8225142,32.90097885,104.8388603
1005,-122.7125631,38.42253856,92.22370165
1006,-70.25852209,-18.02599125,91.96876802
1007,18.63421337,54.36983294,95.96095848
1008,110.7922128,32.62122933,98.6576964
1009,120.1260948,33.38092674,133.6721963
1010,55.10512625,51.78168758,94.91238488
1011,140.3520092,38.30845795,92.36733142
1012,-87.82572208,42.73250189,91.92130746
1013,84.96123072,56.5259562,91.84774856
1014,115.6411057,34.42335494,99.84981929
1015,120.8717142,40.73565673,94.45514495
1016,-78.5690627,-9.07075221,91.19386356
1017,95.34652325,5.553546992,97.42696059
1018,39.7224729,54.61497394,93.64084994
1019,52.38552992,55.71165467,92.33773718
1020,-44.89664995,-20.14568143,90.82669152
1021,3.236860487,43.27175474,91.13012699
1022,111.454225,27.25157814,97.16261899
1023,0.185846702,49.49074236,91.77067356
1024,53.21383616,56.84444577,91.55204783
1025,112.9022521,33.84800093,92.67508473
1026,-75.73658674,-14.04353559,90.45933573
1027,42.52050997,3.807943699,90.41355445
1028,-3.209031136,55.94039798,90.59303701
1029,75.57759818,31.32950777,91.23492124
1030,28.21318612,-12.80964095,92.99891762
1031,120.5640822,23.9343867,93.9622442
1032,3.344332289,7.160459288,95.85861166
1033,43.95814631,26.35189001,89.85538831
1034,-89.65453793,39.79166867,91.13876608
1035,-5.044189388,7.701418386,91.50719771
1036,66.99058929,30.18502305,90.08008158
1037,-99.61813385,19.28502535,93.32495837
1038,113.8241285,34.03353398,100.6573387
1039,11.88439709,-4.787654939,92.00455885
1040,-108.5207243,45.7867747,90.63056048
1041,99.19785115,25.12706781,94.6451674
1042,116.1002701,38.70398075,91.53334045
1043,75.90476805,17.6731298,88.88507911
1044,23.92724976,54.90286453,89.01613869
1045,58.38329199,37.9520059,88.74669885
1046,-0.349049332,53.75910107,88.69999605
1047,104.7266759,31.46677231,109.3945353
1048,40.96887414,56.99756338,89.06599254
1049,71.38725185,42.89250188,88.22150914
1050,-86.6109704,34.72130221,91.02870682
1051,28.00410127,45.42882598,88.48401533
1052,73.70393528,24.58927253,88.03643604
1053,100.3869224,-0.931266589,93.16084074
1054,-1.3930627,50.9152279,88.55738466
1055,-49.38102374,-28.6845038,88.38468359
1056,67.32890615,39.7336173,87.90907091
1057,14.55976317,53.42219932,87.86181529
1058,-2.707233654,37.17610888,87.60683083
1059,113.7228557,36.6088276,88.2493565
1060,33.43539469,49.08787798,87.43734633
1061,23.71648175,52.10169344,89.74731274
1062,32.22795761,30.58340633,87.50550961
1063,-87.20385292,14.0791697,90.86058241
1064,61.82388356,37.62122605,87.09678426
1065,-98.52554971,33.89542574,87.28066822
1066,-52.34990006,-31.7361646,87.56249405
1067,72.60851436,21.70608071,86.72500392
1068,-9.555384311,30.38643401,89.52868658
1069,38.88698449,47.23524946,87.10704666
1070,-49.95042569,-22.2134894,86.42297909
1071,106.0998105,30.80908356,101.3053204
1072,-104.6100083,50.45597292,91.06434703
1073,-115.4620824,32.63974319,87.0748734
1074,-86.08738121,42.79748963,86.14650328
1075,-0.749456856,51.32916821,86.69788251
1076,60.62364326,41.55654956,85.57627995
1077,52.66900951,36.53481397,87.29699486
1078,-81.69767454,38.35449682,85.57117214
1079,-95.37500338,28.98362817,87.76140293
1080,137.1652879,35.34084918,85.45043817
1081,-15.96917323,18.08178859,85.43124628
1082,-110.967839,29.08786793,89.54746081
1083,130.6115695,32.53164072,85.73160413
1084,-63.8700954,-8.76719902,85.35224661
1085,-116.6053857,43.60550672,85.34054084
1086,23.15612824,53.13851158,86.11459909
1087,16.36205023,41.28674437,86.25130187
1088,65.5649627,57.1489482,94.79625399
1089,69.62737551,40.87547906,86.78348378
1090,78.11488241,9.93197515,85.49567119
1091,96.08188148,21.95954322,90.94435357
1092,-47.89544921,-22.01148306,85.35315653
1093,43.61316508,43.51115382,85.16066701
1094,22.5830333,51.23898775,85.78877054
1095,70.04940589,22.46624102,84.6871095
1096,-94.75644928,32.50217466,84.67354409
1097,79.56393193,17.99559583,85.06516569
1098,120.6427054,30.90779222,108.556971
1099,-47.41141496,-22.56950484,84.62530254
1100,-47.94234655,-19.75416228,85.40677305
1101,19.03623107,49.83832397,84.73367763
1102,116.8626215,38.31016873,91.01765018
1103,44.02811604,40.09804887,84.16228692
1104,106.3477266,20.77631229,84.05867906
1105,109.9546268,22.21069454,84.83856277
1106,-107.4030122,24.79444705,87.11715235
1107,-119.7730956,34.43044008,83.55284468
1108,11.7646506,45.71579913,83.8329616
1109,117.0563672,30.53750238,100.472045
1110,-100.8200352,20.52259893,86.20064119
1111,36.33729755,41.2816234,86.25538288
1112,-55.18537914,5.827044183,86.75080544
1113,-80.26444843,36.09965493,84.30845196
1114,25.24333011,54.68820002,84.25207618
1115,-82.09568434,26.99468906,86.68799502
1116,122.0967092,37.47766604,96.13067709
1117,133.8650818,-23.68332879,83.15688556
1118,-98.29228722,26.05501799,88.54070794
1119,114.0855877,32.12259003,86.83814581
1120,68.35400097,25.39225336,83.21827015
1121,94.44496214,51.70691013,82.78548651
1122,40.09940478,44.59021787,82.72483973
1123,74.5992885,16.86291547,82.71536143
1124,24.75241605,-28.73325283,84.20850426
1125,-53.79771526,-29.69943215,82.68986621
1126,147.187742,-9.439451805,86.46144681
1127,78.07533371,27.90164621,83.34160657
1128,44.01676275,36.18435089,84.21835144
1129,-87.99525368,15.48566965,85.75316455
1130,144.3776906,43.00194208,82.72036763
1131,-80.08614741,42.10765695,82.62044189
1132,23.82946907,53.67492381,83.00224344
1133,-70.22344189,41.66465037,82.22330497
1134,13.02106035,47.80569418,82.1276939
1135,-45.18470091,-22.79262369,82.51676733
1136,-3.182496179,51.49539914,82.3632524
1137,-0.546904341,47.46522038,82.94859671
1138,30.39754449,40.75211837,82.70878475
1139,120.7020538,36.967194,84.07035529
1140,49.55914191,27.09342152,82.03461033
1141,-75.49910212,10.3820049,82.85520422
1142,147.3089339,-42.8485412,81.66199523
1143,-121.6105898,39.12793919,82.66400488
1144,71.13048995,40.85596863,81.28137433
1145,52.61877601,36.68764338,81.27284433
1146,8.904664161,44.42973667,81.10649022
1147,120.7512758,30.7608357,144.4776269
1148,-106.6522633,52.13341655,86.77542354
1149,58.5389349,51.23422377,82.28903666
1150,108.9829498,32.70707074,98.92280592
1151,111.693882,35.72823493,87.48579797
1152,122.7233078,40.85269014,83.56094057
1153,29.13343181,36.67389814,81.28746851
1154,-1.158305473,38.00101749,80.56430457
1155,117.5263058,36.70865598,94.33576158
1156,114.9357586,27.81462513,88.33611389
1157,-80.69876284,-0.985368701,86.74934631
1158,116.5257457,31.75454778,87.91043259
1159,-122.8677933,42.34861302,82.94549866
1160,14.51522854,46.06492713,80.02934159
1161,31.76249153,30.57044991,81.97821355
1162,-3.878838141,51.62368722,80.52882389
1163,4.374045655,45.43396643,79.71932427
1164,45.0650551,37.56670438,79.66927851
1165,118.4822438,37.02751649,110.3989326
1166,-41.31483888,-21.75849553,80.72892745
1167,37.38612636,37.06178373,86.02395802
1168,45.3236917,2.050227532,79.446549
1169,5.04852201,47.3139723,79.39011358
1170,-122.199595,46.22741403,79.20100026
1171,-87.54932188,33.20235076,78.99366692
1172,40.41771004,21.28455662,79.39081486
1173,116.8189041,35.54111575,82.44737166
1174,109.1305861,21.46124012,80.09398198
1175,-69.65558952,11.42198896,78.80091378
1176,60.83947124,41.40389539,78.68083418
1177,-43.85729711,-16.72430129,78.67655643
1178,4.882195447,44.93297984,78.58690483
1179,-96.73637899,43.53598069,80.44935328
1180,-70.70125008,19.45889457,80.31349744
1181,-96.33278637,30.62712502,79.71712903
1182,-16.68874767,13.41799952,79.87810361
1183,2.110276404,13.51879739,80.26086305
1184,-71.95408234,-13.52907387,78.17852045
1185,32.61066069,46.65694618,78.29133736
1186,-70.19521049,11.69906227,77.88748645
1187,113.3796852,34.51189616,79.93584573
1188,-51.41828746,-22.12210436,77.75074906
1189,-55.91193307,-27.40775674,78.3836058
1190,-96.15356238,19.17274589,86.11045793
1191,75.33714256,19.88029794,77.28970218
1192,-87.86755833,42.57629971,78.21580091
1193,70.09488796,23.07083601,78.41090025
1194,77.70705491,11.37174228,82.16824561
1195,111.9779522,21.87556114,84.63803425
1196,138.851499,37.47002423,77.72573605
1197,-93.11932972,16.75629726,78.66383047
1198,113.8879512,33.8397399,77.71159438
1199,44.38218799,35.43697188,77.30534999
1200,-86.24973201,12.13505746,78.60198145
1201,86.12354378,23.67304687,78.06339836
1202,-106.7761036,32.31816268,77.22889021
1203,111.2010205,34.78329732,76.85881007
1204,14.17585311,42.44659281,76.78952698
1205,66.85582346,39.09395131,76.70095459
1206,20.59878039,50.85860086,76.69704973
1207,29.14782497,-26.53491201,77.83014331
1208,-75.95007361,42.10652969,76.56092673
1209,-76.15172517,-13.41784007,76.54983856
1210,117.8138503,30.93670108,89.76335321
1211,114.638968,33.60564867,81.13714514
1212,10.17680057,56.15967116,77.83156412
1213,49.64354495,40.58080682,77.69625932
1214,131.1504075,46.65100303,76.82240077
1215,103.606096,52.78464761,76.12580137
1216,-70.22435624,8.628521773,76.50653843
1217,44.67178853,43.05010518,76.99874356
1218,78.13665634,8.777873619,77.7443796
1219,44.42130055,32.48226421,76.72956402
1220,44.99097085,12.84647745,75.88964562
1221,-81.75301548,28.82339354,78.50395383
1222,118.8892207,28.93717241,95.6787078
1223,-73.13001364,7.098926537,76.78180601
1224,80.63993523,16.51322758,77.53055885
1225,34.5357013,49.59058804,75.38995265
1226,28.47803892,49.23128273,75.37496654
1227,-0.752882757,52.0319264,75.83173252
1228,-38.95491305,-12.24906998,75.64352929
1229,-77.36273138,37.2534112,76.23681136
1230,-69.27890655,-46.17340725,75.10536273
1231,27.51082503,-29.33091189,75.50918914
1232,113.1399049,29.38550242,79.57908626
1233,29.08627952,37.7771233,76.39131502
1234,-99.75692069,32.43895861,75.31776576
1235,78.14170316,11.66606119,77.47761085
1236,-0.895912337,41.65833527,75.80733692
1237,59.93643555,56.87152031,75.45289372
1238,77.74627105,20.92648126,74.3794577
1239,103.0768116,25.30946439,77.46507353
1240,120.1212339,30.87207332,114.1244112
1241,-80.89717829,-2.214220449,75.16741322
1242,-83.65748767,32.8311107,74.27298387
1243,20.50180965,54.71121506,78.97173152
1244,-65.27715371,-24.21196912,74.2294267
1245,30.33440939,53.89263843,74.70010817
1246,28.6339336,-12.98028614,77.09995228
1247,100.9241929,13.09986263,83.31156003
1248,38.88794344,48.14383242,74.1278185
1249,141.6001652,42.64270132,74.33781209
1250,-52.41293027,-28.26002928,74.00729263
1251,-94.94373236,29.37529704,76.22387345
1252,48.33686728,54.30031322,74.47964928
1253,-0.339670036,49.18292148,74.32169263
1254,129.748647,41.77641497,73.74604008
1255,129.3797832,36.00534807,76.41737118
1256,-47.56931533,-22.4156317,74.02853445
1257,20.77844249,48.09902511,73.61659989
1258,5.859766709,36.79879496,74.62340424
1259,77.31468751,19.16131236,73.58307144
1260,4.550327867,8.485491766,83.72339022
1261,-92.37529086,42.50172604,73.552563
1262,-94.15102545,36.14151159,74.90211257
1263,46.25840762,31.04591902,73.49654788
1264,37.76554684,44.72777959,74.27778389
1265,36.58519034,50.59776277,74.65983375
1266,42.16698847,47.5234144,73.26418926
1267,7.355515762,5.111631303,81.31708283
1268,25.9139102,-24.65407343,84.87925179
1269,-102.2882277,21.88143388,79.07097833
1270,74.5223083,32.50317887,73.45530456
1271,91.76757685,26.15715168,73.07928221
1272,140.3684841,37.39824977,73.02161516
1273,-114.3187324,34.49017212,73.23406419
1274,-73.99371769,41.98238496,72.87298177
1275,83.37055964,26.77083586,73.8473423
1276,-86.87849472,40.41400348,73.63210243
1277,-69.21473311,9.563084613,72.51771293
1278,-95.29833672,32.32650231,72.50888482
1279,-48.93268068,-27.09521461,73.25755555
1280,17.65762543,47.68576836,73.03989568
1281,-105.2454575,40.02386564,73.0628195
1282,-1.744075758,4.939464187,82.61557282
1283,33.66268677,49.02897299,76.24137706
1284,27.39684843,42.52149313,72.89530768
1285,131.9287919,43.12757434,73.1363756
1286,98.99497948,18.79368262,75.7682861
1287,-86.25032984,43.21257434,73.66433078
1288,40.69802757,-14.55109735,72.45683073
1289,131.956453,43.81451334,72.01114095
1290,59.78463953,42.90044048,71.82835718
1291,-71.23881154,-35.00440676,71.73306481
1292,35.89461856,56.85148159,72.42656985
1293,-63.19250467,9.742307132,71.63735397
1294,124.8246347,45.13856112,78.91647921
1295,11.02915903,50.99192075,72.95359622
1296,-67.82799468,-9.970045021,71.58918577
1297,105.9681008,31.63452614,74.50837974
1298,18.62239544,53.02512225,72.07893682
1299,42.76457442,18.28058999,71.51994494
1300,120.4335503,23.48649533,73.45834237
1301,0.473603892,5.809427971,84.62693346
1302,-116.9580859,33.75425225,73.50583882
1303,112.206045,31.01636834,76.82964138
1304,74.23260477,16.70761787,71.30671088
1305,72.37961529,40.5145662,71.56259314
1306,-65.26638717,-19.03304488,71.21110968
1307,-149.8791191,61.18248166,71.18696209
1308,118.3294949,32.30280843,81.23260287
1309,-13.20060191,8.441173897,81.196457
1310,-58.99758817,-34.14474503,71.39941481
1311,114.2752858,-8.535313519,71.02860825
1312,174.7331169,-36.76540755,71.2152079
1313,141.1411476,39.69100669,73.08215891
1314,103.3582294,23.39231748,75.86904194
1315,4.711985365,44.34953081,70.75651088
1316,6.659474161,49.76112366,71.5121747
1317,42.64477338,42.24358299,70.66781008
1318,-88.97554376,40.48889087,71.58901449
1319,44.35372814,32.02753668,72.37902208
1320,9.128294322,39.24386995,70.55016141
1321,47.48763971,42.95989771,70.5011382
1322,74.76722466,20.90719973,70.38940745
1323,21.22723554,45.74590633,71.1741169
1324,-92.11327671,32.51087,70.19278082
1325,-69.21909173,-38.93074881,70.19048348
1326,32.24501184,48.51636345,70.17164125
1327,79.42530324,28.37343436,71.28994332
1328,-101.1977522,19.70129592,70.12071115
1329,146.908609,-36.08163687,70.09880486
1330,4.772753803,52.64801144,72.17861934
1331,129.8618003,32.77238201,69.99173797
1332,-71.649171,-35.43124498,70.31401896
1333,32.64405014,41.20918405,74.38809533
1334,105.2749886,-5.410565289,84.25852971
1335,-54.80057319,-22.22973036,69.76479601
1336,131.8198005,34.04447503,69.70433477
1337,19.80995578,45.25460324,69.6699126
1338,5.073518238,51.56698872,70.44825764
1339,151.479583,-33.27993493,70.67383674
1340,-90.11971513,38.88277448,69.90282583
1341,74.73157896,19.10930516,69.96576556
1342,4.377894411,43.82038875,69.52124931
1343,-73.04035922,41.55193095,69.49540204
1344,-81.22236058,29.55398987,73.4826872
1345,30.52701539,39.77329566,69.36258295
1346,-64.21850057,8.901222756,69.27135771
1347,13.3817799,49.74872473,69.58109405
1348,127.475571,36.64700213,70.63446145
1349,78.0191205,30.32289665,73.66917516
1350,76.39179082,30.34798626,69.20825221
1351,-1.240765296,53.12960674,68.80182407
1352,112.6025809,26.89518771,83.32301128
1353,75.56210218,21.01308415,68.74210669
1354,46.14217845,51.48437654,68.69707348
1355,44.02029806,32.61925668,70.83264671
1356,109.6089444,23.09296245,77.2172252
1357,115.7642243,33.85981127,71.99216091
1358,-88.24936264,40.11097956,69.35467821
1359,2.836819286,36.51166039,68.68465605
1360,140.6407185,35.72126067,68.32159753
1361,-81.96327712,34.95966715,68.25337388
1362,127.125668,35.83843754,69.96339427
1363,114.1699712,35.91505318,69.5495844
1364,11.44457568,48.76000165,68.7018574
1365,9.676182889,45.04174287,68.40703651
1366,-43.17859074,-22.49020868,68.05475304
1367,129.4803117,42.89961608,69.93938647
1368,-96.72565594,17.06431015,69.53897022
1369,41.44428601,52.72211688,69.96718208
1370,48.5116228,34.80694665,67.67310473
1371,25.96493824,43.86555995,67.60857966
1372,30.08812451,-1.959015309,78.59670656
1373,34.80644302,50.91135909,67.37437018
1374,82.70386204,22.37309094,68.11074592
1375,100.0817275,13.81795572,68.5322134
1376,-58.72967152,-38.55332819,67.19652838
1377,111.263964,35.3987001,71.040026
1378,3.509222617,6.636342997,145.641614
1379,23.781605,44.33444372,67.38985542
1380,127.6948561,34.79022151,68.03946287
1381,12.235581,44.43390855,67.27672058
1382,-75.23281669,-12.05395425,66.91502275
1383,9.99240693,48.39156149,66.9109569
1384,13.61256056,50.54078027,67.08233728
1385,-103.2413611,44.07014073,67.07010072
1386,-121.8398126,39.74501026,67.07747918
1387,111.69114,29.01971218,73.48355827
1388,-1.674791616,48.10294708,67.28563698
1389,-66.01717936,18.24055165,69.09754865
1390,124.3708212,43.16548929,71.21003032
1391,18.54764163,4.384725647,73.72907738
1392,115.7461056,28.22547596,78.56777715
1393,-71.17759695,-30.59175444,66.45421266
1394,-119.3222246,36.32500215,69.88478755
1395,-74.56100422,39.38950202,67.41643302
1396,36.58133603,28.3864608,66.37817697
1397,117.9603429,40.18189143,83.7325469
1398,54.09129722,17.02227658,67.09968049
1399,-45.4206403,-22.92668199,67.44860451
1400,4.534821678,7.790601579,85.55911448
1401,21.26802356,48.69985797,65.94090657
1402,31.18861515,30.50697804,69.09842269
1403,6.611176746,36.36416881,65.70093057
1404,-3.023036795,53.82587354,65.91106018
1405,120.4344651,41.56985488,73.65808016
1406,121.4771883,-30.75697083,65.60575596
1407,25.63106976,45.64659963,65.58362523
1408,-102.3646327,31.86490973,65.5821974
1409,-72.95124887,6.7313345,67.50037306
1410,-119.2950712,45.86089626,65.33554227
1411,-57.99359102,-31.38702698,65.18096991
1412,120.8034602,37.8001757,69.91996727
1413,12.68346687,50.20911176,65.61733401
1414,127.5320498,50.27648464,65.25061207
1415,117.2025075,28.30455673,68.31619435
1416,118.9413279,42.27541041,72.54378996
1417,77.00559672,20.70766738,64.87404102
1418,116.1055604,24.29975162,70.27608814
1419,27.89165835,-32.9985136,66.2180857
1420,-67.59386188,-39.02254639,64.7599961
1421,36.46217981,45.34248621,64.72424318
1422,44.22531998,5.586406885,64.66419643
1423,-4.298004864,11.17927804,68.37860709
1424,8.670280615,45.4535454,64.90030701
1425,-66.33537492,-33.29666173,64.5627811
1426,118.3406932,34.3651579,74.40613605
1427,9.145309543,48.50726567,64.47807082
1428,15.22836099,37.12065814,64.38262591
1429,-86.62888305,30.42878591,64.71451594
1430,76.97321376,52.28914085,66.43381775
1431,74.19312709,42.84624372,64.32316795
1432,122.1405491,40.25323328,83.31766252
1433,105.579251,30.51278974,69.83271831
1434,82.60638317,49.97299011,64.55269768
1435,85.8295727,20.28271112,68.26235189
1436,131.0833209,31.74630915,64.20558774
1437,47.14525607,31.85568414,64.1311082
1438,-117.0219933,46.3993073,65.00489556
1439,-94.83552746,39.76112744,64.08895627
1440,120.9298251,30.86441807,99.39977682
1441,8.678589319,50.56478078,64.03803824
1442,-5.011025518,34.03713187,66.15418751
1443,85.18585005,52.53340314,64.76220746
1444,47.25083677,56.11914296,65.16963048
1445,127.1046024,36.81187489,71.51826343
1446,3.642674727,51.47216541,64.957441
1447,-2.689907092,53.73143478,65.29391143
1448,119.9191188,37.19162398,69.113304
1449,70.07541517,41.00765502,64.87890341
1450,122.3259759,40.42049167,68.71727539
1451,-51.9681914,-29.45308346,63.84601114
1452,-60.51116378,-31.75234187,63.47192518
1453,-89.25371985,48.41250166,63.45380667
1454,-1.465512606,52.91311624,63.4258524
1455,-64.29755898,-36.62273044,63.41778699
1456,112.722506,38.42952334,68.65399872
1457,112.7349979,32.10819197,63.59493437
1458,142.1404834,-34.178319,63.20467463
1459,112.4656133,23.06385684,65.80524689
1460,-94.0541701,33.43986969,63.3842105
1461,78.69048965,10.80716983,63.00232782
1462,125.1361545,42.91441855,64.5685048
1463,-71.63504221,-33.50548748,62.97927582
1464,49.63118129,58.60125126,63.63575664
1465,130.9749074,45.31835115,63.54144364
1466,13.44962097,43.59220483,63.2403892
1467,85.31873939,23.368336,64.47982081
1468,-87.00295316,34.59312019,63.95748136
1469,40.08031527,47.44915294,62.88562198
1470,142.7352285,46.97262633,62.85865635
1471,-104.719187,40.40581796,65.13116012
1472,117.2058413,29.29910957,69.92317833
1473,110.9744328,35.62907625,64.90907572
1474,43.49277096,56.24697972,63.75527133
1475,-96.38682994,42.4834615,63.10847762
1476,86.92946849,23.67177349,63.94224626
1477,-94.43404022,18.12971067,64.66614783
1478,38.23405377,23.98885681,62.615541
1479,-0.039963339,39.98644937,62.89416221
1480,49.70766127,34.08835451,62.91526448
1481,80.37093257,15.84101174,63.79497701
1482,17.26770044,49.60840935,63.36113985
1483,55.72780307,24.22312763,63.28507921
1484,-60.30948281,-36.92641434,62.48470587
1485,-74.05305407,41.49171156,62.47440403
1486,4.02908423,49.24756169,63.26025803
1487,-122.5208356,37.9517231,62.32615136
1488,-85.19490175,42.31607334,62.32071881
1489,36.08124136,52.97020981,62.82331681
1490,-83.88933718,43.60141852,62.60781121
1491,31.28052316,51.50596418,62.22755294
1492,-100.4619149,31.43956117,62.94952055
1493,6.588206822,46.52861285,62.78007099
1494,18.3729282,47.60074157,62.12575589
1495,37.20177703,19.61553312,62.09326185
1496,-1.146080872,46.14912034,62.31662241
1497,104.7326847,31.75073762,70.77420704
1498,129.7098732,62.03635733,61.97160978
1499,-5.270155391,6.829626614,62.3935771
1500,125.605296,7.086818385,63.63276112
1501,-92.10329717,46.75250173,61.93397155
1502,104.8545997,15.24072521,62.73799187
1503,-50.80326822,-29.60084863,61.89049494
1504,0.534231909,51.37155952,62.13987128
1505,24.7502925,42.14531978,61.84942669
1506,119.3977876,36.00332613,68.08125545
1507,-77.41680518,39.41277084,62.41488528
1508,-108.9995862,25.7886484,65.20155139
1509,32.06824909,49.41492587,61.64726844
1510,10.68301579,53.87290089,61.51648152
1511,141.496441,40.51764382,62.40965456
1512,6.130219828,49.62091071,61.39108464
1513,38.2697257,38.34894895,61.31942806
1514,117.0183953,25.08919036,70.22960247
1515,21.14575219,51.40036704,61.29480343
1516,-84.11303575,40.73776793,61.23084996
1517,-72.22998116,7.793869029,61.41535826
1518,-71.15548681,41.71820369,61.29590397
1519,73.3505851,22.80492693,61.58561243
1520,131.1849385,33.59377677,61.84383203
1521,116.977096,33.63495323,67.17549749
1522,-73.64454893,43.30769087,60.71770349
1523,21.89436478,43.32667712,60.6990072
1524,114.3900924,27.81125249,72.41034673
1525,37.59777167,48.84887236,60.64664396
1526,-99.86576897,16.87162455,69.20217882
1527,104.7606368,29.35581518,69.88790434
1528,114.0042723,4.413911874,63.49856667
1529,114.0263771,32.97718482,68.75145229
1530,-90.71795625,29.58976579,60.77853625
1531,141.0252065,42.37302822,60.35903551
1532,40.20902677,37.92092905,65.739668
1533,140.509901,36.21077801,60.28455055
1534,41.12124536,44.98825938,60.25359275
1535,109.2439438,-7.426815352,60.6187548
1536,23.04328135,42.589344,60.15375678
1537,68.75986324,40.50145126,60.13714588
1538,27.85994539,-12.54015794,65.12425911
1539,109.8730147,22.71798515,61.22940397
1540,76.63337581,27.54994976,60.04353419
1541,28.67097789,50.26487162,60.03413607
1542,-50.24244346,-30.24654869,60.01647321
1543,48.27576247,30.3608563,59.94796894
1544,-1.648998362,42.80943171,60.5752127
1545,31.1068005,31.57195356,62.13135695
1546,-74.53521484,40.00087196,59.91815652
1547,56.00076216,30.41528016,59.91525111
1548,-4.132308258,50.38895418,60.15374869
1549,-121.7635662,42.20886716,60.51444824
1550,40.62882114,45.41132333,60.71966467
1551,76.30368693,9.995014937,81.68923095
1552,126.675666,35.97529286,59.76731097
1553,114.5907025,-3.317496267,61.01821867
1554,27.58781849,47.15392328,59.72045024
1555,39.65022931,-4.036781953,72.05594949
1556,-116.8348326,47.71039813,61.99638678
1557,25.44437954,44.97542697,59.65811024
1558,44.98795396,39.54537239,59.64689637
1559,39.8850838,59.21799506,59.86620486
1560,2.649437138,39.56166868,59.63311274
1561,-46.56361645,-21.81082886,59.63064581
1562,-0.949519174,51.44110515,59.62916816
1563,31.16292445,-25.38662958,61.54527316
1564,-40.85382501,-14.86411618,60.3652421
1565,-70.76134403,-28.56798049,59.86575028
1566,8.209883776,53.14634205,59.46735474
1567,32.29026929,31.2271114,60.52164315
1568,48.38820225,32.41768523,59.39847344
1569,0.194612533,47.98305184,60.52311988
1570,3.713282125,43.44644923,59.33179195
1571,151.9374867,-27.56302949,59.27657974
1572,4.700948269,50.90156884,59.23655947
1573,-58.1902105,-26.17504947,59.22378704
1574,-91.48819083,44.81061177,59.21656362
1575,76.81269806,30.36500239,60.68570707
1576,31.17055016,40.845469,59.18207677
1577,144.2725645,-36.75503369,59.18169651
1578,118.3580642,31.68256406,62.05765785
1579,10.08598637,33.89402835,59.13790047
1580,73.98234581,31.69429246,59.13085013
1581,175.2670835,-37.77533014,60.77631109
1582,-75.24335525,43.1007111,59.35104712
1583,131.556363,34.04473115,59.03513193
1584,111.3138425,30.71885654,68.21537055
1585,150.5093757,-23.35471769,58.98114893
1586,108.3914468,30.7933357,64.84530189
1587,-67.76817579,-16.92337535,58.94696398
1588,-73.17161886,44.4777796,58.93869628
1589,-44.2411584,-19.46021252,58.92294695
1590,130.1546624,33.15305105,60.35528566
1591,61.10818633,41.30673272,58.77453844
1592,-86.46830084,42.07844395,59.04145557
1593,115.4297296,38.25876644,60.38292585
1594,9.937359069,57.04083465,59.1518994
1595,-8.70997062,42.21866133,59.23159697
1596,-0.883227885,52.24463364,58.58497063
1597,140.749339,40.8183353,61.15864488
1598,109.9821854,27.55622544,69.16150125
1599,-89.63073278,44.93021014,58.79024633
1600,113.3800924,31.7182315,64.59028013
1601,6.570973363,53.20269321,58.61518964
1602,-8.414119767,43.33096065,60.38220148
1603,27.95268265,45.25989762,58.15387125
1604,-92.33252266,38.94813423,58.14379922
1605,-88.94356425,39.85388458,58.39524716
1606,60.38989779,41.39268713,58.05312927
1607,42.50734404,3.378312288,58.02774774
1608,-81.30149967,29.85897676,59.50299437
1609,109.4790535,34.50020547,60.13666309
1610,-100.5198625,28.69800029,57.9129331
1611,78.7583771,28.85059768,58.20568463
1612,44.63286139,33.75139114,59.23509439
1613,125.9753581,41.74879823,59.02281431
1614,29.61776372,46.84005275,57.71226424
1615,18.36025192,43.84260937,57.70628249
1616,12.10664436,54.11330553,58.1321112
1617,35.88955407,48.53065347,57.60455373
1618,-48.45793905,-22.89206169,57.60210914
1619,128.3794555,36.11561461,58.968649
1620,54.35130919,31.8862365,57.55352914
1621,132.1396614,43.34791853,57.55033689
1622,-47.21033636,-23.10484707,59.87680417
1623,44.92335598,31.9955192,57.48645527
1624,119.7688133,36.38318488,63.9557332
1625,13.90827979,42.86790482,57.99701462
1626,35.80161738,35.53801031,57.64521011
1627,113.0394289,23.67802777,73.74807948
1628,112.3525102,28.58333579,63.2465162
1629,-48.47455481,-25.70438726,57.52529253
1630,12.16790898,48.56000166,57.00153545
1631,100.504653,5.64173223,68.48672079
1632,-92.93988443,17.99416955,64.30762859
1633,-104.8086204,41.13986938,57.30343797
1634,85.88138608,20.47811311,57.75083135
1635,41.12548719,37.91031954,59.30975005
1636,48.44627874,53.14348632,56.88555631
1637,137.5622763,-33.00532208,56.85675186
1638,116.3438215,27.96961359,61.71104284
1639,-118.7389608,34.27239806,56.75093241
1640,149.8457105,-29.4646882,56.74563503
1641,65.32800743,55.45603586,57.96339726
1642,24.88444521,44.85031543,57.04125966
1643,49.58447877,37.28137761,59.80615276
1644,42.04654909,44.22708516,56.72171054
1645,74.83479373,12.91691485,63.3623396
1646,91.43621287,53.71610506,57.15237983
1647,-69.59347149,-35.47504642,56.64078681
1648,134.2183516,35.49892193,57.32306636
1649,36.28078043,54.54059876,56.53661733
1650,-98.42875326,34.62062722,56.51913896
1651,119.7895428,25.52563043,74.61923166
1652,-84.15471163,31.58349801,56.2765212
1653,-58.80721205,-27.4874953,56.27458913
1654,37.89589023,59.13277683,57.80001708
1655,-2.991475334,51.60313646,56.74353442
1656,-55.7281153,-22.53843447,56.16559615
1657,111.9899658,27.74572321,61.45726036
1658,21.32323269,43.58963149,56.07772826
1659,-119.4379975,49.87908576,56.62712783
1660,7.50289654,6.450255867,60.31643212
1661,-102.112936,32.00514301,56.75278237
1662,60.84737926,29.50250242,55.97851461
1663,62.16879373,33.26015184,56.6945331
1664,-0.48057947,38.36621692,56.58873129
1665,-77.33808281,25.0412063,57.44668626
1666,104.1789495,36.55087662,56.57636574
1667,-50.44762423,-21.20356698,55.88278628
1668,45.42530348,35.56500218,55.87997304
1669,43.28813209,33.42916893,56.94520117
1670,141.2888928,38.42997194,57.54960978
1671,80.4287886,16.31140001,56.25617888
1672,26.64023146,-26.8684314,56.19856567
1673,45.39013125,50.1035082,55.8141306
1674,-81.30271228,35.71885634,55.77438571
1675,-45.40734106,-23.64183818,55.71669259
1676,8.871894155,33.74508772,55.67044752
1677,145.745085,-16.93381925,58.12414921
1678,12.29013654,51.64246948,55.89211099
1679,41.68771944,27.5234614,55.49636123
1680,7.735893164,49.45543091,55.437264
1681,-0.452811669,51.89399191,55.31874519
1682,-122.015043,38.26412809,55.65576872
1683,-55.53928276,-30.89427294,55.20830933
1684,143.8432484,-37.55704222,57.54586976
1685,30.19597373,55.19129604,55.88600278
1686,75.80971199,21.04631918,55.14154048
1687,149.1775835,-21.13097382,57.10762999
1688,118.4858214,36.70489797,62.3183826
1689,51.34626268,32.40033125,55.06263283
1690,-119.3145414,47.13094143,55.05999313
1691,71.5219017,41.22210979,54.96939764
1692,76.9294128,8.510067362,66.3823727
1693,27.81742996,37.8422346,54.95444212
1694,-120.4340836,34.92136972,56.66910992
1695,24.71412411,48.9178281,55.18680393
1696,117.1662976,23.7251217,57.25027598
1697,-114.6352,32.70076984,55.24326421
1698,33.77398135,-13.9575716,65.58670906
1699,15.75222281,50.04566658,54.7742051
1700,76.82791261,17.34397057,54.73247468
1701,100.3960825,-0.350517219,61.1168357
1702,104.0140511,1.131904596,64.95222583
1703,-64.15340207,10.44840062,55.50560901
1704,-1.810092797,53.67527404,55.16411427
1705,21.63660541,47.53173929,55.2302878
1706,113.0738164,3.204300347,54.62372142
1707,-70.92544554,41.65054115,55.25501156
1708,-41.97059731,-22.56430709,55.36455871
1709,7.709543774,11.09275957,54.55074426
1710,-66.85154562,-29.40964134,54.90809024
1711,137.8379146,35.50694662,54.52171373
1712,-49.07905453,-26.48773008,55.23204314
1713,10.3814113,55.39801189,55.10776196
1714,100.4686086,7.00469082,57.70384267
1715,-65.46798704,-33.67104768,54.28891651
1716,78.1162568,29.95028779,56.84948941
1717,-94.18602195,45.57370548,54.22111394
1718,117.4527055,23.71552198,54.50956774
1719,86.81719947,23.74825144,55.28031871
1720,57.19065953,27.40393443,54.03322731
1721,108.6082121,34.1043882,58.28344189
1722,127.458784,39.14902467,54.64879441
1723,48.29134503,38.2523979,54.31533407
1724,57.17328983,50.30017166,54.48677064
1725,-81.0038959,46.49043214,54.82231855
1726,32.27665818,26.02797875,57.37051039
1727,5.344587181,31.94876358,53.87497742
1728,-82.39865414,27.7330424,58.4274274
1729,109.3345784,-0.034454071,63.682327
1730,112.4988519,35.48382253,54.88668352
1731,75.62021036,22.6310076,53.75709023
1732,13.22647375,46.06407583,53.75186792
1733,-70.59230236,-17.91779871,54.15562693
1734,74.63891839,26.4519073,55.63230964
1735,47.09531612,40.36951418,53.70414164
1736,11.60340143,44.85824044,53.98325301
1737,-80.64848281,-5.207734287,53.63580126
1738,108.9954311,11.58125314,55.29787784
1739,104.3848631,31.12220555,76.01123589
1740,-86.3924821,35.84518615,58.1232032
1741,119.8353191,31.26273066,56.09865995
1742,12.48970318,50.71012062,53.47490487
1743,44.64747163,43.73420728,53.45830818
1744,130.337375,32.77804283,54.4741753
1745,57.05058576,27.16428823,54.14757376
1746,74.93911017,30.21539591,53.36457489
1747,-120.4723314,37.30716023,55.34392009
1748,-88.52893884,30.36365979,53.28558684
1749,30.28749159,36.34020777,53.61414068
1750,18.1654812,47.74791836,53.55744554
1751,70.65086446,40.1353415,53.2302197
1752,12.28769311,41.77133727,54.19129938
1753,82.2372331,16.9718619,57.70431594
1754,47.31273601,24.15747812,53.15483948
1755,-75.8373779,20.01919472,53.09104042
1756,21.31370918,46.18029201,53.93786016
1757,25.18856706,0.52298745,54.27738469
1758,119.8751224,-0.911689912,58.54635775
1759,132.907428,42.83323601,53.29836219
1760,4.892339543,51.14481448,54.33471377
1761,103.6139671,-1.613437196,53.8313987
1762,104.2678127,30.93865977,73.21676591
1763,22.29573564,48.60864861,52.96102824
1764,33.03749148,34.69361332,52.94089906
1765,34.59509215,47.50132954,55.55287206
1766,-0.258051744,52.5714949,54.75269678
1767,73.7706271,43.6438744,52.91520889
1768,-79.68731021,44.37364524,53.50736704
1769,45.34126703,15.43086236,52.78493481
1770,125.7008425,38.0364337,52.78177562
1771,-91.23407218,43.84005087,53.0549253
1772,119.8148028,31.3706042,68.11982545
1773,-48.9710911,-21.14620768,52.70944446
1774,36.01397538,32.86021918,52.98336541
1775,-97.45816997,35.21783552,52.60943408
1776,10.77140904,52.42408484,52.83068832
1777,6.585001128,51.08612699,52.50810646
1778,134.7613613,34.29380853,52.48148141
1779,-21.8792929,64.11298065,53.00838248
1780,31.13251643,-23.98662479,56.35521403
1781,-82.1457182,29.18405005,54.27868853
1782,6.817677712,47.49564985,52.35891463
1783,13.79707079,45.64200369,52.35079908
1784,72.67163341,32.07558102,52.7114198
1785,-121.6406822,36.68728283,52.3454609
1786,5.405963374,51.23492423,53.15049234
1787,-77.73824249,39.63634168,54.60490141
1788,-47.37879318,-22.35795005,52.27671094
1789,14.04353619,48.17001083,52.2653624
1790,29.20523091,53.15293052,52.47832429
1791,143.8790545,43.81656931,52.14423088
1792,-77.80750409,35.95272438,52.13729169
1793,-84.33598867,46.51780477,52.42563031
1794,102.6059783,17.97695601,61.05807954
1795,-56.87149615,-37.1084379,52.06230959
1796,12.64505934,45.97725272,52.33994201
1797,10.20983282,50.03909734,52.29188429
1798,-65.7681809,-28.4574228,52.38920101
1799,-88.56230524,44.01895025,51.96964018
1800,-92.47956699,44.03333517,51.95720491
1801,-105.1141908,40.1724176,53.85911147
1802,7.832585079,48.01250168,51.84767892
1803,132.2146565,34.17551593,51.8437203
1804,3.214141977,51.19869947,52.65051188
1805,4.147834,43.54282314,51.75575967
1806,32.65092433,25.68887073,53.67134105
1807,53.06260179,36.56239103,51.73902439
1808,121.5993566,23.98649254,52.8331454
1809,23.94101297,32.08081218,51.61786087
1810,-50.32488264,-27.80955411,51.94194584
1811,76.96732064,29.38810629,53.42500289
1812,-1.916730868,34.68259354,51.88891127
1813,113.9232025,30.92785951,55.55841833
1814,111.5343318,24.43169454,58.50167655
1815,-87.66992378,34.78818714,51.47124967
1816,73.3090585,28.0163015,51.84504543
1817,-98.74427408,20.10612259,54.67066987
1818,-95.25730858,38.96055399,52.78806943
1819,-52.43339882,-29.73242275,51.75759542
1820,138.259265,37.15361323,51.34714238
1821,113.541078,22.79737448,61.19155483
1822,15.54999218,38.19846698,51.31628794
1823,-56.98850492,-37.25571713,51.27890563
1824,39.70320851,40.99488593,51.58802195
1825,138.4690188,36.26858323,51.23926144
1826,-75.20208753,4.435975645,51.13825154
1827,-52.63165932,-27.09483362,51.127966
1828,-80.61506808,40.3653866,51.7426128
1829,-87.39735219,39.46769683,51.08739968
1830,-47.82003217,-15.6614205,51.07961704
1831,117.9683909,34.32523371,62.3870686
1832,120.0706988,28.92046813,65.29703734
1833,-72.92014317,5.745142259,51.03701911
1834,10.88350686,49.91684943,51.03623758
1835,21.9244651,47.06183122,52.19852419
1836,125.1560989,6.105142245,52.27979694
1837,114.9140233,38.71710731,51.29015817
1838,26.92285994,46.567056,51.19476723
1839,108.2219329,-7.331662773,50.87955967
1840,102.5968024,29.31360537,56.45375367
1841,47.87900179,56.63578794,50.77413007
1842,8.735387187,51.7287296,50.98242849
1843,-122.934267,46.13171744,51.00267457
1844,45.80949951,40.91634812,50.99880688
1845,-79.4457232,36.08247933,51.01201782
1846,-38.22445012,-9.405690468,50.61637041
1847,74.06451365,32.5825023,50.97660021
1848,5.924099706,45.57986289,50.60089375
1849,35.41214416,52.32942859,51.88891921
1850,-85.39756872,40.19540243,50.55751711
1851,-86.01813756,34.00029567,50.5258901
1852,132.9256897,48.78796981,50.5050146
1853,-101.3591963,20.67559801,52.0700425
1854,34.46901316,31.52095645,52.65641694
1855,45.19457433,54.18633477,50.71387351
1856,75.78775019,23.18073184,50.78868841
1857,133.0838995,35.45798829,50.70761502
1858,-8.754280354,41.40192502,50.62779437
1859,-121.4320969,37.73018227,51.29981349
1860,-13.60355143,28.95752732,50.26887939
1861,-87.11013885,37.7590111,51.6195077
1862,100.7239294,4.85501753,50.25686312
1863,-80.68948137,-4.890038577,50.25431457
1864,-41.96304316,-18.87002253,50.21933175
1865,28.84562418,45.34091544,50.20803655
1866,35.83034851,40.67473141,50.20394487
1867,-109.9415432,27.48295705,50.95317209
1868,-60.20964765,-33.35368554,50.90002699
1869,40.95018229,57.76770007,50.17354327
1870,-5.806719931,35.75787254,52.96051177
1871,-4.726609575,41.63504467,51.73438714
1872,23.60788401,46.77632526,50.70480024
1873,-68.78689469,44.79522539,50.07253658
1874,111.8918669,-7.570123216,51.27642526
1875,20.15058723,46.25625175,49.99574296
1876,103.7362449,29.5858855,59.29005019
1877,-67.68410074,-34.97564054,49.94909278
1878,-48.55946293,-22.29450609,49.92267214
1879,67.28543531,37.24583544,49.91790525
1880,-74.56532908,-8.383964991,51.17704756
1881,68.82323566,40.24462918,50.19321807
1882,73.4289482,61.26340393,50.65898705
1883,12.4595262,9.248520179,53.59228626
1884,32.52306364,29.96225365,51.27007744
1885,74.51168337,20.56142751,49.70330261
1886,-121.8431736,36.62974751,49.62686763
1887,10.91753352,44.6508763,50.19572515
1888,-8.432095607,41.55232878,50.191171
1889,120.8966546,15.30472521,49.51507506
1890,120.5693288,30.64421879,67.15802065
1891,34.3736679,47.58740366,49.65509969
1892,-76.53656664,44.24677266,50.23113718
1893,-59.14711132,-37.31006435,49.19282164
1894,114.7120316,38.34891759,52.22296459
1895,-120.3480579,50.68916824,49.40432298
1896,133.5051203,33.97820272,49.47106081
1897,-110.9447167,31.30989041,49.84135096
1898,69.02527543,38.55462535,49.05259349
1899,115.4737896,38.60017329,50.70074187
1900,12.23205753,51.84148703,48.99237954
1901,-49.00545396,-28.47018757,49.36825455
1902,18.22804085,46.07124159,48.96765142
1903,132.5807242,34.26370996,49.30754148
1904,-64.79573632,46.09512371,50.14058465
1905,8.011844331,50.91018675,49.17362547
1906,8.878153364,9.917244583,49.27791071
1907,3.485462746,43.31143349,48.82158126
1908,56.2929593,27.19323168,48.79658437
1909,-51.47917181,-25.38167528,48.77387314
1910,26.99103578,49.42322959,48.74923191
1911,-121.9838638,36.97294813,48.72255554
1912,-72.56138641,46.35833508,49.30937881
1913,-75.5216366,39.1475477,49.31860594
1914,-81.48984769,27.53854417,48.64779301
1915,28.99215434,47.77748185,48.60864206
1916,106.9191291,27.6876327,50.48143108
1917,118.6971694,33.70367872,60.33723662
1918,40.40110505,56.13972908,49.27073392
1919,63.63695834,53.2135653,49.04923441
1920,151.012238,-32.49060455,48.85599695
1921,76.76498973,19.27930838,48.48232451
1922,102.736279,24.14140048,55.89739713
1923,2.625504391,6.500515036,59.88545082
1924,-84.40767926,42.24451945,48.38446026
1925,52.87070497,36.47166881,48.69071237
1926,-42.52944539,-22.2726048,48.34521827
1927,4.856801549,46.78851799,48.33556943
1928,35.36726781,46.84695295,48.2837296
1929,44.17609863,44.78602502,48.24820032
1930,117.9484256,28.44974205,58.80128073
1931,9.922122033,51.54740895,48.23652596
1932,8.213347172,44.08707449,48.20280576
1933,67.09939488,36.71452594,48.19613522
1934,7.451008762,46.95315213,48.1893841
1935,118.869869,36.73762118,65.04232167
1936,43.45137995,44.14049329,48.15986268
1937,109.7697188,34.51617869,48.45441597
1938,-80.25752563,43.53804298,49.57768926
1939,43.04260804,9.956801447,48.42991999
1940,105.755471,10.05373127,50.1000834
1941,-94.49714628,37.08869259,47.96441563
1942,15.21800862,38.16919221,47.95917292
1943,109.4857935,18.27803959,57.70365997
1944,-68.28215467,-46.57689783,47.93112731
1945,-121.9686056,38.36109361,48.50845264
1946,25.4101286,-33.77207216,48.16154478
1947,-48.28218918,-15.7524383,47.76334563
1948,-104.6588145,24.0245245,47.73141232
1949,128.1036641,35.18517376,48.77077882
1950,-37.33750571,-5.183478336,47.67805731
1951,72.32402837,31.27763055,47.65835879
1952,5.676927097,5.904170031,54.4247684
1953,-121.2976755,44.05503431,48.22864739
1954,4.066508702,48.29734103,47.55353627
1955,40.57103819,44.89092061,47.55199114
1956,-82.53145367,40.76113211,47.8606661
1957,-6.589994499,34.26623357,49.30630726
1958,75.98871927,24.63709278,47.50633034
1959,-35.89658315,-7.229758016,47.4980983
1960,38.45347766,55.82313062,48.94688382
1961,14.33496414,51.75641539,47.48339034
1962,88.4177312,26.72392726,47.46482314
1963,17.07388101,-22.56180105,49.82865633
1964,-83.80509644,39.93090478,47.45555134
1965,-64.3467218,-33.12196477,47.43885608
1966,-67.47872474,7.889288999,47.42750031
1967,-89.76823278,30.2673201,50.74498658
1968,77.70862064,8.724408013,47.32931554
1969,117.1343135,28.95522731,50.26997484
1970,-68.11083781,-38.20154249,47.26304464
1971,119.7549483,49.22946592,48.09618424
1972,38.11601692,45.26816418,47.5462868
1973,21.75130145,38.23821636,47.23962544
1974,67.89879961,38.25881159,47.22645994
1975,73.09556279,30.67187737,47.21799196
1976,115.5123708,39.33468513,50.51966552
1977,-83.92396218,9.856699634,48.4443527
1978,46.70678918,43.85833518,47.14556276
1979,58.85549045,43.05083521,47.14175574
1980,-100.8137532,46.82000173,47.12941145
1981,-64.24345701,10.58705675,48.3358805
1982,114.6967938,23.75347487,70.17938193
1983,-2.458340435,52.68426075,48.0792071
1984,29.45485273,-23.89249544,48.56268918
1985,35.02374871,-15.78603378,47.75565819
1986,25.34359644,50.75184266,46.88562994
1987,43.11314897,44.20515534,46.87428062
1988,39.73019954,47.13323088,47.44352553
1989,29.65173404,-4.875223478,48.97779037
1990,46.12522244,40.81759456,46.84475233
1991,8.333401558,4.972957947,51.52540475
1992,117.8606652,31.61536692,53.70007756
1993,101.7216417,26.57739325,49.44140058
1994,109.2333218,34.39659313,48.16823749
1995,-67.93120106,-45.87072106,46.74572961
1996,140.010649,36.90576193,46.70429766
1997,-44.48905909,-22.47647855,47.88033206
1998,2.45737222,49.24995143,46.95119556
1999,5.231837829,13.0456876,52.08170493
2000,9.694504607,48.68292848,46.62889487
2001,-71.35035157,-41.14467068,46.61657403
2002,8.589690259,53.55343552,47.38214654
2003,114.0030011,33.38711765,47.65618243
2004,39.01062557,35.95155689,47.96735639
2005,105.4389671,28.88736804,65.69548183
2006,38.80624125,37.16630113,50.31164317
2007,-69.25168068,-51.63011886,46.5447113
2008,-77.49849444,38.28895134,48.55676735
2009,-49.88270294,-22.98396441,46.91859121
2010,151.2574321,-27.17274121,46.51760537
2011,109.0653158,13.902384,46.91752547
2012,-105.2329053,20.67054875,49.66805746
2013,121.310107,30.73115316,70.77258936
2014,17.9405313,50.66348197,46.70031902
2015,102.1987206,38.50887887,46.39378665
2016,11.00701617,59.24488218,47.01658428
2017,-2.12782698,57.15357875,47.03833849
2018,115.5604048,37.56973249,47.6638696
2019,-99.14597781,23.74018627,49.01008558
2020,3.168473065,50.93446235,46.97592108
2021,-89.01341688,42.6864745,46.15236797
2022,-70.05211792,-38.89836441,46.14588495
2023,105.5303248,18.97463734,47.75985896
2024,114.5265034,35.56123955,49.59634836
2025,115.2165323,37.92365404,49.47198683
2026,-77.3719738,35.59899207,46.43102062
2027,63.57843229,39.07711556,46.03138225
2028,72.8233086,19.41118703,50.86599755
2029,29.82816957,-24.44286265,51.0877606
2030,55.9545276,53.64879775,46.50966489
2031,10.80049237,44.54816848,46.2974815
2032,129.7485553,33.16341373,45.97999814
2033,-41.78003426,-22.36350125,49.50208733
2034,107.9354823,-6.368206022,45.88172332
2035,174.7844342,-41.2897248,45.86883111
2036,138.092159,36.04697186,46.86901802
2037,-73.44231647,41.40534232,45.78868427
2038,116.8827445,34.86775862,51.42174009
2039,-5.404552438,36.16060821,46.45509825
2040,-4.474382021,48.40312666,46.02659295
2041,18.71259754,47.76397848,46.01618604
2042,-71.41632379,42.45185375,45.6891821
2043,118.703166,25.37027095,63.87643645
2044,114.1228277,-8.522989886,45.66267671
2045,-71.18086855,8.580558812,45.65596427
2046,14.85634141,50.90902934,45.91462754
2047,19.69936941,52.55819115,45.59602227
2048,111.2775746,23.47428427,54.60749489
2049,27.21610282,-27.65680085,45.55917829
2050,151.0775661,-32.63458504,45.88875938
2051,-49.22515404,-18.41041233,45.47934144
2052,-80.34845637,40.98631148,45.42927035
2053,73.86167966,42.82315004,45.4213146
2054,-57.08777814,-29.75375204,45.41807865
2055,16.54157868,59.61666788,45.63324894
2056,-71.53086854,10.75308959,46.20999191
2057,6.93496727,36.86540617,45.69781402
2058,-61.9373504,-10.88024288,45.35088503
2059,-114.0209442,46.86131125,45.32763172
2060,-98.43631279,19.27723497,45.2507278
2061,79.48502048,11.55555869,50.27544711
2062,-79.35841598,-3.354320165,45.65536909
2063,16.2843797,50.80738109,45.19694867
2064,20.90495772,44.01273015,45.1687653
2065,-52.30401454,4.90762919,45.14255058
2066,110.9395717,34.75911679,45.14109257
2067,-54.6393232,-16.46082907,45.13539606
2068,126.4173055,34.79635637,47.94055209
2069,-44.12619591,-19.75728728,45.11972858
2070,-78.402963,40.48267106,45.11528469
2071,6.006517717,5.801182613,48.05532511
2072,-54.93529146,-34.90598459,45.414124
2073,43.37816271,38.50068614,45.05408019
2074,-94.16250343,36.34083548,47.04230965
2075,5.191895108,7.25259765,65.73055314
2076,-1.503710844,43.4969926,45.8661349
2077,35.93423615,35.1501324,46.33480551
2078,-94.81667007,29.29125243,45.62178502
2079,-106.4149883,23.24028045,44.86337107
2080,-120.3091474,47.43154932,44.849944
2081,3.418793476,50.60111946,45.94076074
2082,8.910629698,52.2834819,44.82347187
2083,116.1165762,-8.603533792,46.07592765
2084,11.1149368,46.08927953,44.77303028
2085,14.48012043,48.21666834,44.75859322
2086,133.8176958,35.47148656,45.10495376
2087,137.4581904,35.47474176,44.75338152
2088,-86.85000373,21.16265156,48.71087271
2089,-85.67635181,40.09644807,44.71226033
2090,77.79928214,9.470207624,44.70297723
2091,44.34568995,32.90833562,45.39064145
2092,-86.53327488,39.16163139,44.64442349
2093,120.6814938,23.94875995,44.62714317
2094,77.54415636,29.96653018,46.06642686
2095,126.9604044,35.95312716,44.8378777
2096,147.1374869,-41.43604547,44.47814798
2097,110.6874884,34.6987456,44.46764673
2098,-86.13394983,40.47475688,44.46660708
2099,111.0597106,34.70205248,45.17183136
2100,-1.782286245,51.57003166,44.73060569
2101,110.4501868,34.86541226,45.43631726
2102,-73.2770876,-3.760733429,44.78278083
2103,75.33166649,51.71922844,44.85233047
2104,20.96561696,50.0165641,44.28851825
2105,105.328354,-5.110893631,47.25758003
2106,86.15488066,41.75404782,44.26282594
2107,114.9919422,27.11465769,49.21213107
2108,150.9361206,-32.38189401,44.20385465
2109,52.35858446,36.46979381,44.89338018
2110,-1.677410979,6.196477711,45.47148935
2111,75.72576661,29.15388661,45.30773646
2112,69.15097318,54.8729883,44.16864411
2113,12.7198997,50.74686371,44.16436333
2114,-59.5994545,13.10479867,44.15474129
2115,-71.91318926,45.39846069,44.41664902
2116,112.6301165,-7.162335857,45.38420332
2117,2.033326052,7.180452031,44.53417858
2118,78.56117387,25.44905229,44.1046314
2119,40.72522265,44.63669163,44.08510764
2120,72.64760894,23.23110386,44.07925605
2121,18.48521933,54.53712263,46.53358373
2122,151.6075687,-32.76468088,46.90603355
2123,18.67322265,45.56227347,44.2896031
2124,-5.339491113,35.60826937,44.33134169
2125,-119.7527802,39.16123941,43.97832608
2126,-89.32069807,31.32736346,43.96957403
2127,34.88723099,36.916799,46.010978
2128,-80.25476589,43.15428759,44.55347244
2129,85.9380846,23.77410979,44.29403547
2130,119.7404828,37.06093962,44.5545125
2131,-1.402213026,53.23799167,43.86118095
2132,10.4127865,53.25446225,43.84446616
2133,122.1965275,29.98721991,51.25627575
2134,2.684612034,51.11785135,44.08723756
2135,33.08500921,68.95594056,43.78845821
2136,77.27943886,30.14089222,43.7617197
2137,70.88179552,31.86069677,43.72342162
2138,-8.678551629,40.63364625,45.34178178
2139,116.7403982,36.20945982,47.81367818
2140,27.3973635,38.62455334,44.30641674
2141,-98.21960204,19.32129912,43.62316336
2142,-8.459051577,51.89187144,43.6187402
2143,4.721882282,44.55264266,43.53487925
2144,36.75939993,35.13978714,43.53149264
2145,41.2660265,39.91035554,43.51377316
2146,-62.08994061,-38.86057177,43.49350512
2147,-73.63047811,4.134398859,43.48420301
2148,-5.552124464,33.89105416,45.95888902
2149,1.165541534,52.05447306,43.46234845
2150,7.822492487,43.83095423,43.44320389
2151,12.56029322,45.4872703,44.04626581
2152,103.104453,53.14146973,43.44190532
2153,117.3974629,40.03295654,47.38577944
2154,-79.25622384,42.99885454,43.72122417
2155,86.96516789,25.25119307,43.40026231
2156,86.17427096,54.67696501,43.38392337
2157,-3.485258383,36.7291688,43.36839572
2158,116.7132574,39.09250204,58.69159722
2159,-4.052057302,36.7589307,43.35186999
2160,86.06293579,25.43646092,44.49626299
2161,22.89808712,44.00285898,43.31962088
2162,116.991386,35.59207207,49.22874933
2163,15.65480988,38.11119999,43.60285567
2164,10.13070945,54.32209445,44.51383143
2165,-92.45939616,31.29244585,43.25246266
2166,-65.31612778,-43.25307438,43.54238911
2167,28.34316543,57.81604739,43.67097925
2168,58.33905297,51.21385572,43.18723018
2169,12.06403994,44.22059707,43.16251994
2170,22.001915,50.04498023,43.15604158
2171,114.2999882,29.85847942,48.7190066
2172,86.03975126,44.30690659,43.1000695
2173,79.98524601,14.45737482,43.07781
2174,16.46526992,43.52566611,43.0379451
2175,-104.8907437,21.49552743,44.22101508
2176,-64.46315822,9.440607798,43.01968162
2177,-0.646138127,53.58551733,43.76325386
2178,-66.05464071,45.27987268,43.29758075
2179,127.7128975,34.93463335,42.93509858
2180,109.0624884,35.05990657,43.57319679
2181,-88.45404956,43.77820233,42.85988748
2182,-97.60846684,38.82343955,43.85100062
2183,27.90764934,47.76148818,42.83491127
2184,101.5946985,56.14134031,43.02052428
2185,50.84143813,28.93969542,42.7732727
2186,17.5810228,49.2166683,43.04378942
2187,-51.06933849,0.048170265,42.7398101
2188,18.41637334,47.19069806,43.29701877
2189,113.9079882,-2.208662978,42.70892524
2190,-97.05169251,47.91779448,42.70761004
2191,42.33027718,42.16946709,43.02344915
2192,-80.60499031,35.45102677,42.6679085
2193,29.37015829,-3.377329598,49.92111993
2194,-87.64982253,44.1099656,42.62467044
2195,56.79874482,59.41353215,43.27085424
2196,-97.3632217,31.09224374,42.60764627
2197,77.69114466,29.47054336,42.55681999
2198,36.17633316,32.81673958,42.55146842
2199,6.110966734,45.91344073,42.51830964
2200,79.13373146,12.9348887,42.51693076
2201,-54.10934412,-31.32384572,42.87191593
2202,132.7337375,34.42500222,43.19515501
2203,45.00112736,41.55593628,42.46681906
2204,102.7926169,17.40657342,43.689821
2205,3.934325976,6.813003327,45.41721852
2206,44.17851667,17.51907341,42.43918163
2207,140.4763333,40.60545069,42.74946342
2208,-6.934684342,37.24005587,42.39921925
2209,26.87022982,-28.09508456,42.73202937
2210,-82.35253367,28.14657986,49.13553041
2211,35.89513025,34.91333554,42.59366835
2212,130.3628607,42.86337253,43.81570495
2213,-83.39646851,41.91073425,43.19635979
2214,48.02863671,39.86067909,42.22526605
2215,117.7416548,39.87552284,43.53539551
2216,2.398603815,47.08437672,42.50339976
2217,119.5803041,32.00416899,59.66211507
2218,51.90600924,47.09953875,42.78400865
2219,14.86813737,37.63588919,42.17932154
2220,-91.50858197,14.85613046,44.65523421
2221,120.6005256,37.71814725,44.1714894
2222,124.1156545,-9.961996002,42.95452282
2223,35.59794889,15.33194743,42.08247887
2224,80.26556651,41.17647631,42.06429975
2225,-66.5786712,10.46683651,42.04722556
2226,-80.4855809,41.22647631,42.03266198
2227,110.3440162,35.33208552,43.0793357
2228,-80.2204467,40.21302282,42.33897077
2229,22.45910207,-33.97760804,45.55609612
2230,-80.91607539,29.00952625,42.74492345
2231,-82.208413,27.05386615,48.09226412
2232,26.71359236,-22.41029425,42.75595803
2233,115.7297296,-32.53318475,44.49224937
2234,9.640038711,47.405673,42.24953081
2235,32.09659408,41.38993784,42.25194614
2236,70.93588178,30.99949066,41.91304663
2237,-47.18090154,-22.60086028,41.90787869
2238,35.30114081,32.70345057,41.88250884
2239,112.4315359,39.33062372,43.54149165
2240,-68.59799296,-32.71450659,41.87741806
2241,10.80488367,45.15561774,42.48078919
2242,26.82203279,45.15899938,42.17489827
2243,-88.82861476,35.64055773,41.87112554
2244,79.75532294,11.7471698,41.8678947
2245,-81.49539868,31.17756083,41.83612113
2246,-118.3445263,46.058097,41.81147875
2247,11.50287696,51.5800229,41.77531565
2248,-46.56061855,-23.12334453,41.75071279
2249,21.11703741,42.65783018,42.37830394
2250,72.91232963,20.37131689,42.94088727
2251,105.7259066,34.57408414,42.41274555
2252,79.91021688,27.87174491,41.68191044
2253,-44.94175377,-17.34288786,41.66227279
2254,-87.73501613,43.74558643,41.63994711
2255,141.6708205,42.82689583,41.63371737
2256,119.0282775,31.66498771,46.73600973
2257,-51.45527244,-23.54881621,41.6201841
2258,136.1527651,36.19680771,41.5828433
2259,8.085197791,45.55622158,41.88388824
2260,43.77915772,33.35891031,41.93655296
2261,-80.59250398,28.16144187,41.95051464
2262,-50.92884503,-17.79615582,41.56057888
2263,2.806851662,41.96827115,41.55947799
2264,51.39041282,51.22581324,42.09649589
2265,20.35826313,43.89235259,41.53914955
2266,-97.69089835,26.19429268,41.52685528
2267,-67.12051105,-17.97556758,41.51962016
2268,22.21119881,-33.59295483,41.46789996
2269,-87.86315473,41.14049675,41.43955068
2270,29.48696252,40.08472422,41.43161962
2271,117.093705,40.14398348,42.71062185
2272,47.79261909,52.00940323,41.91426629
2273,127.7392636,37.89651848,42.37298393
2274,5.659137595,51.4761379,41.60096144
2275,1.286226926,52.63950571,41.3272677
2276,-111.2930192,47.50475522,41.58922064
2277,32.05827465,54.78860583,42.52045899
2278,30.99642013,30.78631189,42.37302818
2279,116.8304775,40.3773168,43.54824356
2280,120.5180435,36.85264101,49.82593308
2281,-83.62653894,32.61659586,41.56106776
2282,71.74438648,34.17227235,41.19245359
2283,-79.78405573,34.18635281,41.89600902
2284,60.95936536,41.57213735,41.16978201
2285,-96.91903927,19.54518256,50.8262826
2286,-116.8580485,34.34669763,41.46315752
2287,-84.22563514,43.61995135,41.4144077
2288,130.5487449,32.89525082,41.43349879
2289,89.55014947,22.83990653,41.83653099
2290,20.67650712,43.7275271,41.03065583
2291,28.11863922,38.48886818,41.3623673
2292,20.95689495,44.63451674,41.02515829
2293,120.2150637,29.71280544,59.95782786
2294,-75.68340813,36.04625922,41.31383154
2295,138.000499,-33.171267,40.94733823
2296,-84.96695782,34.76551945,40.90600281
2297,112.707297,38.71769331,41.90263066
2298,65.49296282,44.85541225,40.8708105
2299,7.794784155,48.80416831,40.84495198
2300,40.54089254,-12.99667955,43.75683432
2301,117.2479766,34.9420999,42.22687426
2302,100.3638777,6.123788077,43.77761689
2303,14.3139415,46.6265114,40.79332158
2304,8.69177486,48.89814979,40.76924567
2305,81.20119569,51.52258926,41.02343205
2306,20.68749197,49.60862034,40.75151665
2307,-51.08278818,-26.23938214,40.74238803
2308,-4.943015477,36.50685242,40.73010078
2309,45.96634899,28.43225555,40.71482241
2310,-16.29753741,28.45447777,40.70644831
2311,27.34569878,44.20555739,40.70634184
2312,-84.28795837,30.45295693,40.66779455
2313,6.167381442,51.06516822,40.61725149
2314,-82.69980548,41.43340141,40.93437156
2315,119.9598044,36.77450778,49.19214019
2316,-59.86886074,-36.78128024,40.58774106
2317,54.43650192,36.84173941,40.55625313
2318,82.15337002,26.78231385,41.3195755
2319,111.8085335,36.86786936,42.94742295
2320,-69.74792108,9.057121293,40.95435371
2321,45.82528859,32.51175825,40.52327436
2322,113.471114,34.15270691,43.68830233
2323,12.52320658,52.41423311,40.48607031
2324,10.59415904,43.66391211,40.45126613
2325,31.38612791,31.04568418,41.52564863
2326,6.80224478,50.66227635,40.41976194
2327,-70.13784453,-15.48477469,40.40321456
2328,-42.96904143,-22.41445629,40.37960814
2329,-68.92851751,-22.45841053,40.36711288
2330,79.59330723,27.38530125,40.34132406
2331,-72.95700428,19.59033615,41.13290653
2332,39.86324878,44.7638907,40.32386877
2333,79.29498963,19.97383613,41.03628187
2334,-0.229536176,47.41105243,40.20566431
2335,117.1442257,-0.492460919,45.30258489
2336,116.6511548,51.58150154,40.43513727
2337,108.4551968,11.95729479,40.58134676
2338,-75.28271695,2.939276532,40.12399694
2339,102.8295864,36.34339295,40.12267662
2340,30.74268025,28.11297417,41.21266759
2341,11.246457,45.18990078,40.02939728
2342,60.09623525,55.04820099,40.02505041
2343,-122.3353594,48.44297785,39.99221208
2344,13.08354491,52.388598,40.77297289
2345,7.525313012,44.3694249,40.28660349
2346,53.26349642,36.63462857,40.31934758
2347,105.9142514,26.25737434,40.35197766
2348,2.304043634,49.8931729,40.23828518
2349,-108.1915259,36.74324926,39.91926351
2350,-81.54930949,39.28250203,39.91240008
2351,-66.89039568,18.0065505,39.8845623
2352,59.50865147,58.73197691,42.33827839
2353,23.519182,49.32529505,39.86229152
2354,132.9998387,34.04211533,39.83213793
2355,109.0293324,-7.69636134,40.6704201
2356,8.531286785,7.725978468,40.66764312
2357,-86.44942903,36.96896764,39.8035682
2358,-82.56104191,35.59027995,39.80213892
2359,126.2716544,39.58389091,39.7428751
2360,-48.19736922,-18.64855008,39.74035975
2361,-15.88872184,14.84566273,42.58996613
2362,118.1782927,37.18505958,53.03935814
2363,-51.51958061,-29.15667762,40.06428523
2364,-90.69188954,35.82478287,39.68728829
2365,16.61743041,31.06512581,39.68028465
2366,86.3042615,54.39942126,39.66097059
2367,106.2483376,29.27539551,47.12301731
2368,-86.84934583,35.92887643,41.72226376
2369,6.545825872,9.61587201,41.73362185
2370,22.27772488,60.45622878,40.23741406
2371,46.22125532,37.37902509,39.59179068
2372,1.263755376,45.8363654,39.57820187
2373,123.6186935,-10.16409174,40.82411422
2374,113.1112588,41.0368189,48.64285357
2375,-83.64378801,41.0470648,39.55242889
2376,-70.21328564,44.09596538,39.85428315
2377,24.33082516,49.04404926,39.52228538
2378,59.01728211,55.05760556,40.01598487
2379,100.5848516,54.57199509,39.49546012
2380,70.84115663,22.82083602,41.44760749
2381,61.48253002,57.01974338,42.04096657
2382,125.5516121,38.92055289,39.78038418
2383,115.6421548,22.95733601,39.82933441
2384,110.6608515,34.90491292,39.42984458
2385,72.94968124,31.73811961,39.40230141
2386,40.58631193,64.54724945,39.36905244
2387,37.70113863,48.52276736,39.35966408
2388,25.6224591,-25.84778948,39.33325665
2389,78.38345741,42.4905933,39.31947492
2390,-80.46938804,-1.056336937,40.16879401
2391,42.36212879,1.819568745,39.3013416
2392,81.78592703,17.0184057,40.50629417
2393,38.51471348,52.61105705,39.26000689
2394,31.75117078,30.27885459,39.25740284
2395,-51.70383166,-20.79089693,39.22370575
2396,41.63339277,41.61263855,39.85854509
2397,23.52942734,42.75040512,39.1581223
2398,-74.22048295,-13.16090013,39.14737746
2399,7.023543244,5.492575844,52.33515877
2400,7.350360153,48.08529579,39.40662829
2401,118.7793062,34.12825981,56.49315337
2402,104.6126489,28.78397681,57.86582976
2403,-66.40486565,17.98455149,39.88934957
2404,-112.4495995,42.88333522,39.07524808
2405,112.830064,34.15901739,43.33064005
2406,54.60165728,24.29033596,39.0445936
2407,73.45022571,30.82115017,39.04304436
2408,81.30865357,43.92784576,43.68335007
2409,-88.72492789,34.23886587,39.38636853
2410,-67.14583785,18.18993343,39.03072992
2411,-67.12674063,18.47656536,39.37364976
2412,42.85825828,44.03882459,38.96434581
2413,120.8153213,24.56766928,40.90857522
2414,-46.50990117,-18.59322482,38.94169438
2415,17.44799935,49.06854028,38.93871275
2416,-52.72904738,47.56971563,39.21452596
2417,36.7747388,46.77550678,39.2083038
2418,119.8425806,32.92685413,51.86499113
2419,-98.94548935,18.82864868,39.69886168
2420,43.67264257,34.62750221,38.85374496
2421,118.2111244,34.63871434,38.84858509
2422,112.1898031,33.04290351,41.72588454
2423,19.80679756,41.33583528,41.96233785
2424,-3.833609197,43.4412653,39.35000896
2425,-44.06094294,-19.58680117,38.7142345
2426,-75.63948158,40.24809521,39.03720632
2427,30.55576643,37.77185881,38.70789792
2428,60.37899038,25.41266925,38.69969688
2429,103.796322,25.51833591,42.53379626
2430,133.9961238,35.06704765,38.65050547
2431,-4.776542097,37.8851629,39.32750318
2432,34.65557317,31.81328849,39.00623987
2433,100.2354888,25.60283591,40.95826698
2434,110.7590035,35.15265371,39.31289826
2435,15.83487312,50.21869207,38.5909909
2436,29.46249162,-25.7723287,40.51519378
2437,102.82951,16.43324762,44.32114834
2438,-97.91805884,38.06323307,38.55741451
2439,122.8391806,45.62148615,39.42800922
2440,75.71461743,16.82970151,38.49790143
2441,116.3593063,35.40159309,41.29394638
2442,43.99082437,26.09350256,38.48328968
2443,113.4418152,30.37067546,44.03237802
2444,10.33669874,44.8056235,40.29429758
2445,101.1980443,1.282873919,39.73834293
2446,-54.71731983,-2.445088895,39.28580816
2447,10.17106727,49.76310547,38.39771971
2448,41.23302686,37.06354378,38.38404821
2449,30.12650126,49.7982504,38.37019326
2450,18.93700185,49.08161928,38.3643968
2451,-75.0752235,38.44963656,38.3562587
2452,-77.92477681,35.72750217,39.03775079
2453,90.46665585,56.25552218,39.53924238
2454,-75.70361528,4.816762667,38.75955295
2455,114.2712761,35.74371429,51.23107599
2456,8.552933634,49.13664379,39.16708706
2457,-83.97932202,35.7838658,38.31412983
2458,27.08165838,-26.711662,38.28212138
2459,-76.82375413,42.12444636,38.26979732
2460,64.37685804,39.98132384,38.20034252
2461,126.4614461,37.46741282,39.54547479
2462,117.3502967,34.56281086,40.65125088
2463,91.32571137,53.82383478,38.17435535
2464,-66.77881659,18.46409861,39.37624842
2465,107.4789949,31.20096389,45.49385929
2466,-53.74226696,-24.73086276,38.13276577
2467,3.927677828,7.843614397,41.08009969
2468,93.93340741,24.80280873,38.11116838
2469,-94.37098296,38.91718041,38.11057546
2470,116.9385115,38.94027982,49.12908376
2471,152.3420785,-24.86963826,38.09105497
2472,-77.40478805,34.7543232,38.79523855
2473,30.59037619,31.44343183,38.42671613
2474,-90.68514246,42.5050019,38.04246721
2475,101.535618,25.06012165,38.03343916
2476,94.89506476,36.41735063,38.01182837
2477,1.863445106,50.94916823,38.27477014
2478,7.596936941,9.015281017,46.02604499
2479,2.776502351,50.28810545,37.98492312
2480,119.0473095,37.9034247,37.96217772
2481,-6.236749375,36.56159305,38.28740193
2482,126.5247519,33.50369723,39.0052454
2483,-114.5995397,35.11821207,37.92439155
2484,24.5466064,46.53802257,38.19443387
2485,15.65741405,46.53815278,37.89821575
2486,-70.08028217,10.18176245,37.87592664
2487,-74.44496036,39.36411021,37.87327905
2488,-46.54462339,-22.94166215,38.25626858
2489,5.055825931,36.74038092,37.85586366
2490,4.86225106,50.46612477,37.84419678
2491,104.6353644,30.12099913,50.45083553
2492,-122.3125023,49.04595935,38.95662752
2493,122.5548953,10.7158365,37.81255658
2494,8.629696756,44.90672223,37.78749102
2495,87.30319969,44.00252916,38.05954016
2496,118.8328584,35.57855156,45.04347505
2497,85.37915605,26.13103997,39.24097084
2498,119.1086869,39.71030903,41.65503619
2499,25.65651955,43.09736299,37.68519047
2500,-48.05330389,-23.59270379,37.68144175
2501,-48.5711932,-20.55859487,37.67899177
2502,73.54309883,32.44182923,37.65743022
2503,25.71786812,45.14838889,37.6304194
2504,116.8551018,-1.252269077,41.44799693
2505,9.877037859,37.26235059,37.60127837
2506,13.73985336,43.25736298,37.90172865
2507,-78.86326162,-2.735981139,37.56932092
2508,74.85789797,26.58699233,37.93984405
2509,100.899711,12.92916975,42.93491235
2510,7.61193694,12.98676234,38.75760449
2511,-60.44175648,-26.79208717,37.49051002
2512,39.95026898,43.43194631,40.60602103
2513,-6.579010205,31.07197948,37.47317516
2514,-49.25825353,-26.86606675,37.84901373
2515,110.7748997,21.43342473,38.26102802
2516,-89.03284262,42.50317987,37.40949743
2517,102.2577539,6.126329113,47.17747854
2518,72.27096449,42.52408382,37.39717287
2519,50.00215129,36.28549598,37.38286265
2520,108.7573748,-6.871208246,37.772453
2521,-73.47794142,44.69037066,37.31578543
2522,15.6305691,48.19724526,37.31280717
2523,102.6291554,37.93250208,37.60869763
2524,-49.46775884,-18.97970579,37.23564462
2525,-57.64094692,-19.0175681,37.22737713
2526,40.26556811,48.32609141,37.2199941
2527,75.28593612,42.83877307,37.21097163
2528,13.50027004,-14.91731062,38.85597924
2529,-114.0264964,35.22901162,37.17230392
2530,-67.41989087,8.929927485,37.16715167
2531,10.07317315,52.62048272,37.15821648
2532,-85.82324095,33.65897661,37.15015917
2533,42.98733676,36.86080459,37.7972123
2534,43.84626298,40.79159554,37.09974909
2535,-47.656209,-15.63027355,37.07941936
2536,-60.57420349,-33.89550786,37.04962342
2537,133.1353688,43.13834933,37.0326481
2538,-1.088077933,53.96512701,37.03212466
2539,13.81309611,51.48883004,37.02843866
2540,-83.38830515,33.95448942,37.38049282
2541,126.6040082,40.97478266,36.99877516
2542,35.25428626,48.63506576,37.28116326
2543,125.749912,38.50780509,36.98109619
2544,5.970825895,52.2032158,37.24354403
2545,12.09204961,47.85820481,36.97831944
2546,12.07229624,50.88505058,36.9678911
2547,21.15514546,55.69780839,37.19146536
2548,7.45011155,52.27964437,36.91661112
2549,-92.01202275,34.21795095,36.91153829
2550,21.71848151,47.96028814,37.1948774
2551,-53.31303698,-23.77242453,37.63090675
2552,-82.42753366,40.05342462,36.84476624
2553,25.63662971,42.42255937,36.82213371
2554,79.80718658,11.94394252,38.49164317
2555,28.50655559,54.22094892,37.05881879
2556,78.18806439,42.46163983,36.79950615
2557,125.3175953,46.4102168,37.09578185
2558,-5.691038046,43.5307222,37.73286289
2559,76.58442851,28.89719632,37.16012988
2560,-81.97985086,28.93597183,59.29381445
2561,13.5549165,-12.38673833,38.42873725
2562,39.73438387,43.60134366,37.37816135
2563,-114.4673877,42.56451339,37.05668504
2564,51.20302747,43.63707813,37.97816577
2565,101.2793448,12.67670764,37.13516576
2566,176.1728253,-37.68363687,38.07315777
2567,29.86976111,-24.28714082,40.21666204
2568,76.21792453,21.31974912,36.69468471
2569,108.8485179,51.30024665,36.64094368
2570,-97.8909624,36.40070969,36.63729114
2571,12.72751422,56.03958469,38.3124402
2572,-91.54686026,41.66162474,36.61676041
2573,-81.00657447,34.95016246,36.5936057
2574,127.5057569,34.95224579,36.94464185
2575,77.49235081,27.22500251,36.58722783
2576,18.75300487,49.21314266,37.13846474
2577,116.2389032,36.59143295,44.47859993
2578,33.19847031,47.66236942,37.69670007
2579,35.37821108,14.04166971,36.51598842
2580,-75.02795874,39.44538081,37.16591183
2581,30.96851008,38.13194652,36.49431431
2582,10.08862234,44.03863178,36.49053625
2583,121.1863873,36.73231345,41.99043773
2584,-69.14597438,-46.02219401,36.45909513
2585,47.001914,35.30112398,36.43907572
2586,-116.6055025,31.86400233,36.43490679
2587,112.6878506,22.37445923,37.61901653
2588,2.819543969,49.41570675,36.42735428
2589,9.9937424,45.13416846,36.42550089
2590,40.14614504,35.34936116,36.76766504
2591,32.54866171,25.33271535,37.17548493
2592,125.6873363,39.65159292,36.3959171
2593,19.52385566,50.27474906,36.89424142
2594,25.60274819,49.55237341,36.60649625
2595,115.5430437,38.4973786,37.99484667
2596,-0.382191093,43.30718578,36.30573092
2597,112.0499883,22.94257515,39.04472328
2598,123.8417276,42.28706331,36.58245479
2599,-97.95553049,30.36692415,41.44309409
2600,117.0270715,28.23628719,40.4102993
2601,49.92391937,53.09845386,36.23748273
2602,111.6629883,32.37100231,36.59942399
2603,11.41128267,47.26760924,36.22390301
2604,-80.72341306,40.05341109,36.18682551
2605,120.3676016,16.0486772,36.59338529
2606,-47.8512734,-23.35126358,36.17602669
2607,-53.60816478,-28.64409248,36.11976441
2608,27.3874917,-26.39192797,36.08351876
2609,-97.45472552,20.52768796,38.48837403
2610,-69.64805997,-20.52860669,36.08254153
2611,120.434937,30.88937311,53.37333077
2612,33.41097631,16.69318475,36.06582487
2613,-60.95580542,-34.58863881,36.04458212
2614,78.74908385,23.84511134,36.04312165
2615,31.26165822,58.54166792,36.26343484
2616,73.72015652,32.94333562,36.37010129
2617,-71.81193615,-17.16098056,35.97851085
2618,13.76684008,52.8423324,35.93002323
2619,119.2065585,36.43670086,44.9083676
2620,-82.05009257,26.90718337,35.92451492
2621,28.23710407,-12.55144939,35.90052053
2622,103.9432426,1.048614669,40.1688966
2623,19.431851,50.15198877,35.88401993
2624,-78.77321833,-2.84146454,35.85848096
2625,-71.09866507,41.91666859,36.79333547
2626,21.39721417,50.94823389,35.83243934
2627,103.3156633,3.820836781,36.67677103
2628,147.3610163,-35.12883486,35.81289552
2629,120.8902054,24.69094464,36.58796911
2630,67.48722128,47.88078125,35.80733279
2631,12.23777967,44.15661103,35.80153844
2632,11.39142092,53.62226336,35.79897402
2633,105.0598844,29.58212047,43.62957768
2634,-62.99901983,-40.80597962,35.79036705
2635,30.33638048,46.1744462,35.76379501
2636,122.012025,39.62978597,37.40019098
2637,72.52971212,21.96491013,35.74063117
2638,124.1222314,50.42237338,36.23207236
2639,0.894706695,51.88750152,35.90893023
2640,117.5989661,38.52822533,38.65079684
2641,108.6511248,19.09356344,39.63748455
2642,51.41465741,33.99533557,35.58365231
2643,42.96113449,14.79874332,35.56807156
2644,-103.7274652,19.25151798,39.60032739
2645,117.9322593,35.71152178,38.34796548
2646,17.64582543,59.8593508,35.55064521
2647,47.71440061,30.38385655,35.51653184
2648,18.08292218,48.30725973,35.80138906
2649,113.0239013,25.79438663,50.92450957
2650,-43.22898274,-19.6255638,36.28596083
2651,-48.92620895,-23.10249548,35.45409924
2652,-1.601845371,52.78946227,37.79900193
2653,107.6056552,34.31483556,36.51546778
2654,-47.72806085,-23.12601399,35.44802458
2655,31.80915819,41.46053224,36.08497592
2656,131.6747324,32.57423699,35.43366938
2657,87.85452632,23.24305823,36.2048715
2658,-76.51753559,38.96643286,35.74614929
2659,105.4485997,30.69514126,35.77370279
2660,121.2720624,28.64796345,44.77178676
2661,29.47874162,46.82847395,35.34155663
2662,-0.081468549,53.56117296,35.59434757
2663,37.99703429,48.59892639,35.31407124
2664,10.22356204,52.31237713,35.57212466
2665,120.5917515,16.42374325,35.29424843
2666,-65.33552046,-10.79840867,35.28230613
2667,75.45011604,51.66982477,36.34783829
2668,-2.961043118,56.47387521,35.26414304
2669,26.57700787,48.68373821,35.25543762
2670,34.78818585,31.25034957,35.20384215
2671,5.719876537,58.92273331,37.65656252
2672,126.4221847,41.93235041,35.82504692
2673,33.35731905,45.20215696,36.07971368
2674,-72.84028206,40.79182296,36.77360716
2675,51.46102015,36.65155442,35.48718898
2676,119.478113,31.4336829,49.77661453
2677,49.63368647,26.99130687,35.13448519
2678,72.97517927,21.17879063,35.53134594
2679,112.9111549,35.0995022,42.84960166
2680,140.9922491,43.20163878,35.42737775
2681,-78.12937399,0.356406025,35.04599888
2682,-45.43977811,-21.56741978,35.04110284
2683,124.8494797,1.477137687,35.88985369
2684,21.2475726,49.00336185,35.03375362
2685,-48.36477799,-21.60700311,35.03174802
2686,-75.58958751,38.36923283,35.03001732
2687,119.5807172,31.74930789,51.43440717
2688,13.93394286,41.0466069,35.01385151
2689,32.92529636,-2.518797112,35.0137034
2690,-102.2014566,17.95765792,35.41724616
2691,31.06869311,-18.01462746,36.62728889
2692,109.3009805,13.07956657,34.99404293
2693,-72.63447399,42.33704736,34.96442688
2694,126.2405742,41.14938467,35.60719241
2695,117.8950084,4.266974974,35.80459341
2696,46.1664527,48.29624484,34.94972576
2697,-69.07701593,-45.59137389,34.93164782
2698,37.28063647,49.20363066,34.89427802
2699,-45.92765688,-22.23938945,35.2762795
2700,166.4568043,-22.24866975,34.87778993
2701,22.71781976,48.43818472,34.85360741
2702,74.62230463,25.34435444,37.17250537
2703,45.53423011,27.9829735,34.82612916
2704,25.37612815,42.63916856,34.79841201
2705,-48.543246,-25.53953242,34.79380649
2706,139.8384487,38.9214764,35.43412012
2707,117.7116816,49.45766291,34.71672174
2708,42.70862204,43.91607327,34.70564965
2709,121.0406794,30.65062294,67.5157989
2710,-16.92413847,32.65382174,36.12539191
2711,-83.44627579,45.06630297,34.64482964
2712,-0.178653026,51.13151197,34.88143674
2713,-0.561263396,53.21523779,35.10730006
2714,120.7288402,40.61643279,37.52242972
2715,114.6309665,-28.76412568,34.57590514
2716,59.62699659,41.87762538,34.57469458
2717,113.0253216,36.51300214,34.51433972
2718,71.73151509,40.76061518,34.5121008
2719,-82.54567056,36.53933547,34.50279612
2720,108.9783048,34.90876071,36.25997981
2721,0.497779238,51.28424634,34.49749424
2722,-76.32420287,39.49006612,35.8164254
2723,-40.36696295,-20.48672039,34.88902317
2724,14.47642665,48.97889508,35.6159995
2725,5.226760268,52.70997624,36.56009562
2726,-101.1911853,20.56947952,34.46987088
2727,-61.49530616,-31.25238877,34.46969843
2728,45.28146262,31.32101299,34.44510999
2729,48.48765753,36.6771688,34.4422553
2730,12.24489972,50.63221057,34.43320897
2731,7.927181748,47.33439436,34.42815016
2732,-75.99473686,40.95825668,35.70993993
2733,26.69860284,-26.95768051,34.38074084
2734,5.395313097,52.16121946,37.27766111
2735,107.2931087,21.02587485,37.9646358
2736,4.258106665,45.52741406,34.97066877
2737,55.67064275,29.44800967,35.09842488
2738,25.1337503,35.32508722,34.32683401
2739,-43.77393956,-21.21811571,34.32469509
2740,78.39137855,27.15935437,34.32029446
2741,33.51794018,39.84182893,34.64746245
2742,34.98821604,29.55326329,35.06268277
2743,5.418401674,43.51416853,34.31205407
2744,10.32385602,43.5599261,34.90992501
2745,122.2691546,43.61538064,42.970646
2746,11.59093149,50.91673437,34.22661583
2747,25.03971402,48.5244461,34.22467375
2748,-60.13404951,-12.73952841,34.20617091
2749,123.0572795,0.558336911,34.19028239
2750,-63.76675635,-35.66827729,34.18310007
2751,76.3427223,21.83672753,34.18219281
2752,-52.27269029,-27.64527307,34.17291072
2753,-3.367309325,47.74978983,34.15974468
2754,136.8692078,50.25551234,34.15449284
2755,42.50356253,18.21786001,34.14655231
2756,20.48662133,53.77182981,34.65412076
2757,-67.73912141,-53.77965843,34.13803233
2758,119.9998993,32.16764416,50.84404068
2759,37.32603297,44.92038871,35.34154136
2760,72.59646426,40.26250199,34.10946068
2761,75.5273834,32.32686401,34.44144501
2762,18.17178694,40.33349558,34.07419673
2763,95.71049367,56.21250135,34.0651956
2764,28.75264316,-25.40491963,39.4760788
2765,8.057384951,50.39234029,34.05738145
2766,-63.2456607,-32.41621851,34.0460155
2767,-5.843304068,30.38188644,34.4072964
2768,2.941857762,51.21898303,34.54600377
2769,35.85624137,34.43281472,35.04839521
2770,103.4835771,36.16182188,33.97422802
2771,28.44480874,-14.43729257,34.38241867
2772,-6.454590275,6.877294992,35.22558865
2773,4.91421218,51.31461795,34.47499185
2774,44.27880309,32.7520413,33.92112964
2775,115.3392324,22.97122361,33.91063432
2776,114.7045425,22.98033214,39.42879793
2777,1.397016554,51.36263382,34.43901111
2778,145.3941196,-36.37916161,34.22698554
2779,5.383846751,34.71805777,33.87234761
2780,14.02942772,50.6645177,33.86360857
2781,121.6819324,39.41789418,36.18352384
2782,-49.80682339,-26.12063929,33.85760371
2783,44.77591693,43.21697718,34.16500826
2784,38.92245059,15.3238851,33.83228443
2785,5.720305071,34.84236332,33.82226986
2786,8.104285405,53.54381459,34.07139172
2787,46.02643327,40.85545068,33.81331189
2788,-51.43905553,-23.40726291,34.19584549
2789,-1.330041869,34.89462026,34.15336654
2790,15.05698145,50.76398006,34.06527246
2791,-72.11182404,-36.61572623,33.77988253
2792,-123.9844467,49.18819608,34.06066076
2793,117.9402124,40.96025837,40.90688298
2794,-113.8041693,52.26953276,37.45263731
2795,-68.92960971,-46.54348869,33.74982398
2796,29.45105371,39.66593339,36.05704896
2797,-52.27551324,-15.8907478,33.7412294
2798,106.8072598,39.67737129,33.73655438
2799,117.3015404,39.7263909,39.00241601
2800,-57.67795205,-16.07875592,33.71031172
2801,31.42201535,36.78886267,35.0807484
2802,14.53189326,52.34648588,33.70191252
2803,6.638794618,52.36458484,33.68825087
2804,20.06553687,41.10593144,33.68710455
2805,144.8208203,-38.36849487,35.70423447
2806,-64.51105534,-31.42807485,33.67459273
2807,113.0928804,39.82099874,34.65794333
2808,-73.22949773,-39.8262203,33.994845
2809,-81.17396229,35.26823136,33.64949491
2810,59.2135321,35.29201608,33.639787
2811,78.60177537,20.75119325,33.62894939
2812,27.70232503,38.49883539,33.95958294
2813,71.67063808,29.39935428,33.62057428
2814,-77.97049019,35.37587024,34.65579965
2815,-121.7375023,38.55200206,33.93493027
2816,-73.90721578,41.28333528,33.59731523
2817,67.58013716,40.00498566,33.57851516
2818,130.7556035,31.73822697,33.56488575
2819,56.73516495,24.35804526,33.56081388
2820,41.36385478,44.84992605,33.55381901
2821,-82.3450965,29.64490982,33.91346083
2822,-2.228909227,51.85430047,34.60531456
2823,-87.62345141,40.13145624,33.51720917
2824,-72.6025043,-38.73982818,34.18231827
2825,80.84020274,24.57471192,33.50440234
2826,-122.4762029,48.76659769,34.06251496
2827,141.4536103,-31.9581473,33.48649618
2828,21.39335614,43.89321172,33.47883354
2829,-116.9320061,33.94122565,37.0307474
2830,2.153542097,43.93102036,33.45787278
2831,24.88165847,12.05583645,33.45728363
2832,84.99562894,24.8004871,34.61196819
2833,-79.16301424,37.39379462,33.4417591
2834,80.68711078,27.56799492,33.43659012
2835,36.54451748,40.33112944,33.42007838
2836,-51.72693603,-17.88566642,33.39505778
2837,38.74711769,48.05488674,33.38580618
2838,101.1445721,12.69791976,34.21168125
2839,36.93698112,37.57406672,36.76776159
2840,123.619944,47.2012444,33.63644479
2841,102.2393826,27.89129036,33.71853817
2842,82.15534666,22.07897097,36.50617207
2843,48.80788092,34.3045235,33.32866142
2844,6.006352209,47.24276487,33.31805405
2845,-73.80464261,43.06313081,33.30692148
2846,-86.21171759,43.06391697,33.30650317
2847,101.8248819,2.546905208,33.73198223
2848,-41.77147989,-2.905445002,33.2953562
2849,-77.90539026,18.47693376,33.69077842
2850,-3.750912847,56.00984435,33.52007362
2851,48.17397235,30.4460209,33.64576707
2852,69.86070429,22.33928842,35.64790546
2853,36.16353302,36.2210091,33.94893611
2854,25.34895012,13.61812806,33.25528957
2855,2.99503985,43.18435722,33.24193143
2856,72.94304544,22.54940746,34.0131637
2857,-82.36701779,36.32569659,33.55829577
2858,-75.50417085,5.060580321,33.21057794
2859,60.5846395,59.60899244,33.19532803
2860,-47.47404376,-5.520188487,33.18657261
2861,72.13908566,34.6726086,33.53759653
2862,11.75961877,48.37701316,33.17890671
2863,-1.962349889,43.30385407,34.74295104
2864,-6.176222231,36.44635631,33.50739761
2865,106.0402663,-6.02360727,41.23493084
2866,1.484762856,48.43879477,33.13910291
2867,40.74686617,36.51059242,33.47996099
2868,-61.05312976,14.61666968,33.52743967
2869,118.5184663,32.99927764,41.02665721
2870,-2.745122033,48.50646718,33.38100539
2871,107.743044,-7.041983298,34.36510007
2872,33.61976096,34.9229632,33.43795663
2873,-70.44347923,43.50086664,33.07152678
2874,150.9176719,-31.09490256,33.05675029
2875,7.577323005,49.43171066,33.0541736
2876,3.958742642,50.26930714,33.04327064
2877,112.0214627,-7.812923438,36.42406584
2878,-6.377958334,36.76111324,33.02907099
2879,-68.73682418,-38.39786901,32.99620507
2880,119.4168283,36.84132157,39.86852555
2881,115.6644809,-33.33151681,33.70281198
2882,33.09366964,48.67615108,32.98580214
2883,17.2080168,44.7888907,32.97816655
2884,58.46864125,23.60139154,34.93163183
2885,-72.08145857,41.35318822,32.91645263
2886,13.38514184,9.319127159,33.75238452
2887,10.51773929,44.92299563,33.20733059
2888,114.71691,38.60927076,33.90821304
2889,106.486269,20.41941335,33.70049936
2890,-112.812079,49.69484625,33.71420755
2891,-52.38175114,-24.03293195,32.86214883
2892,42.88535433,9.84669124,33.28013505
2893,12.59927391,48.88663958,33.13250034
2894,6.163201773,35.55292771,33.18374593
2895,28.98451545,-24.16646369,33.610405
2896,-48.4818142,-20.94440613,32.78711483
2897,122.9569323,10.66421258,34.03693293
2898,117.9508939,33.90362543,39.53913349
2899,25.48492768,-10.71954725,33.19060238
2900,-73.78734399,42.90769419,33.07537357
2901,28.77591757,45.18071167,32.75654212
2902,-95.34370906,35.75470075,33.10147607
2903,9.158480088,45.18781043,32.7525115
2904,-3.015501871,53.61770979,32.98964828
2905,-52.14435697,-32.06342104,32.72164809
2906,6.439977923,48.19890518,33.29347202
2907,-74.20224782,11.22639204,32.71578026
2908,-46.87958866,-17.21332904,32.6987214
2909,70.45131112,21.52977916,32.6602116
2910,-68.50826204,-46.43688848,32.62869082
2911,26.02161874,53.13273957,32.58798881
2912,-70.91792764,-53.142653,32.58054162
2913,8.730498403,47.50759099,32.57156337
2914,-47.42815571,-22.00416219,32.55490158
2915,-67.80035171,-37.87968238,32.54932994
2916,15.73642379,-12.77125657,36.70443648
2917,-47.38831831,-22.18566624,32.91053246
2918,113.2838297,22.2011206,34.09653451
2919,118.6832364,39.50774011,37.13346668
2920,6.744063043,43.42452109,32.48795665
2921,91.88054468,25.58274067,32.46276555
2922,-48.56636705,-22.49115404,32.44449655
2923,-121.2807315,38.12986319,33.11641532
2924,72.34002614,34.77590801,33.14384495
2925,-50.41799299,-22.65700769,32.40636908
2926,31.18540822,30.96553266,35.67546992
2927,7.795402093,50.4651852,32.63461129
2928,-49.11272453,-5.355478642,32.76983291
2929,6.837492527,5.954608625,32.31165914
2930,113.4036115,35.10869785,36.8758012
2931,-105.225871,38.44132151,32.30369655
2932,-91.38682327,39.93512105,32.29418284
2933,-2.952180995,35.16685002,32.28701232
2934,-49.3886957,-26.24642392,32.28450688
2935,4.730739737,49.78319126,32.26311757
2936,127.9275586,36.98697021,32.59005752
2937,151.349709,-33.4182358,32.2371733
2938,13.82365044,50.65247333,32.23322229
2939,38.96449741,46.09660669,32.53098708
2940,48.34619457,33.48250226,32.21373782
2941,-90.51937858,19.83604447,33.01810786
2942,46.16514247,31.43447204,32.20832644
2943,6.20766799,7.569740139,33.90166483
2944,-65.0497595,-42.7615143,32.52092095
2945,-116.9493615,44.03766209,32.16166779
2946,-47.60972752,-15.46206843,32.16109998
2947,-47.32767625,-15.54711116,32.14819071
2948,-2.204931354,47.28492595,32.99914512
2949,-89.55062419,37.30239572,32.11519951
2950,-86.88650372,41.7001686,32.42217475
2951,127.949899,37.35895601,33.11603413
2952,7.8549032,48.33393024,32.0615815
2953,16.3427553,-9.543417071,33.30945235
2954,118.6237199,35.78478478,33.78612471
2955,41.85744727,9.601538304,32.4607316
2956,139.9270262,37.49335316,32.7165412
2957,111.1272047,37.51516167,34.751045
2958,45.51951712,43.13652148,32.01221504
2959,111.7305439,27.27381203,32.38106947
2960,18.84286242,-34.10656911,36.96022919
2961,-96.59132278,39.19097425,31.97093513
2962,-68.04167114,10.46886283,31.95568798
2963,119.292488,42.04066858,32.89109306
2964,108.1045937,10.9453979,32.32659549
2965,78.07652476,10.96031018,32.32501881
2966,47.02949772,40.76828428,32.22940674
2967,34.09506719,47.66735018,31.89362394
2968,67.33952263,24.83099854,31.88183949
2969,116.5443722,36.21377027,33.60585326
2970,-114.7801162,32.46155533,31.85714669
2971,33.36372603,46.75617457,32.14449222
2972,39.91294575,47.77583502,31.82808321
2973,150.829709,-34.56582835,32.87269287
2974,10.62034494,44.70112361,32.41572579
2975,12.13332565,50.49827744,31.78966515
2976,112.0825641,32.68617654,34.66792643
2977,19.68685099,44.75545053,31.77489938
2978,-67.58016323,-28.06547147,31.7739193
2979,27.8954778,39.63958535,32.10015484
2980,119.9698523,30.54932408,34.7187925
2981,19.68702905,46.90324246,31.7636871
2982,143.0683204,52.12444596,31.75237702
2983,-123.3311689,42.4340019,31.73750964
2984,130.037677,32.84110077,33.16682592
2985,77.80941951,12.74802941,32.95373736
2986,109.7461764,38.28360136,31.69855611
2987,141.2764871,42.51216857,31.69846832
2988,99.48171959,18.29134902,32.10083013
2989,-119.5939352,49.8506595,31.6631788
2990,-60.2880367,-38.37614735,31.65877225
2991,125.9906324,46.0766527,34.0357111
2992,-50.94048135,-28.50316986,31.64628154
2993,114.5299125,48.09144107,31.63674286
2994,116.086247,38.4389205,33.65059578
2995,-48.80500525,-22.59645383,31.6295811
2996,71.13089273,39.96232839,31.62273569
2997,119.9231469,30.9946729,54.04947322
2998,115.7103143,36.8465601,32.3052335
2999,-92.44287387,35.0862059,31.61584963
3000,29.21969884,-1.670379216,37.59555833
3001,24.34774824,45.08686077,31.89846712
3002,22.30749191,48.16659258,31.59103038
3003,63.04988865,26.00986028,31.96340482
3004,12.63392087,41.47729786,31.56615272
3005,122.5169924,-3.9978566,31.5525652
3006,12.28797308,45.17724538,31.54522983
3007,-71.28818462,41.52372643,31.54386768
3008,-121.7639208,38.67633184,32.20018485
3009,61.9287782,56.40063266,31.51195774
3010,0.479441933,51.73397046,31.49323662
3011,18.08763332,51.75671057,31.47755092
3012,22.16764343,48.38735015,31.45643791
3013,-59.65774291,-29.1494,31.45446522
3014,38.2925988,54.00336165,31.42335024
3015,18.97972689,-33.70719202,31.41745171
3016,12.49482563,43.08233521,31.4119233
3017,128.9071057,40.44149504,31.40349534
3018,7.936734907,48.48341075,31.3977246
3019,-90.20859203,41.83410057,31.39437178
3020,-105.9697252,35.66435403,31.39415809
3021,-73.85214389,7.068133948,31.39348509
3022,-50.84722739,-29.37102697,31.38776164
3023,11.9149777,50.30548404,31.36751365
3024,14.98174507,51.14540385,31.35677601
3025,4.741321439,7.630070862,32.20233765
3026,141.7664871,43.20150187,31.35163069
3027,84.89206457,44.42720771,31.33793786
3028,106.3406937,20.25160535,32.12959478
3029,15.23818663,52.7386126,31.31734019
3030,114.59401,37.60145137,31.30859867
3031,14.43139466,27.02733992,31.3056952
3032,-82.42691832,8.421287047,32.14126621
3033,23.13071221,52.03029813,31.2884362
3034,88.2520726,24.1166693,31.27731059
3035,31.17875172,27.18323422,33.16895985
3036,-94.9195956,39.30470061,31.25496431
3037,13.27833926,53.56004244,31.24178374
3038,102.7460304,24.30771096,33.18369043
3039,-69.13254948,9.354395118,31.21792597
3040,121.0338421,40.85694641,34.78718564
3041,37.62558653,49.69598376,31.20600536
3042,40.20514992,29.97281986,31.20427222
3043,-156.4791676,20.88322926,31.20017387
3044,72.92744715,20.9509643,32.78593945
3045,58.79323119,36.219354,31.17830771
3046,68.74599699,40.92968946,32.15234075
3047,112.447905,34.41988859,39.30331989
3048,-51.33750515,-30.12003488,31.15886073
3049,170.4929347,-45.88509072,31.15586732
3050,18.94456751,46.94174701,31.44736243
3051,-47.99861639,-21.1370682,31.14836806
3052,71.23123995,41.00833529,31.14125404
3053,44.0736577,43.62850185,31.44566279
3054,42.1228145,57.44894409,31.57441684
3055,28.20545463,36.394354,31.10962992
3056,20.66020439,44.85858024,31.10892748
3057,69.82779613,42.42729782,31.10603729
3058,27.35741924,38.16884265,31.07229007
3059,-2.239556291,53.81058888,31.0581965
3060,-76.73125413,34.719131,31.40211627
3061,34.34407037,61.78651429,32.05570639
3062,12.70163958,32.76579686,31.02952616
3063,109.9465793,34.78371433,31.02542303
3064,-122.2965603,38.30235714,31.35339653
3065,12.22981257,45.05122729,31.61439109
3066,117.7382288,36.66379843,34.10260505
3067,-110.671729,50.02634088,32.10269694
3068,-15.61025432,11.86475538,34.73572736
3069,28.78638054,36.81861324,30.94192205
3070,23.80749185,61.48116781,31.54661595
3071,-47.94232984,-18.16600445,30.90346769
3072,-106.3157342,42.84022297,30.90331377
3073,12.37099231,44.10900184,31.50553647
3074,-90.18257935,35.15719916,30.88682779
3075,31.87652661,51.04071793,30.88524086
3076,-76.9063447,38.6248209,31.88743003
3077,59.9046779,41.66493249,30.83360353
3078,118.9765621,37.1089836,31.51137061
3079,-121.6484283,37.13083545,30.81740814
3080,30.21857267,13.18457514,30.81524452
3081,71.64325917,22.72660525,30.81027509
3082,-85.40615458,31.23075632,30.80962675
3083,116.8310066,37.20065026,33.526897
3084,48.15929938,40.36037433,30.78575368
3085,16.16249215,51.20109804,30.77933696
3086,73.39383907,31.35178806,30.77086846
3087,111.8439698,2.281022027,31.6030599
3088,-79.96157808,-3.25948701,32.00438696
3089,-71.52134788,43.20586922,30.72243023
3090,106.3545175,39.01232088,36.39352563
3091,-89.55233695,44.49800182,30.68674136
3092,50.32650594,35.71136581,30.67874571
3093,100.6061825,14.34335888,40.1989499
3094,128.1418736,51.37975301,30.66106824
3095,104.8576969,26.59312754,33.33976211
3096,-7.904705465,40.66143814,30.97612311
3097,-73.63587027,45.7216521,32.7482804
3098,124.6336999,49.7284107,30.62853047
3099,76.5584943,60.94252399,30.82891123
3100,22.91347228,45.77802464,30.6147843
3101,-58.29745857,6.004170027,30.60835055
3102,1.024992759,6.053012617,31.03075112
3103,42.6579772,42.15052275,31.24104044
3104,103.2541553,23.72660521,30.58554224
3105,109.2159072,23.73237445,36.46569607
3106,29.37424376,-23.83279459,31.73647209
3107,76.99033525,29.69359997,31.66258355
3108,122.73623,47.9986652,30.82856801
3109,4.596410745,51.56951908,31.0707478
3110,-85.19254255,34.26308362,30.506942
3111,98.38378516,7.883799581,35.9946846
3112,-55.79145234,-20.46885523,30.48130413
3113,69.3435184,41.04760834,30.4745707
3114,4.585884429,51.66937288,31.00291779
3115,113.7378758,34.39661075,34.70834893
3116,78.03275995,15.82421468,32.10583346
3117,-48.40438026,-27.45395364,30.80802222
3118,-82.67180622,34.52374253,30.41381253
3119,-41.13070731,-20.84846048,30.40703734
3120,16.62419085,47.23333504,30.40076088
3121,112.3454248,32.52123246,31.4745527
3122,-77.01835518,41.24087074,30.38625971
3123,111.5124883,32.54365309,31.46711292
3124,-70.60301364,9.333568041,30.37596715
3125,-60.97241467,-16.38772097,30.37495321
3126,107.5827588,16.47736781,33.64400409
3127,36.11804691,32.63968483,30.34995592
3128,-80.47375398,27.78250249,30.33852545
3129,-86.43445496,30.38607962,30.70628288
3130,11.60249234,45.21700179,30.31105138
3131,29.03129506,-25.11463215,31.03406814
3132,135.5671385,35.02393631,30.93649302
3133,13.24840136,50.38947128,31.03757666
3134,47.38675991,52.0528524,30.47768425
3135,126.7527655,42.9753491,30.2072984
3136,-0.469524725,52.12434362,31.48903866
3137,38.80895589,58.05505178,30.36855759
3138,77.49694916,17.91407946,30.13229436
3139,-94.55619711,17.99471009,31.74700317
3140,72.61841095,22.32149394,30.10640279
3141,8.499462157,50.56719855,30.10184117
3142,12.14983799,49.69043371,30.09490413
3143,-1.037007159,45.63100177,30.09249938
3144,8.108616507,35.41482776,30.09067026
3145,77.79665635,28.73375245,30.07457141
3146,26.2479463,50.62250158,30.61347338
3147,74.18809959,31.26758365,32.99743522
3148,-88.408337,33.50436734,30.0587079
3149,-88.72917032,41.95257284,30.05799503
3150,-69.64719829,44.55739978,30.04277567
3151,135.6034738,44.56063107,30.04113149
3152,59.666862,55.18463254,30.53334537
3153,-69.35473927,-37.41419945,30.02129882
3154,17.95452107,40.63858893,30.00797247
3155,16.73806684,53.15560492,29.98582716
3156,-78.16361518,39.17324277,31.31214311
3157,12.22218619,44.70195759,31.19345342
3158,76.03880555,22.96469566,29.96895139
3159,-0.297778506,35.82703705,29.93869673
3160,-47.68180354,-23.29166213,29.89764574
3161,-40.0607038,-19.37330644,30.68836332
3162,99.07296503,2.967741577,30.30566229
3163,0.86738407,40.95724834,30.51528429
3164,-80.24559923,-3.486067689,30.29063069
3165,12.79165896,48.17660424,29.86212789
3166,10.41058266,43.70833519,29.84990299
3167,-119.0297505,36.0694789,29.84858374
3168,120.823113,29.59854408,33.55637305
3169,91.11290582,29.66979408,29.8067603
3170,5.410942196,36.19060293,30.14985168
3171,72.08803339,41.11938601,29.79411704
3172,118.3026964,29.71396074,38.35689203
3173,35.37133492,45.05484874,30.09242496
3174,10.41034953,5.479884333,30.21027154
3175,22.42415857,39.63805757,29.78421553
3176,118.0620119,5.847265271,30.61677873
3177,-122.5564417,38.08485056,29.75496778
3178,71.73060587,41.20887876,29.75407325
3179,-70.85436945,-34.39265375,29.75233892
3180,-44.58660452,-20.08028839,29.75185386
3181,37.86136949,48.39551448,29.73592451
3182,-91.82292019,29.98771073,29.7139875
3183,-84.88787417,39.8350946,29.70053872
3184,24.70430999,51.22159246,29.68628354
3185,33.18037026,51.22992579,29.68096602
3186,-40.48863171,-20.64763071,29.64526838
3187,116.5970119,34.69861332,33.17458494
3188,32.93727218,24.42500262,30.81293544
3189,14.4089208,45.34413444,29.63922737
3190,117.3566169,38.37443388,38.73145056
3191,-2.689280142,42.8523955,30.89727721
3192,51.33688099,32.64177059,29.62666082
3193,4.238921202,8.132265179,30.89455826
3194,-95.45271172,30.31833572,30.72716324
3195,21.19310093,48.61346319,29.60982882
3196,39.2691579,8.541550877,33.82262636
3197,119.4482604,32.78343725,37.1549067
3198,-117.0095263,34.88353395,29.57994384
3199,-61.5479214,16.25116036,29.57413134
3200,-0.11799962,38.56401721,30.56989139
3201,4.560281733,45.49906641,29.55907594
3202,126.9929877,46.64200173,31.32556238
3203,-2.447584621,36.8654091,29.89255531
3204,27.51406828,-21.16452258,32.73952554
3205,12.34688947,43.09601251,29.52071021
3206,126.8228052,35.05674823,29.51858829
3207,-79.56435587,40.30472421,29.4996592
3208,-120.6095262,35.12262124,29.49518294
3209,5.121846337,45.63580109,29.78891501
3210,4.59598027,50.68117441,29.75643119
3211,2.881474166,50.6854954,29.48107395
3212,104.133994,56.55927553,30.19340307
3213,20.90615138,41.83424106,29.47219648
3214,98.00470199,55.94228278,29.47150855
3215,36.25377042,37.06986646,29.47105142
3216,-83.2883372,30.83937737,29.46096507
3217,-73.25869475,10.46131271,29.43356794
3218,74.60790648,30.93729403,29.79931716
3219,115.0898691,35.30357362,31.18278211
3220,119.3293579,33.2403478,35.89048469
3221,-53.92126573,-28.39048672,29.4165094
3222,79.12106106,10.77750317,29.4039151
3223,136.2817334,35.3956371,29.39776062
3224,-67.82954994,-38.97461605,29.39525144
3225,-69.144415,-33.35436498,29.39282825
3226,140.3043523,35.42758155,29.38631732
3227,-46.78975758,-21.97893696,29.38391794
3228,-77.60774219,-11.0853531,29.37420401
3229,29.78364545,-28.56185423,29.36981192
3230,118.202732,33.46819332,37.2300227
3231,-48.61852377,-17.7449031,29.34508731
3232,112.3178937,22.18705226,30.92794818
3233,140.2666539,49.07596318,29.34078093
3234,124.8174523,43.51161533,32.44302724
3235,-66.26667122,17.98078992,29.71416851
3236,129.1119062,37.50668815,29.64420148
3237,121.146035,28.86698962,36.04310533
3238,152.8999867,-31.44582848,29.27681858
3239,99.02703686,54.90769914,29.25534233
3240,119.2628945,33.77855916,34.60202881
3241,39.33570551,35.86726407,29.22788163
3242,-52.68421562,-26.23683746,29.2121498
3243,114.7700463,37.75164938,30.22722101
3244,-76.63798033,-12.67535304,29.20757531
3245,8.135663206,33.91697379,29.20498408
3246,72.50883136,33.91880306,29.20436877
3247,-80.35417065,33.92388436,29.20265892
3248,19.25524565,42.42862509,29.83577398
3249,26.71377378,-29.24134138,29.18207488
3250,74.25332316,31.78187733,29.17336011
3251,26.80228765,46.25603916,29.16429574
3252,41.85397663,42.50942219,29.16385958
3253,5.128696299,51.19892131,29.16073359
3254,111.593848,26.44890605,31.84587036
3255,10.25540019,43.87367206,29.14841258
3256,9.365068183,52.08735,29.13033462
3257,18.01197125,45.15521013,29.12979024
3258,176.8153266,-39.62821451,29.12642164
3259,73.22956304,34.17266483,30.8942764
3260,43.8783447,34.19847784,29.82001954
3261,140.2831221,36.20357358,29.45212077
3262,-78.48420949,38.05087417,29.09200187
3263,9.670240951,53.72668274,29.07910586
3264,-77.27966097,1.212258453,29.05675275
3265,0.139462491,52.20810757,29.31622575
3266,102.9480279,1.86323882,30.75684481
3267,35.27082472,32.21625231,29.03814367
3268,-46.94375532,-19.59189376,29.03478206
3269,18.25234055,52.24825909,29.02623811
3270,20.40138087,45.36927262,29.02161964
3271,50.85686577,32.33021064,29.00239013
3272,-74.39750422,41.45287231,29.0000823
3273,42.23724601,4.137748533,29.41565205
3274,42.61017628,20.01366021,28.95974263
3275,6.28479647,4.926473991,46.84430176
3276,7.926217973,5.023287713,50.24473007
3277,-78.32651116,44.29636708,29.55939943
3278,-2.026232609,5.296817114,49.79740707
3279,51.51499074,32.5237523,28.94140326
3280,15.63358592,58.40638147,29.39286008
3281,0.937247664,5.832846504,36.57132459
3282,32.43261345,34.78750221,29.26133019
3283,116.0777321,34.79258351,34.19546808
3284,60.75915704,41.68639082,28.89701441
3285,-46.98637919,-24.29740534,28.89142712
3286,3.286210617,49.8459952,28.88846374
3287,17.81156616,51.65139042,29.14396486
3288,8.345208516,51.6600324,29.13831674
3289,8.108524222,36.84345451,28.86991718
3290,-58.02672057,6.784071956,28.86498673
3291,109.5844396,34.95254285,28.85182822
3292,54.33858712,27.67017793,28.85068936
3293,46.84274455,43.21485694,28.83727464
3294,116.6470119,36.93154974,31.92687777
3295,25.68322348,35.01595748,29.53316145
3296,120.6812914,30.52831434,56.89640762
3297,128.0769186,35.07083553,29.1621952
3298,24.14999183,45.79375177,28.80589512
3299,115.5094579,40.3996232,29.45873864
3300,-77.07083745,35.10559163,28.79882663
3301,31.4973206,30.5881434,29.90555837
3302,128.2356761,43.36213955,28.76852535
3303,-35.97794694,-8.281368618,28.76802383
3304,74.6257781,24.90079089,28.75553834
3305,37.41637061,54.92198416,29.24476196
3306,-48.32431082,-21.25786592,28.7293873
3307,-73.146027,-40.57916144,28.72841913
3308,-79.78995499,8.876228735,29.14660867
3309,10.15529542,59.75088505,28.92415519
3310,99.3289104,9.13309147,35.45827288
3311,51.61228748,35.38038836,28.70313508
3312,7.60317877,49.21070425,28.69929703
3313,20.18102941,47.17032484,28.68049202
3314,120.4051467,37.37222433,34.13369723
3315,24.35359352,55.73750137,28.65448376
3316,25.35524541,43.63623374,28.6400613
3317,-76.24191592,-9.927446983,28.63931185
3318,38.79079585,55.08074852,28.88355021
3319,49.46665749,37.47043861,29.31713641
3320,115.9460247,35.59136396,31.42274272
3321,-85.90358904,39.22122296,28.62849559
3322,-67.86005351,10.08358163,28.62590575
3323,-81.74254779,28.53794106,35.02546074
3324,107.0938611,10.3735326,32.80599077
3325,-63.25679038,-17.33654333,28.59272121
3326,7.308499452,46.21979342,28.58774033
3327,105.906116,10.52353259,28.58700515
3328,88.63005682,25.63457465,28.58602203
3329,114.912885,37.62321638,31.6394879
3330,59.44619413,42.41453894,28.57249781
3331,117.7539654,40.95057014,34.08907039
3332,-7.396881904,33.69083559,29.63774975
3333,4.809193997,46.29531425,28.54889863
3334,13.29409604,51.32224997,29.35259307
3335,3.241423488,51.32838205,28.8104616
3336,72.74394822,33.77833558,29.60855584
3337,128.908321,37.76051796,29.20519289
3338,176.8779896,-39.50377389,29.17766443
3339,65.16169654,37.85714494,28.48922471
3340,1.332560774,47.59209353,28.45476492
3341,-73.2671142,45.31782094,29.04762621
3342,76.56463259,18.4058362,28.42532643
3343,-51.51667181,-29.27258295,28.42530987
3344,0.346867786,46.57882118,28.40263724
3345,29.54565488,47.74311394,28.37355175
3346,8.450998209,55.48304736,28.83940366
3347,69.40370215,53.28568329,29.8955572
3348,16.1798202,58.59437956,29.23703238
3349,126.9844735,45.54512589,29.83652442
3350,-98.11952082,29.69561645,28.68169542
3351,104.2404979,23.37616007,33.81085348
3352,148.6094954,-32.24646947,28.30295847
3353,26.7809602,-26.85438722,28.67608961
3354,38.71229284,38.38353381,28.28797744
3355,0.528037651,50.85689259,28.28646623
3356,-1.229959981,51.74316191,28.28483942
3357,33.59190322,13.54755208,28.27519711
3358,5.529945409,51.75904241,28.54172343
3359,11.57801521,49.9505735,28.27225741
3360,119.5954338,40.10068029,28.27219726
3361,-1.832360068,13.57622855,28.27186999
3362,-1.682723182,52.61882866,28.52406074
3363,-102.0515507,19.41297901,29.46980501
3364,128.5044748,50.90769387,28.25597112
3365,102.8365628,23.62430821,29.03931183
3366,58.20739788,23.64051191,29.42837506
3367,2.73068997,47.9980459,28.23599985
3368,15.19921094,59.27317831,29.77594197
3369,-65.75774266,-19.57916228,28.23043934
3370,-70.67519377,41.75909284,28.54404809
3371,26.92638061,46.93107811,28.51378601
3372,30.53961022,56.34343355,28.21174928
3373,2.346751965,43.21676113,28.20951048
3374,43.23160872,50.07328591,28.20095526
3375,39.07830756,48.11063093,28.17506898
3376,112.59228,34.90354387,29.57310397
3377,125.391456,38.73968459,29.49078104
3378,39.58618403,50.18799179,28.1341844
3379,-5.822136597,43.38379816,28.13321511
3380,-85.60598204,44.74728442,28.41810472
3381,14.26045971,37.06738017,28.10121015
3382,88.5944337,24.38055818,28.48276997
3383,78.11725158,20.39440755,28.08815857
3384,34.95997202,40.55106787,28.08710428
3385,-112.0234286,43.48842779,28.08530192
3386,39.26126574,-15.11739776,29.73470837
3387,109.9141551,35.17312719,29.12653338
3388,118.8276964,35.18312719,34.38474341
3389,-2.477507101,53.73507721,28.3083051
3390,127.2524877,53.74250145,28.04833164
3391,5.71121052,51.26105924,28.31280386
3392,18.2087339,50.34681531,28.04154066
3393,-43.79036259,-20.66535272,28.03962864
3394,36.38969723,15.45098337,28.03934583
3395,30.40296777,54.51265023,28.03716099
3396,111.0140035,-6.465526444,28.03363343
3397,111.6524883,35.29521052,28.73290268
3398,-46.61702914,-20.72297176,28.02922889
3399,129.2020225,40.69796709,28.02634974
3400,-58.15063619,6.801139692,28.43951768
3401,19.61158622,44.97029166,28.00527657
3402,-47.58798149,-20.89916223,27.99725366
3403,138.5752921,37.36961593,28.33198611
3404,4.548856254,7.482705321,30.09364289
3405,25.33193623,-24.98541207,27.95957416
3406,32.88517667,24.98819704,28.34703635
3407,113.6635299,35.53791885,27.94925773
3408,-98.35688311,40.91812212,28.58453259
3409,-54.26273025,-28.29357635,27.93291367
3410,-72.69215546,40.92645545,27.93148141
3411,113.6940539,-8.177142538,29.1985041
3412,114.1883216,35.61500218,28.2718276
3413,76.17631551,42.46401705,27.91582477
3414,121.9406625,39.39345441,30.88429147
3415,12.66755765,50.60384145,27.89113841
3416,-75.88472639,8.748614361,28.73382703
3417,-69.96454144,43.91990925,27.88669544
3418,50.8275643,61.66372662,27.87773564
3419,4.459928519,51.53686051,28.68011582
3420,14.36329351,51.54359128,27.87230823
3421,78.56113831,28.58232228,27.85835925
3422,67.61983136,39.50059726,27.85288805
3423,2.621583604,9.347351711,29.53096302
3424,123.4423328,41.14738568,33.02050719
3425,137.9751956,35.86229383,28.18543685
3426,119.7919752,33.78130567,33.532508
3427,2.879586702,33.79476721,27.81939138
3428,68.7775307,37.84298989,27.81616578
3429,2.277852186,50.73897216,27.81183242
3430,-62.74062969,-35.98020329,27.79705054
3431,-96.99043125,28.82331326,28.54672655
3432,80.14263665,17.25416958,29.42248498
3433,116.4139839,33.92916891,38.81536054
3434,-94.00065159,44.16898331,28.38860568
3435,-2.238384303,31.61951988,27.7622973
3436,49.4902686,53.39722369,27.76197849
3437,-67.04457523,10.35341228,27.76100187
3438,16.38658635,45.4753641,27.7608622
3439,93.51476179,42.83731249,27.75120257
3440,26.73900688,-10.98926364,31.90229898
3441,119.4413169,29.22353847,38.16732296
3442,-51.34696461,-29.2300628,27.68854701
3443,0.149268156,45.64927714,27.97699107
3444,35.89330532,41.56288953,27.98677866
3445,25.45499178,36.38354381,29.03955502
3446,10.4793193,51.90961691,27.91589492
3447,39.7276764,44.46509441,27.63343829
3448,115.0561285,32.13552863,28.33696232
3449,79.12670532,18.44264992,28.82547387
3450,14.10799224,50.14766826,27.60555913
3451,-78.8775447,38.43526629,27.59501715
3452,107.9698959,26.59004883,29.89157589
3453,-111.828588,41.74060271,27.58977187
3454,110.8761636,34.52019453,29.00028198
3455,109.1887511,12.24886675,30.50819035
3456,117.71783,34.55951076,28.98676295
3457,-59.11357321,-34.56676852,27.57062547
3458,-70.98622231,-34.58215314,27.56561623
3459,120.7409763,41.80668797,27.8823247
3460,-92.20437343,38.57835572,27.54114121
3461,22.08558219,48.23073084,27.53627155
3462,-76.57375414,36.74458546,27.53005535
3463,115.5669927,29.84538529,38.30920535
3464,114.0035139,34.71998084,30.34311676
3465,105.8221377,32.43859879,28.60609138
3466,44.17783194,43.35795641,27.51958771
3467,75.74288193,18.99975774,27.51876329
3468,63.121767,52.97853922,27.77212262
3469,126.6235385,45.98405973,29.3069921
3470,73.86947183,29.93074565,28.61604061
3471,14.63733196,52.15545023,27.49978448
3472,-47.1632196,-23.53654308,27.88018802
3473,10.84730718,44.77694625,27.79295161
3474,139.821227,38.73303051,27.48270606
3475,30.56310133,38.75193294,27.47555025
3476,47.6156655,40.48452579,27.46073407
3477,-120.0729191,36.96291879,28.13920683
3478,-71.87587642,42.08808331,27.44219196
3479,8.82188961,47.30292724,27.73387317
3480,13.4203256,50.47116825,27.42043758
3481,-115.5622833,32.7984672,27.41156322
3482,105.8047299,56.79813351,27.40484443
3483,-87.50236856,30.28840329,27.77378817
3484,-113.574586,37.10854378,27.40118312
3485,-43.16912312,-19.82450541,27.38283487
3486,43.53370318,43.6736761,27.37800625
3487,9.684325746,50.55433491,27.37269975
3488,129.9526192,32.92916895,27.37196023
3489,5.055825931,45.03990921,27.36363854
3490,10.78692419,43.71136549,27.36104708
3491,36.06717886,-0.296090138,27.35313531
3492,124.3226441,0.728388988,27.3513388
3493,11.78471455,45.06824254,28.26224802
3494,-120.6652802,35.26698937,27.34062583
3495,20.01772076,51.53831853,27.33943837
3496,6.062053961,33.11206368,27.31630194
3497,-39.28245512,-14.8003746,27.29622755
3498,-72.57723298,42.43091276,27.29557998
3499,-79.21146236,-3.99296499,27.71525446
3500,31.25618524,30.72443931,28.02062183
3501,47.188793,4.25078468,29.41148947
3502,11.75230714,45.22287216,27.5800785
3503,19.31798848,47.63324638,27.27213571
3504,116.5578829,33.26096718,32.29563676
3505,111.612061,35.50032269,28.661072
3506,35.61543255,51.67541003,27.25786219
3507,76.91400488,15.14886663,28.07883988
3508,22.93119107,39.36880284,27.24038427
3509,0.281492789,50.7888349,27.23777255
3510,-73.35963968,5.540107545,27.65457806
3511,113.5717225,30.94245732,27.22265663
3512,75.99379057,39.4757134,27.19929862
3513,18.75981909,53.48011152,27.45173908
3514,8.036348688,51.78308976,27.19367042
3515,-52.79398657,-28.29629156,27.1772911
3516,110.6775925,-6.614058635,27.17626681
3517,-70.02285793,-15.84254627,27.16390735
3518,-44.24853484,-21.12622105,27.15692814
3519,72.65905852,21.16250275,30.34556331
3520,4.357284292,48.95902942,27.14676436
3521,0.633136714,44.18598668,27.14645145
3522,53.56249066,28.50787283,27.12419936
3523,6.909768165,52.77307841,27.12043893
3524,152.8574867,-25.28844777,28.27921482
3525,81.71092703,7.705211625,27.11303829
3526,-88.84504333,41.34504163,27.11100868
3527,113.2176966,-7.76249609,27.53302566
3528,-158.1715695,21.4308851,27.10205143
3529,-80.43828523,7.966409531,27.0964831
3530,98.49053764,39.74319307,27.09608968
3531,8.461734886,44.30435789,27.09263085
3532,126.2941951,39.75762396,27.09050519
3533,126.5658211,37.97437708,27.09011406
3534,38.93971346,45.62120548,27.08792077
3535,-69.77973926,44.32253971,27.08435499
3536,12.53853397,38.00208541,27.08005412
3537,17.95397759,46.87137854,27.36788656
3538,129.4727149,44.34924425,27.3799361
3539,74.45238881,16.70391707,27.45775491
3540,4.758966969,52.92692456,27.02543364
3541,-119.3411349,36.20886967,27.71759649
3542,-74.00861535,45.78472399,27.61007706
3543,108.626459,21.96764978,30.97482833
3544,40.11563934,45.85490917,26.97626268
3545,126.5009629,48.25133146,27.23867522
3546,108.4607341,34.30263381,28.01116914
3547,43.82355165,55.39841047,27.18624573
3548,-70.55417104,-17.48800075,26.93705385
3549,-67.31875451,10.22474277,26.930451
3550,32.71487244,26.15916922,27.30812904
3551,3.340791277,49.38073079,26.91915112
3552,-65.09234956,-43.30202955,26.91856811
3553,121.4319324,29.32500243,34.76513818
3554,119.8001006,32.0748897,41.44250169
3555,-67.00469202,10.59583651,26.89925478
3556,112.9804049,38.50437706,27.23280943
3557,103.8055442,29.42338205,32.49003298
3558,4.07008523,46.0445388,26.88532209
3559,5.620335712,52.31446229,27.13886071
3560,105.8905587,34.55723906,27.22029997
3561,75.64492221,32.26002483,27.93630509
3562,115.0358215,38.64750205,27.17934248
3563,-95.95075123,36.74754487,26.84078679
3564,47.66635268,40.40782719,26.83703835
3565,80.48534672,26.54702635,27.21871273
3566,31.70272963,26.55631206,28.36624565
3567,51.52758083,32.3793942,26.81290427
3568,26.94645006,38.77437705,28.47186825
3569,131.6397398,32.4338987,26.79702754
3570,-68.98725192,18.43371498,26.79678395
3571,-8.626197331,42.11270033,27.11234912
3572,-52.46348549,-23.08577979,26.79079912
3573,26.81469761,-23.11176018,26.78573529
3574,14.55933906,32.47286266,26.78566461
3575,6.093538308,52.5120113,27.80556871
3576,-85.43817946,32.62106085,27.10370842
3577,103.8326275,30.05926166,41.57172068
3578,72.67128619,30.16574313,27.06631855
3579,28.57160018,43.82354836,26.689803
3580,122.0471033,37.19241664,32.50278222
3581,-84.87105644,35.16951974,27.02194776
3582,84.79355001,19.31528061,26.65955807
3583,-111.6195203,35.20680044,27.71154465
3584,88.08087163,23.79044382,26.65153746
3585,26.50812666,42.48869238,26.63657167
3586,103.8201275,30.42940053,31.06224603
3587,125.8687378,39.25875203,26.61714425
3588,67.7164756,47.78514662,26.61514348
3589,12.62737325,42.56369237,26.60507795
3590,38.01627916,55.91022864,28.52773182
3591,131.1398131,44.07102897,26.88961527
3592,111.4460598,27.70940725,27.32293545
3593,10.54203783,45.45587299,27.16669566
3594,99.83976153,19.92285634,26.9638719
3595,26.32896,42.67599396,26.87398135
3596,43.24121914,35.53289692,27.60152925
3597,82.97156356,46.74676099,26.54592949
3598,111.7928124,30.8270857,27.25483028
3599,18.65624205,50.15781409,26.77155672
3600,-82.13940868,28.00369296,26.87165593
3601,119.7906412,33.4771419,33.64794864
3602,38.26462802,37.76634824,27.5052732
3603,73.20018828,42.87063681,26.47570051
3604,-76.60121381,2.458202426,28.18302493
3605,39.65288976,48.07880602,26.466245
3606,-69.01903597,-33.57398154,26.45936864
3607,116.9661918,31.04583569,26.82620144
3608,-58.26229119,-37.85095642,26.45646891
3609,128.1878942,41.40864016,26.44003321
3610,19.45213166,-33.64335091,26.43848295
3611,89.17617971,42.96190664,26.43707961
3612,-96.61002586,33.65079054,26.79337098
3613,37.01082465,39.74375201,27.09609066
3614,14.25660988,53.07998514,26.41281696
3615,24.35532516,52.21916818,26.40461728
3616,-114.2994592,48.20724805,26.40089337
3617,80.65264109,45.82822146,26.38928015
3618,48.49630038,28.43297865,26.76614776
3619,116.5780864,38.06998071,29.76031225
3620,113.42189,38.08536532,26.71161526
3621,118.8622797,39.906877,31.97843546
3622,75.06097465,21.05341185,26.37081478
3623,117.5476964,39.92354367,27.68558465
3624,38.0599719,44.57606771,26.96878913
3625,7.065987141,6.2116969,26.77218237
3626,-116.4951602,33.95169143,26.34517182
3627,5.943348418,33.95979954,26.34270918
3628,13.61590135,45.93674419,26.33845275
3629,26.55456491,41.66880275,26.33548011
3630,-50.34306074,-21.29153595,26.32938661
3631,-122.6274596,38.24455335,26.31696734
3632,-49.54338757,-25.46249538,26.30515246
3633,-119.5351473,48.39819007,26.30348625
3634,-47.01376795,-21.4680511,26.29838691
3635,-71.07029421,48.4199292,26.86422134
3636,-83.82962096,34.28479953,26.24350515
3637,102.408322,36.47807232,26.24252644
3638,112.533456,-8.154431558,26.2378419
3639,-47.48169722,-21.85542482,26.22949351
3640,7.316992507,52.5300015,26.22127809
3641,83.38117633,21.90997747,28.60319528
3642,139.0502065,36.64978284,26.18526809
3643,-70.94479603,-17.18306863,26.16314961
3644,78.38109432,45.0128894,26.15965595
3645,115.2793632,40.48375198,28.44119277
3646,-5.629442459,9.458739781,26.9913678
3647,-64.12893982,-32.16967104,26.14745265
3648,48.56537547,54.35496937,29.1481416
3649,19.14238334,48.73514658,26.13086313
3650,-79.97437269,22.40770472,26.12922426
3651,26.53116458,55.88379766,26.12858178
3652,109.2271281,34.66520492,26.83258792
3653,75.0272517,29.53916909,26.8601329
3654,-39.74010978,-17.54009987,26.11347031
3655,34.85693585,32.30810416,26.83366597
3656,125.2107832,46.44886538,26.0972906
3657,9.166936878,47.67009429,26.09342911
3658,41.53446084,46.47443356,26.08519391
3659,107.8641892,51.86896411,26.07800538
3660,12.86885592,56.66901648,26.07604836
3661,37.220516,55.97870506,30.65285284
3662,121.1384981,22.7695734,26.06222294
3663,10.70902015,50.94566128,26.06138287
3664,-64.95917127,-40.73166144,26.05803668
3665,-64.10117985,-38.99518715,26.38141192
3666,119.6979642,29.80202622,36.09213271
3667,107.0284409,29.82369288,43.52547649
3668,8.845315575,51.93835186,26.03816547
3669,19.92823274,47.78898317,26.03465305
3670,142.7888128,46.64621386,26.00378262
3671,5.654499377,52.01284166,26.2604142
3672,11.27663964,45.39099016,25.98868109
3673,125.6809837,42.53140434,27.88630466
3674,124.0289513,42.54116043,27.56519705
3675,108.8190541,23.22033095,28.73234047
3676,114.6791549,35.1974121,29.46919401
3677,77.81625313,11.79610528,27.20945293
3678,78.09686468,18.68021119,25.94816132
3679,4.088087875,44.12797803,25.93765496
3680,125.8668528,44.15654945,27.46907129
3681,1.315645901,35.35934903,26.60966142
3682,10.42082572,63.41561052,25.90647174
3683,21.5936586,53.08566814,25.89153324
3684,104.095822,52.21216138,25.88056495
3685,174.9079025,-41.21395308,25.87113298
3686,-68.30897883,-54.81265446,25.84466721
3687,24.22330743,50.3667569,25.83146647
3688,124.6976919,52.33239947,25.81116449
3689,19.68766562,51.40972377,25.80311558
3690,8.009020257,51.42448071,26.33216264
3691,61.40111214,54.90336679,25.78712028
3692,7.270447055,47.12367596,25.77624013
3693,15.55270051,41.45875194,25.7755494
3694,-72.95937928,-41.46645307,26.73902248
3695,112.9264522,35.79741208,26.1190139
3696,116.0937945,35.79966433,29.25363029
3697,-54.4777011,-27.86592666,25.7683549
3698,-44.60547417,-19.85963102,25.76651368
3699,109.1858755,13.78078262,29.9094199
3700,32.44421193,13.80873961,25.7524621
3701,-76.9877178,39.80630543,26.08111611
3702,14.10788231,50.52225335,26.56969956
3703,41.02487211,30.98512141,25.73988602
3704,-42.77890334,-14.22082916,25.70743817
3705,-70.87937428,43.20823358,25.70553575
3706,74.4434422,31.1203595,26.43847868
3707,32.84334734,36.0771418,26.72230999
3708,-48.68382878,-28.23798547,26.05865783
3709,122.0644259,46.07296687,27.46856797
3710,-49.97682812,-20.41848517,26.07789537
3711,112.5544001,28.26691423,30.96086702
3712,12.33715217,52.58546068,25.66470939
3713,113.0458216,33.85740965,27.79909959
3714,119.644869,31.28702616,27.85853686
3715,78.55361869,14.75175032,26.88856446
3716,100.638564,14.80847075,26.05459554
3717,13.43971448,48.58083499,25.9251054
3718,120.2673267,14.83804064,25.63755988
3719,106.093999,20.68047152,25.63373889
3720,-92.26599813,14.90390085,28.52396088
3721,-103.6595864,41.85146026,25.62121142
3722,0.107631685,51.76875153,25.60209633
3723,-76.25781665,20.87890901,25.60086168
3724,-119.6474123,36.33412377,28.01965083
3725,115.3377075,38.41491434,25.58295908
3726,33.52673877,15.30632019,25.58260247
3727,-79.87591864,43.52185145,29.31882366
3728,54.96541853,36.41768232,25.57148691
3729,25.49046797,65.01416767,26.64941285
3730,39.24138012,48.75916832,25.55072653
3731,68.221262,38.51491434,25.5480953
3732,25.58332511,42.06208525,25.53792849
3733,20.26336264,63.82730204,26.2977788
3734,44.94867521,38.55329153,25.53469449
3735,100.1197469,15.70685781,26.35789512
3736,-67.6000045,5.685558928,25.52109734
3737,10.15249239,5.961114473,26.35920945
3738,30.68785389,64.68013386,26.61138295
3739,18.0347143,48.8867609,25.48651733
3740,-85.66699095,40.54989514,25.47478948
3741,146.9969314,-6.711662798,25.47281429
3742,69.62186502,21.63984648,26.66590902
3743,82.68041879,25.75265409,25.47092432
3744,-75.12193402,38.74188802,26.47395411
3745,110.6356655,21.66120065,25.86623845
3746,22.87802219,47.79204714,25.45462438
3747,83.30333914,54.64093279,25.4543175
3748,-112.4817157,34.55208555,25.45421843
3749,-71.8323968,-16.43104413,28.72651143
3750,-2.320562663,7.33833664,34.34337245
3751,-48.59003051,-25.90491961,25.4388898
3752,32.74885513,25.90568438,29.67846281
3753,118.3342473,34.62152999,28.61250116
3754,36.25534849,32.13202612,25.43142905
3755,76.35844934,26.01502781,25.41561608
3756,-119.7350901,38.91315994,25.40846463
3757,26.07776953,52.12604318,25.66553942
3758,116.0876914,43.953762,26.94255703
3759,-73.16115292,-36.99853096,26.41190837
3760,124.64971,8.477781039,27.90806254
3761,-71.38389323,8.498336593,26.63825354
3762,-88.71036079,32.36202611,25.36834123
3763,-88.61813429,37.07173635,25.35819686
3764,-119.284785,50.25652333,25.33989953
3765,42.67735596,37.1507904,26.70166039
3766,-54.62992926,-26.40668726,25.33207116
3767,41.31343454,56.36140072,25.56998633
3768,77.47996282,17.33911581,25.32463184
3769,14.19870435,57.77583462,25.31126934
3770,50.35068523,35.02662257,25.31081035
3771,-55.78922065,-29.79386776,25.30506426
3772,77.56360081,9.449725444,25.3050414
3773,44.06110215,9.559169884,25.29716129
3774,12.55415896,45.63690654,26.1774777
3775,-120.5962862,37.35664625,25.26423925
3776,-100.7804519,41.13878401,25.57675977
3777,-71.2001234,-32.77963795,25.25273713
3778,116.0833215,22.88958602,25.64509557
3779,122.2345309,-17.94932364,26.46245804
3780,9.834714629,10.30916985,26.50271509
3781,-66.11680563,17.97110503,25.6451047
3782,-47.51172405,-22.99947465,25.23066346
3783,-77.51304173,18.04368567,25.22790036
3784,37.17025646,48.28257743,25.21630697
3785,110.5286921,35.33819663,25.21569364
3786,74.89144814,42.89375188,25.20564353
3787,39.72707454,48.31363803,25.20115004
3788,43.86980812,44.40884329,25.20104944
3789,17.44397358,49.4565757,25.19817397
3790,40.79684076,44.41697337,25.19759402
3791,-0.692889117,52.49201539,25.9814196
3792,70.58558521,32.99107371,25.19369424
3793,-70.5205689,18.30416953,27.22284326
3794,5.47169397,52.50798761,25.70969857
3795,-0.988633287,37.6143039,25.17872493
3796,120.2966026,23.31041933,25.17349573
3797,17.5999921,52.53107789,25.17181706
3798,107.0234409,33.07559752,25.16999374
3799,-69.30040765,18.46223404,25.16865789
3800,34.16066217,44.50010345,25.16223566
3801,-12.28611782,11.32166981,25.15785959
3802,106.6682756,35.54560403,25.15196626
3803,-45.08411998,-23.44400588,25.14870909
3804,103.214109,35.60486329,25.13369447
3805,115.354631,33.26250227,25.47611137
3806,-123.085673,44.62794897,25.10775153
3807,8.939079744,46.01389065,25.70467588
3808,22.66858945,44.63546929,25.10454232
3809,-46.99610747,-18.9431408,25.09895763
3810,119.6713115,30.63235532,36.53414256
3811,118.5251007,37.88074533,25.76805651
3812,5.641867574,43.18729354,25.08706219
3813,44.52457435,43.18896021,25.08638676
3814,81.59329762,27.58421967,25.45373673
3815,26.13017468,44.72672945,25.06556521
3816,113.8531448,27.63800755,34.9335197
3817,9.341949791,47.42141643,25.05083639
3818,13.2317631,52.74895982,25.04798263
3819,-48.88984899,-23.98437044,25.04707089
3820,58.19514813,38.04921379,25.03321202
3821,1.835783325,41.71698911,25.35349665
3822,38.06769961,24.09036722,25.02687427
3823,5.224794178,46.20337477,25.02165575
3824,8.278804526,51.85913273,25.01900704
3825,12.62224407,51.87845897,25.00837013
3826,15.72481101,50.89619722,25.00177258
3827,32.65999149,13.15611418,24.98816406
3828,-50.63411976,-24.32499543,24.98186687
3829,-61.97583805,-33.74392362,24.9806654
3830,75.88157579,19.84771786,24.96314048
3831,108.3889591,31.17181608,27.52546108
3832,-102.2901913,19.97863183,27.35653301
3833,54.87004269,24.53489845,24.94124806
3834,48.75106228,33.90131177,24.93558117
3835,27.82207502,43.57979352,24.92745152
3836,-94.73162106,31.33725725,24.91352379
3837,102.5825408,24.70521095,25.297367
3838,120.3431897,40.32763357,24.9025053
3839,-70.12218181,-20.24502247,24.90154543
3840,45.13771029,40.35109848,24.89398028
3841,18.05393945,40.37653707,24.88472979
3842,-71.4189146,42.10716004,25.20114992
3843,69.27082336,40.39210725,25.20644574
3844,8.63523551,53.04652926,24.87824897
3845,53.98434599,57.05228119,24.87373213
3846,0.434203309,40.42565988,25.19383849
3847,-43.72567749,-20.53077515,24.85651802
3848,113.7698692,34.22726414,26.97115198
3849,7.622075828,43.80021018,24.83729337
3850,-2.210911367,52.19672137,24.83275649
3851,-68.48909176,-46.63670088,24.82610164
3852,20.2611031,46.65932713,24.81585144
3853,21.08153958,46.67361284,24.80937731
3854,118.8664096,31.75711017,30.63948027
3855,58.69606188,34.36440699,24.80182847
3856,79.01956035,28.80012871,25.17172473
3857,114.6541549,38.79110565,24.78161939
3858,86.47785392,25.35937759,24.77850158
3859,-54.64531751,-25.40572455,24.76920348
3860,21.02034452,56.52083467,24.74979582
3861,107.409199,40.76447565,25.39446508
3862,116.2249882,36.86227064,27.83210514
3863,103.783753,-3.719105447,26.01781722
3864,-121.0823222,38.91858312,24.73796076
3865,77.50684454,21.28373931,24.73494593
3866,103.3863392,3.981181602,26.01006939
3867,-72.63289903,40.82302828,25.04692885
3868,121.0251142,29.14204789,27.33725135
3869,59.81097526,58.63916792,24.70783207
3870,17.87024402,48.14912958,24.70675352
3871,26.81627961,-29.19204069,24.70416879
3872,31.59295131,4.84583674,26.83237521
3873,-74.03692953,4.900434438,28.10806496
3874,7.194263346,53.36024452,24.95596142
3875,-64.72836483,-21.53776436,24.6929807
3876,-77.3818791,44.1785435,24.68166493
3877,4.269739006,51.50779139,24.94369726
3878,119.8043998,32.24264937,48.26784539
3879,116.3888395,39.11047501,25.6724333
3880,-49.75255897,-21.67808693,24.66959339
3881,-45.27379571,-21.68883962,24.66779476
3882,115.5505834,34.82321649,28.19113185
3883,19.43489943,50.49194602,24.66766569
3884,76.77837515,25.94140881,25.0459065
3885,43.17281716,51.54583487,24.65507113
3886,117.342436,25.99791923,35.43298065
3887,83.89071525,21.8057823,26.63616174
3888,8.289675008,47.04781918,24.63921915
3889,43.4505863,34.93226411,24.98750691
3890,-53.05755716,-26.06718286,24.63472389
3891,-97.77500329,32.42745328,24.98816462
3892,32.82193593,16.50416961,24.61393183
3893,16.51929038,41.12039669,24.61215901
3894,-81.86776708,41.13794055,24.60567878
3895,120.1382233,32.51176701,34.37368884
3896,104.102072,26.23307547,25.36943646
3897,68.39660465,26.24870047,24.59724895
3898,47.17016635,41.19868616,24.58322257
3899,-68.92153222,-37.3874949,24.57148758
3900,110.2522733,22.30390056,24.95967126
3901,112.5994981,32.68407092,24.55704457
3902,-48.78616116,-22.34582884,24.55630016
3903,77.88597453,29.86477513,24.91560946
3904,-45.46653764,-22.42862454,24.93790687
3905,118.2367936,37.5062521,26.91814504
3906,61.96874032,37.52546506,24.52695489
3907,-52.90644448,-30.03294974,24.503089
3908,21.18499195,44.61083515,24.50248814
3909,116.0767739,35.39083552,30.79942713
3910,79.02056256,26.78489836,25.63296816
3911,-71.33111546,-17.63110681,24.46935524
3912,117.6305833,35.50916885,27.26078744
3913,24.2479085,44.70666848,24.46256661
3914,-68.73826203,-30.23976792,24.45282452
3915,114.5330901,37.7548632,26.49005274
3916,39.4917705,39.74696147,24.45125306
3917,45.93749096,37.77870579,24.44486754
3918,112.5993163,22.99126612,27.20385316
3919,15.49419508,51.94239283,24.70741501
3920,-46.83643006,-23.00443096,24.83549639
3921,98.27149788,39.80912363,24.42952808
3922,152.9463408,-27.08853698,25.94692126
3923,21.92024386,48.75397452,24.41763431
3924,28.59279469,49.90208494,24.41602665
3925,-68.76049296,10.33031928,24.81843242
3926,149.0926339,-33.28038723,24.39484888
3927,76.03721198,18.19889176,24.39298604
3928,107.1874885,10.50072157,25.22565868
3929,-48.97944072,-23.34851697,24.37998946
3930,62.34504239,27.35677334,24.36317143
3931,-97.39861442,18.46305842,24.35665136
3932,114.8965568,33.44730618,27.57147979
3933,128.1690192,40.0402047,24.34851151
3934,20.22486573,30.75921954,24.32517336
3935,106.1162242,11.30646867,28.09467422
3936,52.30670839,54.89889596,24.79792155
3937,-61.78233231,-11.72427754,24.28534482
3938,61.56249034,54.10434171,24.26924389
3939,-104.3116697,19.08555839,26.29122914
3940,103.6276402,30.99179529,37.50249624
3941,97.87781147,24.00174995,31.69577933
3942,-70.18139328,-19.14499563,24.2604977
3943,73.83849995,31.02134074,24.25999821
3944,13.84440282,46.60396515,24.54506459
3945,23.88590454,47.94325565,24.22766748
3946,112.5819327,31.17007811,25.69104837
3947,29.77915828,-19.46194007,24.21465927
3948,115.5333215,28.06588789,27.61362415
3949,115.6615622,38.59629835,26.86281462
3950,116.5130563,50.38579704,24.173054
3951,23.30699187,55.93016803,24.16446547
3952,118.54225,36.51035928,26.57686798
3953,81.29904869,24.54207251,24.16048581
3954,115.7673493,38.69120576,26.15727567
3955,117.4416548,28.40104413,24.88873248
3956,31.84344391,36.60321642,24.13233389
3957,48.82915751,38.73356687,24.466264
3958,113.9822501,36.64035928,24.12091031
3959,40.78213403,48.17678739,24.11932557
3960,30.80037036,50.51515309,24.65556478
3961,-68.28422164,-31.64582847,24.1026785
3962,34.56779445,31.66502759,25.19327571
3963,91.86410203,24.90605099,24.09147525
3964,4.698603723,44.12767278,24.08508656
3965,68.33298556,40.78682629,24.08399516
3966,112.2579429,31.72134072,24.08345944
3967,-91.12759365,40.81295242,24.07466527
3968,69.23613868,40.81880827,24.07257305
3969,37.26665798,48.30218421,24.3474082
3970,-121.3979785,36.84535927,24.05767443
3971,6.979899928,51.66379783,24.32446728
3972,10.68124237,50.62632733,24.05156653
3973,118.762243,34.52965908,27.58209417
3974,27.19233042,-25.16599002,24.42937693
3975,121.1834475,31.89457303,36.42405021
3976,-156.4450009,20.74111388,24.02223866
3977,77.0169168,28.99453369,24.0006091
3978,28.04582501,44.34198901,23.99873501
3979,91.686248,53.70682769,23.98872632
3980,6.609159202,51.8328719,23.96820505
3981,11.02332569,45.88354343,23.96670998
3982,24.36804738,44.42874114,24.27099617
3983,30.40552189,59.71477394,26.1237693
3984,-107.764018,32.26477504,23.94392181
3985,-9.240537133,32.28447201,24.66431379
3986,-2.089358968,51.89564967,23.93512176
3987,-47.91637433,-1.295532062,25.63752184
3988,87.47915597,25.78508321,23.92083739
3989,-48.50528304,-21.4055511,23.91762852
3990,13.34374227,50.90852429,23.90847551
3991,4.938881491,48.63948578,23.90344789
3992,114.7403454,37.35988306,24.2390118
3993,110.2794328,21.6091694,25.47742783
3994,71.20526773,21.61500274,23.88399267
3995,102.2871911,-3.813091486,26.01512293
3996,33.77262658,41.38660104,24.51357333
3997,-50.39046217,-26.17647385,23.84305888
3998,-87.05304426,41.4728623,24.15928636
3999,113.8755091,29.71979408,24.95086058
4000,81.23722073,26.23320148,23.83169402
4001,-79.96759659,39.63865942,24.81974722
4002,27.83582502,-21.96860663,23.8264911
4003,117.6213591,26.26250255,24.9784061
4004,12.19106374,-5.576186653,30.2054907
4005,22.4249919,-5.90118664,28.48801782
4006,122.966886,39.6925946,25.46277924
4007,-0.263697666,6.090181928,24.65295144
4008,-43.21028325,-22.11416218,23.80256157
4009,60.0871636,57.26462549,23.79914882
4010,23.49071156,51.13655458,24.06272609
4011,44.26249103,46.31354341,23.78293126
4012,-78.68804169,26.52244878,24.54030579
4013,103.0036345,30.0000024,26.3677982
4014,81.08777691,16.7179627,24.17744766
4015,5.805970829,53.19818988,23.75849487
4016,-124.2381601,43.3833352,25.00702524
4017,124.1451267,39.87245571,29.68540052
4018,115.4941058,35.57010022,25.84320937
4019,37.67143438,47.74400576,23.74073443
4020,112.4485002,-7.463388959,27.9752649
4021,110.2187384,-7.489579434,23.73550886
4022,3.234973291,50.17296671,23.728359
4023,79.26651262,17.06336499,23.72524713
4024,-67.53896283,-46.45374454,23.72271126
4025,115.4359257,30.24166906,24.08197835
4026,-62.39702851,8.018753279,23.70646169
4027,49.59653337,54.21906171,23.95045266
4028,-3.496350598,55.90927007,24.17724296
4029,141.9111713,43.55987028,23.68880316
4030,21.29454323,45.1201941,23.68229924
4031,113.5119832,33.30492651,26.53973063
4032,20.38078467,47.90071307,23.67004114
4033,3.388087903,8.675300872,23.66768085
4034,21.44601907,50.30029229,23.66576768
4035,-42.25056107,-22.93138437,24.05977359
4036,-66.26968846,-17.7196796,24.45755635
4037,6.007135417,9.08036038,23.64224207
4038,7.790522791,51.44318336,23.63572236
4039,77.86754921,9.183931804,23.63555253
4040,13.65436217,47.99298949,23.62832815
4041,-79.8717302,9.350896083,24.46834785
4042,23.84761089,49.25555719,23.61351249
4043,44.02170157,43.75504571,23.92375319
4044,-57.84869536,-38.2608282,23.61258994
4045,117.476811,30.65755446,32.09740324
4046,-55.87056948,-27.32029101,23.60942904
4047,30.855581,48.04319274,23.60560851
4048,35.38218835,33.55265377,24.31996275
4049,103.7122198,27.35174982,24.36443351
4050,-67.02687233,18.07399713,24.00316148
4051,75.03221202,23.33361378,23.59612679
4052,112.6952661,23.35111378,26.34518918
4053,-63.0378023,-9.912496003,24.00757145
4054,-97.06054253,36.13603157,23.58157108
4055,-64.87470699,10.06964605,23.57526781
4056,-55.12245123,-27.49072111,23.57381475
4057,17.5948995,40.40463161,23.56533225
4058,57.67744147,36.21544333,23.55810113
4059,-70.19037796,-18.40674854,23.55229193
4060,118.7489464,30.9489607,29.79576534
4061,-88.30215884,18.51566378,24.34925388
4062,13.00047678,50.56754034,23.53399569
4063,-64.0916713,-30.99296391,23.53171252
4064,-101.3021373,48.22876183,23.80844631
4065,26.38520008,46.92562672,23.51895393
4066,106.6280441,23.89444709,28.19809217
4067,-82.19223364,42.40416857,23.49677029
4068,3.15915934,46.99333505,23.48958324
4069,75.06193424,24.07611375,23.46524515
4070,-16.65551729,28.0332014,23.83737108
4071,-115.5417709,48.36859923,23.45788329
4072,130.8609251,31.38567943,23.80246335
4073,17.63057386,59.18907356,24.32069424
4074,49.99902926,58.54535382,23.42240078
4075,-40.64181592,-19.52542665,23.39854207
4076,-0.189022344,51.90644092,23.39766641
4077,-72.49947011,45.87617698,25.16802215
4078,41.93420165,44.38750182,23.36546791
4079,102.9060998,24.66666928,25.69434685
4080,101.7100378,36.91103154,23.35056806
4081,28.63942964,50.96095117,23.33905746
4082,110.0778924,34.55038101,24.04054721
4083,10.30396526,50.98982714,23.32470404
4084,-92.55619037,34.58548201,23.32383399
4085,10.15497207,48.67185125,23.31951665
4086,141.5838835,42.89786224,23.31368849
4087,-123.2736865,44.57609831,23.59745269
4088,-68.41484821,-31.98046387,23.28940137
4089,132.8129261,44.59737024,23.28268785
4090,104.8991553,25.10361371,25.60529288
4091,19.66120996,46.10010859,23.27746688
4092,38.79999125,-13.63124585,23.27744298
4093,40.99357224,43.00597035,23.27336171
4094,119.4016084,41.25324269,26.50152408
4095,98.34671506,13.74881257,23.26610579
4096,121.0422499,13.76339591,23.68014972
4097,75.00243233,20.47198554,23.26158505
4098,85.50832271,25.21083592,23.64533812
4099,112.7804176,34.91022948,25.34619552
4100,21.41070623,50.05615239,23.23252173
4101,97.38804446,25.38222481,23.22555124
4102,111.6346238,32.26276273,24.30691327
4103,6.17290922,52.25530454,23.74522008
4104,-59.26841881,-29.152549,23.2156949
4105,119.3044325,25.45333592,25.91990812
4106,27.85471391,-25.4697176,24.75629316
4107,139.8703155,35.00063351,23.2088172
4108,54.36058586,39.51154964,23.20714031
4109,26.25415842,47.65979336,23.19868099
4110,-75.44493661,43.21768205,23.19414133
4111,55.30904231,-20.95272545,24.38903587
4112,120.5588421,32.39297105,32.24429648
4113,-61.93382825,-37.46813216,23.18184431
4114,106.3211092,21.00819241,23.18121983
4115,26.93343767,43.26700637,23.17563815
4116,14.06817406,52.35625151,23.16499764
4117,26.65832507,47.74958502,23.15923991
4118,45.01384235,43.31115052,23.15906355
4119,120.4619671,32.54297105,38.34190458
4120,43.03701489,39.7232163,23.13740721
4121,-2.950133345,35.28093653,23.13046342
4122,3.566659324,47.81646002,23.1298246
4123,-104.4114278,29.55067446,23.12699559
4124,60.27915706,41.67639082,23.12115056
4125,24.61406839,43.41700637,23.11926023
4126,-157.7478457,21.41623838,23.11872069
4127,-45.95589617,-21.4239898,23.11752418
4128,39.94036477,21.47773263,24.3045399
4129,17.27978378,47.87125169,23.10570339
4130,30.30857002,37.73260013,23.1009691
4131,11.85933917,43.47151087,23.09873422
4132,107.3807681,29.7076637,23.09171232
4133,80.03332293,15.51309822,23.08446559
4134,85.89248936,26.146947,23.84894486
4135,27.2642074,37.81985503,23.07417086
4136,-112.0246822,46.59583507,23.06999287
4137,103.3211306,2.028552902,26.90967851
4138,119.5527658,26.22278033,26.52456202
4139,27.40806462,-32.89530758,23.05872271
4140,-80.78449471,41.88356674,23.04768539
4141,53.38117753,35.57841127,23.04670018
4142,28.32866814,37.91372757,23.0452928
4143,127.0659191,37.9227962,23.72053866
4144,110.8461091,21.91566364,24.62985621
4145,46.78718229,3.742441722,23.45810243
4146,-117.6700783,35.63396682,23.03098567
4147,136.0592045,35.64129005,23.02891415
4148,-58.52266111,-33.01301591,23.02861461
4149,4.626907029,43.68682618,23.01743958
4150,78.93978849,22.06623835,23.01677521
4151,45.38810827,4.309108366,23.01600165
4152,81.13094194,16.19166962,23.83064242
4153,103.4445874,4.591824404,23.00740252
4154,-79.87250401,40.14988295,22.99586634
4155,8.416220534,45.32544038,22.99301142
4156,39.09952827,-5.087804838,23.8424863
4157,101.5808221,26.60278031,22.99072683
4158,-1.260038014,5.12731821,24.69252794
4159,4.63771784,43.80146581,22.97402039
4160,119.7079181,30.23266368,27.41954586
4161,50.06832413,26.70972475,23.35252907
4162,129.2190533,35.85669408,22.96777221
4163,5.032312419,43.82826761,22.96385505
4164,39.16021851,35.9208355,22.94950171
4165,35.74119507,-6.170212203,22.94935702
4166,20.66686697,48.24396,22.94103417
4167,108.1235996,-6.375459108,22.94056002
4168,-44.95589621,-22.57427711,22.93505494
4169,-104.5270864,33.39140851,22.93115903
4170,42.02401594,55.57260776,23.6537089
4171,-48.58290756,-22.73778285,22.90837471
4172,21.2674469,43.99628562,22.90001609
4173,100.9682359,22.79181303,24.08410572
4174,5.219282715,7.625157616,38.98196906
4175,-3.692368163,42.35185376,23.51591897
4176,-91.66025128,44.05169103,23.18804047
4177,-81.46321823,40.50250198,22.87791145
4178,109.6624884,-7.683483747,22.87777009
4179,50.74359196,61.78095351,22.87150406
4180,81.59427966,7.810651436,22.8710442
4181,116.16881,22.999859,23.25944056
4182,108.0580311,51.92354803,22.85727994
4183,17.91313311,47.10651881,22.85439891
4184,-81.36389283,27.30250251,22.8514194
4185,-83.12488483,40.58393055,22.85054769
4186,102.0506369,53.92916811,22.84752793
4187,49.69563475,52.97594845,22.84202342
4188,113.255165,36.32689609,23.52491929
4189,15.80320645,40.64226388,22.83091566
4190,120.2515505,33.77786683,25.68488283
4191,80.00055266,44.17961895,22.83012837
4192,125.555389,-8.55971828,23.67472236
4193,64.04328734,67.50320138,22.82813987
4194,127.6820613,52.00552478,22.81593966
4195,7.552022412,47.2031,22.81341488
4196,121.8874879,-33.84634921,22.81265959
4197,43.64623089,49.77246096,22.8116845
4198,-87.07851249,45.77785265,23.11135632
4199,13.90606367,40.72774007,22.80210474
4200,72.84196143,49.79827397,22.79966829
4201,-49.10675811,-23.40531156,22.79753711
4202,7.436987452,36.47538093,23.13577766
4203,113.1138324,31.02648085,22.7884911
4204,115.4566801,36.48674456,23.82293152
4205,73.3010613,40.77250197,23.76332525
4206,29.14710702,47.26784359,22.78590228
4207,-124.1679784,40.7910734,23.43135565
4208,-2.843247827,54.05490885,23.03243716
4209,-97.28778109,27.66666916,23.15724298
4210,46.60207427,53.1149636,23.02789489
4211,75.68153739,18.24345525,22.76110012
4212,-68.58503532,9.665898275,22.76045138
4213,16.56518031,31.18992171,22.7500681
4214,-87.46073602,36.64735062,22.74054343
4215,7.534391723,52.15959454,23.26711392
4216,-70.74494485,18.44911,22.73467742
4217,113.6877571,31.26277117,23.46620295
4218,121.2255832,40.93535911,23.05672175
4219,13.38727297,45.98640527,22.72673047
4220,91.27340869,23.84037621,22.7236489
4221,-97.07588716,36.71174456,23.06622074
4222,30.300126,31.32191095,23.0853407
4223,117.3469709,23.94324977,26.23012303
4224,77.00971194,10.66157725,22.69148581
4225,59.76232374,58.28950127,22.68450409
4226,21.80779496,61.47947084,22.68169509
4227,117.6110513,24.12342218,25.80236347
4228,45.35368146,41.10369243,22.67477377
4229,27.56077601,39.10294321,24.34109875
4230,-122.6411348,47.58002306,23.52410523
4231,-1.097626204,51.26369203,23.18808774
4232,109.7213773,28.29639136,23.78063273
4233,45.40440275,39.20833537,22.64057319
4234,26.84804728,54.31213106,22.89095463
4235,39.83694476,64.5679655,22.63865171
4236,20.46643935,46.21118596,22.63546314
4237,-80.60750398,28.3758358,22.63114129
4238,-2.755028457,47.65630511,22.62020714
4239,12.85456546,50.23851785,22.59400399
4240,128.8627013,47.7236128,24.03953883
4241,104.0712386,49.0454183,22.58354891
4242,29.9999916,39.41862947,22.57371833
4243,-56.01556051,-28.65166192,22.57325766
4244,-77.96740604,39.46446281,22.8908266
4245,112.3713964,24.78807732,22.94727405
4246,140.3637498,37.28421928,22.55432632
4247,34.86427712,-19.8279718,30.20254214
4248,-69.20293653,-12.59922429,22.5381021
4249,77.56943414,28.83833578,22.53378358
4250,118.6382693,34.91979387,29.56738537
4251,42.26299616,37.42462332,22.51289296
4252,31.87311653,49.22270996,22.50384991
4253,0.633683251,41.61631146,22.82099461
4254,-58.08266617,-32.31733382,22.47998881
4255,27.20845131,37.55012836,22.4757373
4256,12.38871182,50.50457475,22.46904033
4257,-62.41225218,-37.60163631,22.46046102
4258,-0.629955091,35.19843969,23.5042862
4259,-0.775755032,48.07147604,23.01741931
4260,-5.909497704,43.56065001,23.06510033
4261,58.46926129,35.24557511,22.43915533
4262,16.48945292,59.38341626,22.86387966
4263,-97.33750331,32.55255606,25.67700008
4264,27.78950318,-25.63232296,22.40567452
4265,55.47856201,-20.90088842,22.79747751
4266,114.8018111,35.40234593,22.39646296
4267,120.8994324,29.50639131,24.25627448
4268,105.9391552,49.48354329,22.38618919
4269,22.62766284,48.20972389,22.38229749
4270,12.74749229,41.9634543,22.37985069
4271,106.2205441,29.57611353,26.85042686
4272,60.04796659,41.99440668,22.36913472
4273,75.91434162,14.47145364,22.36594364
4274,122.8282022,42.00416859,23.96368123
4275,116.8396387,32.79798616,22.36218423
4276,-122.7668584,53.8952666,22.35777691
4277,-81.71825106,25.93750256,22.34934535
4278,23.38478916,45.42646575,22.3484999
4279,-45.00208873,-21.24523365,22.7459354
4280,-71.25417102,-32.88346283,22.34106917
4281,-16.92917319,14.79028079,23.16151237
4282,-77.91667075,21.38125274,22.72546254
4283,40.49046737,21.44405036,22.31737154
4284,-1.628965468,49.64291828,22.31406192
4285,-56.13929067,-21.47291221,22.31305581
4286,127.4939163,42.16607334,22.94721303
4287,71.56199974,40.24485493,22.30806532
4288,106.2647108,29.99028018,27.85686029
4289,175.6122407,-40.35073008,22.92895629
4290,39.41753508,47.1021947,22.27017549
4291,70.60534712,21.76101463,22.26966742
4292,-0.704426364,38.26401722,22.2623384
4293,38.73957458,35.891148,22.2622646
4294,0.090096963,35.92578341,22.94781085
4295,124.0722918,40.46299218,22.23713902
4296,131.4864123,33.3020184,22.23695165
4297,26.52862077,-33.3036241,22.23655061
4298,44.03507168,33.3192227,22.2326467
4299,34.03471366,38.37159297,22.2298762
4300,-3.374516869,40.48921767,22.22858987
4301,29.29037624,0.127567697,25.21643918
4302,22.0652051,53.17316039,22.22186808
4303,153.1124867,-30.29721741,22.21709597
4304,42.44165777,1.6141061,22.21612528
4305,119.5394995,26.66278989,25.65960291
4306,-84.57701995,33.39798613,25.43660074
4307,21.06676025,51.04766416,22.21240403
4308,106.1160142,-2.128201443,23.0640156
4309,123.5698688,42.45488285,24.1130243
4310,129.991251,33.44045925,22.91847713
4311,-3.034212505,53.21676504,22.45760466
4312,-90.08167026,30.39583572,23.30523275
4313,112.7889764,22.260717,23.38192422
4314,116.2151763,33.50551301,26.83825994
4315,115.2535993,30.45111349,22.92215827
4316,-118.7921321,55.1636125,22.17257825
4317,100.6743477,4.215067534,25.15014745
4318,-76.21372964,40.69362942,22.16179109
4319,113.3509291,33.61707215,22.51516254
4320,-72.59036144,42.60154952,22.15763578
4321,-80.55449116,-4.969867996,22.14337902
4322,74.70185763,27.03577838,22.14142592
4323,-89.99987734,38.67209801,22.13877441
4324,113.1633216,30.65583571,25.4577094
4325,-3.590712185,5.275323902,22.98439188
4326,-92.64058991,16.73194738,22.53662874
4327,-68.21755498,-38.72108071,22.4590762
4328,30.43873536,67.55279941,23.44089261
4329,111.5755836,22.76994317,24.08759391
4330,115.3764763,22.79137174,22.10994929
4331,42.59582443,16.90231774,22.10752716
4332,83.94485378,53.39951697,22.10558193
4333,10.74634654,36.45989797,22.1040621
4334,-49.62530283,-22.90118596,22.09250857
4335,102.1023325,36.51067922,22.08982888
4336,42.64397258,17.13657699,22.08055442
4337,18.85926624,-33.93400042,22.07748569
4338,122.0753084,6.919554605,24.18890287
4339,106.9182578,-6.921790995,22.06701899
4340,104.6735997,31.03805791,22.05075058
4341,-71.31821863,-42.91725659,22.04665171
4342,6.848018842,47.64342275,22.04557199
4343,-64.49306018,-31.08666182,22.03970663
4344,71.18345769,34.08400761,22.03923689
4345,120.177488,50.24854326,22.03834595
4346,10.54796857,42.94726379,22.03606718
4347,21.96635371,51.43404626,22.83485527
4348,21.93796811,42.99940664,22.01765988
4349,-70.83349202,-17.679471,22.01664629
4350,8.857667884,47.75745783,22.28736271
4351,39.38411285,46.32060986,21.9964071
4352,8.750409117,50.34770992,21.99295354
4353,1.721818128,52.59940626,21.99139298
4354,146.0493149,-34.28023696,21.9889736
4355,27.62385533,39.17462325,21.98504712
4356,101.9925482,23.60506218,23.15638266
4357,-121.7651065,36.91771046,21.97511575
4358,-63.06775159,18.03873745,21.97329023
4359,-80.7408373,43.13226378,21.97067574
4360,31.51582487,31.43278012,23.42480377
4361,34.37499142,31.43444679,21.96022885
4362,46.11092846,36.9716167,21.95983919
4363,133.0552294,34.39744846,21.95882638
4364,-46.09613631,-23.8196383,21.94350356
4365,80.38451339,23.8336336,21.94118989
4366,-65.6517021,18.30386089,21.94074481
4367,77.91505379,9.352887841,22.35889828
4368,115.6648319,37.06927295,23.30313932
4369,-1.76813776,46.50124048,22.51713214
4370,-105.4650892,28.18807719,21.91457706
4371,-70.97679008,43.30440663,22.22290901
4372,12.77999229,50.54791824,21.90110744
4373,23.78591527,46.56430354,22.19552491
4374,73.36415653,31.71611344,21.89526594
4375,13.77082558,50.58020991,22.15980363
4376,130.3083209,31.81722455,21.87181607
4377,13.19619598,55.7084273,22.35748808
4378,-9.305135033,10.38301601,22.29087802
4379,-87.62685555,45.10139068,22.17152488
4380,134.3882939,34.75094307,21.86734548
4381,-98.43318227,18.89984852,23.08074942
4382,-0.212507192,51.78059096,21.86277899
4383,136.1431325,34.76976027,21.86245149
4384,8.460872091,45.14236291,21.85220129
4385,26.86860284,-31.90443957,21.85153452
4386,-106.7103524,34.81841619,21.84978744
4387,40.48709436,52.8956364,21.84385559
4388,-65.18972681,-31.9477729,21.84143887
4389,130.9289227,45.21018698,21.82653702
4390,-72.35365014,-37.4718699,21.81713462
4391,12.39911511,48.2092122,21.80860677
4392,12.53924668,48.24956307,22.07833042
4393,115.6605437,32.18444676,23.23840122
4394,112.3662239,28.83893923,21.78253411
4395,-70.29152738,-28.87513892,23.27707279
4396,62.14478198,37.62005418,21.77453924
4397,126.3016081,45.37939993,22.36675036
4398,67.02108387,37.66458543,21.7617085
4399,36.21915802,32.35444675,21.74607995
4400,128.0397399,46.98772695,22.02381277
4401,39.45138011,45.46689993,21.72911288
4402,7.879622114,45.46713141,21.72902443
4403,-93.12836369,35.27943767,21.72901292
4404,26.72221395,58.36909849,22.18152737
4405,23.25201568,43.81393042,21.72770985
4406,-67.49813668,-29.1653688,21.71525265
4407,51.57320502,25.17321688,21.71373471
4408,0.1829229,35.34153444,21.71263613
4409,-82.61667056,42.04828623,21.71188626
4410,-16.27949373,12.56859284,21.70588203
4411,-75.20386222,20.14892255,21.70151464
4412,12.89296847,43.90131137,21.6963371
4413,-54.09911218,-25.29344777,21.6927427
4414,22.28098784,52.1659568,21.67745643
4415,-122.2286639,40.17083533,21.67523249
4416,28.41409423,-13.14486767,21.65737664
4417,1.353207032,44.01631136,21.96451549
4418,51.85971295,32.76500229,21.64869607
4419,-71.49500434,-32.77582842,21.64611272
4420,21.89119563,45.70000177,21.64025836
4421,110.8152661,32.82722451,24.51845453
4422,-95.78635394,29.55962885,24.99050543
4423,-6.253212078,13.43429793,22.04820524
4424,-76.4150294,40.34255249,21.94873131
4425,13.37474717,42.362747,21.60566769
4426,-46.98565347,-20.91743383,21.59531181
4427,43.48719344,25.87619304,21.58965357
4428,115.9743568,40.45618885,23.87459036
4429,-73.21593564,42.45907053,21.89023113
4430,115.1975457,29.85761735,24.54634281
4431,28.27415834,44.25440659,21.56903494
4432,-121.1786928,44.26345421,21.56576159
4433,-97.93980213,29.88003114,21.9373806
4434,29.38946531,48.80723849,21.55575437
4435,67.99295883,38.37968956,21.55387018
4436,-48.61339811,-26.08124536,21.55284654
4437,-83.77402346,42.53431562,21.54743449
4438,36.94203678,40.59381511,21.54166711
4439,53.7132347,63.56488201,21.54097081
4440,-46.72238187,-21.30879184,21.53975504
4441,38.14619498,56.31083468,21.53566604
4442,14.7047999,50.17745886,22.07105807
4443,9.145825768,50.18194604,21.51706815
4444,107.513679,26.27976445,23.82265523
4445,36.58092568,40.68295652,22.16512196
4446,40.80933801,47.52894314,21.80231921
4447,71.92233841,40.69634036,21.83508992
4448,-46.90324606,-21.59860665,21.49797346
4449,-91.03861467,33.40416893,21.49486505
4450,-0.217070683,53.62738241,21.98783619
4451,129.4164092,42.77647248,21.46490711
4452,75.60816879,21.82947804,21.46430084
4453,116.4399075,36.28346989,24.23040223
4454,113.7005438,33.54416892,21.46081054
4455,14.59374222,46.16852027,21.46055898
4456,18.9530013,46.18032583,21.45601401
4457,-56.46882678,-30.39784001,21.45489585
4458,-111.7252805,33.60555781,21.44583787
4459,109.7955131,21.99768791,21.43954866
4460,120.5919752,15.47404144,21.85179682
4461,-89.95989943,38.78567913,21.43435561
4462,51.82461194,55.6242438,21.67433396
4463,6.965270299,46.27176101,21.71814379
4464,45.63521825,40.9748757,22.39382143
4465,-52.40804082,-26.87678104,21.40747655
4466,-0.457877552,46.32338138,21.69817622
4467,42.4399911,33.80444669,21.39715782
4468,44.98201481,44.73916848,21.39289484
4469,8.12806265,49.20723847,21.38527336
4470,128.7283479,36.56680321,22.07415328
4471,35.99582469,33.86416891,21.3824893
4472,113.5547722,22.38163851,21.77830197
4473,23.53042115,41.09381509,21.38223928
4474,-74.92422295,38.97786662,21.37739585
4475,-44.31374,-22.4279276,21.37541495
4476,117.4798214,0.135503595,21.79725188
4477,168.3631805,-46.40578158,21.36899614
4478,26.45253804,46.40972397,21.36746948
4479,132.0924875,33.95472446,21.36020347
4480,-51.80790743,-30.85531126,21.35572333
4481,104.4303047,30.85934145,25.40527135
4482,99.15248883,3.325503467,21.33489061
4483,-85.84305932,41.24154235,21.33481734
4484,30.01858916,52.88140392,21.33069651
4485,38.97991548,55.81193319,21.81407344
4486,-123.3610317,43.21495285,22.25544694
4487,0.074502601,43.23161952,21.3087326
4488,-6.652840267,4.760170076,23.42800883
4489,100.2644119,16.81891318,23.7555831
4490,97.75137778,22.9618854,21.68856685
4491,16.6283041,50.70587764,21.28273426
4492,1.601381625,50.71848448,21.54979585
4493,11.6393971,45.09107322,21.56787947
4494,-73.02950428,5.822170034,21.26260787
4495,38.27429682,46.6953721,21.55190976
4496,-5.952506962,6.132170021,21.6758857
4497,39.21849123,-6.169829487,28.04933007
4498,-88.18578799,43.42206069,21.24297726
4499,1.519873692,45.15559703,21.24033044
4500,20.7828253,-6.415496143,21.23964104
4501,110.0828588,23.3862681,22.01459877
4502,-79.73450401,-6.722496131,21.22688529
4503,101.2538221,6.875836658,21.2202923
4504,112.1783216,34.51972444,23.69529615
4505,121.7188982,17.62243879,21.2077702
4506,29.2285333,52.04979318,21.20334356
4507,75.3304385,17.68910546,21.20010855
4508,-3.43352979,56.05284227,21.67952359
4509,-64.76667128,17.7128234,21.1973761
4510,81.83315619,7.399836637,21.62058229
4511,75.12051449,23.63997179,21.1883391
4512,4.179825966,7.633503295,21.18553984
4513,-52.61435695,-23.66558187,21.18428489
4514,122.7820117,45.3370256,21.17350021
4515,111.8722105,34.73750221,21.87083919
4516,130.6357634,31.72888164,21.16256503
4517,127.2409823,37.37836232,23.55080312
4518,11.32082568,50.98451011,21.15736186
4519,10.96224726,43.72598224,21.13754301
4520,39.9074912,8.867503245,21.96604783
4521,126.0059773,39.84244992,21.77861735
4522,-110.3078732,24.14398412,21.10777825
4523,21.23243243,-28.46011431,21.10594615
4524,-0.8438405,9.404169891,22.35567175
4525,-91.81667019,18.64936183,22.30312635
4526,-59.81062309,-37.67405403,21.07901215
4527,118.2711088,32.10187013,25.80333806
4528,105.3355655,18.88782336,21.86740471
4529,82.99582281,24.46342855,21.05588021
4530,-67.50383783,10.03783653,21.05136444
4531,-66.68750453,10.25083652,21.03772902
4532,77.97348968,10.36483652,21.03031526
4533,135.1383207,35.29444663,21.02424886
4534,26.63013879,44.07426654,21.01596822
4535,140.1165195,37.91384617,21.35060705
4536,-77.1950562,40.20468949,23.9630036
4537,13.53177797,45.80250177,21.00104386
4538,10.54332571,52.48333483,21.26169552
4539,137.7803034,-32.50215027,20.98746717
4540,-72.68141455,19.45064385,21.7946778
4541,42.08941419,51.36485197,20.98538416
4542,84.17853882,24.91435446,21.7586212
4543,-98.89038786,19.51250282,20.97963816
4544,-80.87500397,35.4697244,23.42689342
4545,109.5730653,19.51987461,22.995798
4546,17.13771734,48.86407822,20.96497442
4547,118.453877,35.54611329,22.0079792
4548,116.2599019,32.6421,25.29048571
4549,43.13715774,11.57083647,20.94690525
4550,47.84165755,40.40781448,20.94598562
4551,-66.64869501,45.95154938,21.24486051
4552,11.84832566,52.60958483,20.93936723
4553,79.32787424,19.84519511,21.33986987
4554,-49.33164103,-25.20292749,20.9332502
4555,32.64504358,40.47396031,20.92570703
4556,10.78791972,51.50395453,20.92224604
4557,19.07374204,52.64916816,21.18234742
4558,130.3228411,42.52462311,20.916885
4559,-74.66042088,40.50286656,20.91683605
4560,11.71249233,44.36225673,20.91484121
4561,120.3150742,32.85359424,24.15016274
4562,6.665492533,12.16616978,22.156545
4563,-56.02639385,-25.46712501,20.88859951
4564,125.162978,44.44534496,22.42203134
4565,47.13931383,40.61380406,20.88273996
4566,23.57175112,47.6537054,22.04150431
4567,-50.25449237,-20.28204687,20.88030448
4568,-64.29306018,-35.9083283,20.86642513
4569,45.77136194,38.4318569,20.86549522
4570,106.3336424,20.41891304,24.47242336
4571,48.86813601,38.44852357,21.19753549
4572,-45.43974897,-20.46185456,20.85655809
4573,52.25874071,52.78520982,20.85611938
4574,-47.86827452,-20.58140583,20.84065721
4575,-70.67888368,-33.20157553,20.82578564
4576,-79.45059926,46.31059699,20.81117034
4577,47.63042019,42.87487562,20.80092776
4578,2.593445077,46.34702556,20.79749269
4579,-51.37917181,-20.90608531,20.79702268
4580,39.20039446,38.6756741,20.7960088
4581,7.101825849,13.49983639,20.79464589
4582,-70.70119485,-30.02856663,20.79140106
4583,-86.30361486,36.20611326,21.1354867
4584,120.7176682,49.29268181,20.78690894
4585,6.846687928,33.380031,20.7840324
4586,27.51014795,40.97500196,22.06925209
4587,20.32915865,46.42035889,20.76993173
4588,-42.94808241,-21.11762376,20.76823876
4589,-40.08417226,-13.86382918,21.17862123
4590,106.0868475,21.18782327,27.54625519
4591,-41.89295424,-21.2060853,20.75611906
4592,75.29422056,21.25192583,20.74981948
4593,-98.16096006,26.29274946,21.13037663
4594,131.4317404,33.58175513,21.45176866
4595,71.91963278,30.30297858,21.10511399
4596,74.23556675,21.38493864,20.73146559
4597,116.2624881,38.90658807,24.40626289
4598,8.213227766,44.89951161,20.72473717
4599,74.46152828,21.55705402,21.105805
4600,22.59026967,43.1597241,20.70603766
4601,28.73801248,41.19401237,21.9970277
4602,36.71171008,41.20364779,20.70011691
4603,114.8739825,33.74123788,22.84049645
4604,115.7934021,39.04664182,21.69090007
4605,45.53799603,43.23851197,20.67969911
4606,-67.08508516,-39.10039806,20.67405312
4607,113.4831779,33.84870914,21.38641447
4608,3.63816833,49.57196108,20.67023245
4609,-2.890632084,53.19375147,20.66167892
4610,68.23092441,43.29659278,20.66025745
4611,-51.01034467,-26.78255706,20.65973446
4612,26.30577878,48.21365908,20.65901386
4613,-87.96603903,43.30795641,20.65645072
4614,111.7049883,36.71361324,21.00014227
4615,136.7063762,36.7391688,20.64897284
4616,45.71943542,36.76500213,20.64214218
4617,5.286424212,52.16720237,20.61944559
4618,114.3666549,30.88035951,20.98208777
4619,13.64304781,43.44533015,20.92293566
4620,16.83106356,46.8436922,20.61014494
4621,-6.913102162,30.92262141,20.60511953
4622,41.81688928,48.35324241,20.60330554
4623,-68.90801726,-22.31121346,20.6006005
4624,17.58378839,48.37129796,21.74046612
4625,-82.1573315,34.19784706,20.5901016
4626,-94.84500341,36.97472434,20.58652229
4627,-46.8243643,-22.43525191,20.5826715
4628,21.890188,45.30563904,20.5797888
4629,72.95266845,31.07797855,20.57223543
4630,73.46441294,22.51346424,20.57131673
4631,-48.28217194,-15.94816243,20.56818667
4632,27.78193613,48.44560351,20.56637401
4633,118.0910992,37.05555767,21.25052334
4634,-46.99359506,-22.69807242,20.93950473
4635,60.22796658,55.46825535,20.53738776
4636,117.911,31.30119282,23.82387562
4637,9.465270199,55.494049,20.768234
4638,-93.06767589,34.48003096,20.52220487
4639,-1.547059984,54.5303876,20.51837422
4640,78.65569953,27.56651484,20.5181794
4641,55.16499059,37.25027989,20.51302011
4642,114.8241549,37.25416878,21.19586063
4643,-79.46632347,-1.026038026,20.51191638
4644,7.627404776,51.22215067,20.51027775
4645,13.58714503,-1.624301891,20.5070949
4646,101.4447804,1.668406311,20.933877
4647,10.0372986,56.45920677,20.49917828
4648,113.4976734,27.67330496,20.87826883
4649,116.2938984,23.03173345,22.46594017
4650,-79.0127914,34.62974359,20.48597891
4651,116.9974344,39.75820093,22.13464132
4652,-15.59090164,27.76003335,20.48264721
4653,102.8819331,-3.286454602,20.48228007
4654,117.5923492,3.312156245,20.4817645
4655,35.09731282,31.52976424,20.84148762
4656,5.258571021,45.5965704,20.47530152
4657,75.89998976,31.53422853,20.4747913
4658,84.86445019,45.60612923,20.47185954
4659,10.75668429,43.87790589,20.46447461
4660,116.927718,34.73290451,25.39856797
4661,-0.066792912,47.25726361,20.45292391
4662,-75.68750417,4.532642308,20.87876596
4663,44.04770609,39.92459878,20.43410517
4664,97.05450281,5.224308947,20.43216334
4665,48.2833242,42.07135608,20.42740235
4666,12.22367652,51.41929979,20.42323141
4667,-60.01825193,-34.90100075,20.41998343
4668,10.09397388,48.84051091,20.40784546
4669,9.224244568,52.64156132,20.40111943
4670,144.564987,-37.68277267,23.11603746
4671,-53.50571494,-28.29397675,20.38340234
4672,10.96204191,50.26137546,20.38004006
4673,39.32193567,37.76250209,20.37511277
4674,8.259501017,52.69882628,20.63569561
4675,3.635062099,6.835419993,22.07091161
4676,-72.70083763,-37.806106,20.36329667
4677,-61.85577396,-23.90576467,20.36286946
4678,4.832631496,7.094447761,23.33172823
4679,12.47165897,37.8186132,20.35990403
4680,18.1546217,48.96273312,20.35857878
4681,107.9013774,-7.21076,20.78127443
4682,18.95196573,51.59824715,20.34400656
4683,113.4409365,35.22600794,24.54886938
4684,18.25373139,52.78386901,20.857157
4685,110.8423495,-7.714579425,20.75799143
4686,113.6432354,35.26221483,23.13602359
4687,-70.52783771,-18.20616234,20.32666103
4688,115.7269112,24.14807956,23.06192509
4689,-74.85868476,7.960072726,20.32266887
4690,46.94071673,40.3439536,20.31036437
4691,115.5524882,38.00416875,22.00193083
4692,35.0124914,32.29851421,21.3968007
4693,-71.65347656,8.617364366,20.28962162
4694,76.13286013,28.80447776,20.28686528
4695,41.51223861,44.40492607,20.28511067
4696,8.630111502,47.69559693,20.28509004
4697,33.46214424,-8.909718266,20.69644973
4698,10.31296858,47.72488264,20.27383398
4699,176.2352635,-38.13555043,20.27363653
4700,7.8980188,51.76140504,20.2715912
4701,116.6881054,28.99984812,22.49943493
4702,-96.94250332,18.88916951,21.05741957
4703,9.621540034,47.79369216,20.2473625
4704,130.5688601,46.2441194,20.24079167
4705,9.984159067,54.0735431,20.49240629
4706,108.0615269,24.70032312,21.01700172
4707,-76.44833748,38.27527985,21.24692966
4708,114.5455342,35.67658263,21.6235382
4709,-56.55355432,-29.12669277,20.22510426
4710,112.8365954,32.6860142,20.94528995
4711,99.16537345,24.80384876,21.00031118
4712,11.38749234,50.65326734,20.2137174
4713,-83.06042054,9.9906282,20.21217407
4714,29.97723519,-24.87691848,20.2104155
4715,35.90713422,32.77440705,20.20335571
4716,88.44295801,42.78359564,20.19997332
4717,122.816789,40.73239444,20.19475961
4718,14.70393958,51.95504538,20.18542507
4719,-3.510254807,50.71970878,20.18542143
4720,16.18665882,54.1941681,20.43329343
4721,118.1823599,25.06410516,23.67319424
4722,51.55118121,32.87827609,20.18018706
4723,76.20450364,10.52500318,21.86062897
4724,-75.62056869,40.78588907,20.17876327
4725,14.32221445,10.59896151,20.17424045
4726,140.4511969,40.80255573,20.17377636
4727,122.1170578,40.82432992,20.16725867
4728,68.66571586,40.84072777,20.16234863
4729,119.8985991,29.45787279,25.76133934
4730,121.8800805,29.4689839,22.39898505
4731,116.8283215,38.5769465,21.16011191
4732,17.10531619,49.47639051,20.43038075
4733,42.00798662,50.80236643,20.15017983
4734,59.65650083,42.95052272,20.14620916
4735,10.86677808,48.06869215,20.71685057
4736,23.20276965,49.51551088,20.13456374
4737,103.4813158,29.59614439,21.2527209
4738,-90.372181,40.94852347,20.13002635
4739,106.7563157,29.63009501,46.58358885
4740,3.33210051,46.56250174,20.12451218
4741,-61.45521308,-11.43506539,20.11847964
4742,25.64947094,60.97274422,20.114294
4743,80.33172036,25.48397694,20.1121904
4744,125.6374878,38.75139094,20.1042118
4745,34.35658865,11.80278091,20.09262945
4746,57.49515717,-20.16416226,22.10145504
4747,106.4282293,29.82793451,22.69322256
4748,-49.31506933,-25.65736717,22.0150331
4749,3.318511186,49.65879791,20.07617893
4750,16.59888102,38.87500205,20.0699168
4751,-38.42049177,-12.13923203,20.06826931
4752,44.85891958,33.37649036,21.50147146
4753,23.27537066,45.0425523,20.06575316
4754,-84.7702419,33.39345465,22.57267655
4755,114.6024307,36.33376651,20.75574148
4756,114.942948,36.35905387,23.17006162
4757,41.03042045,45.11502705,20.04065877
4758,71.18718131,30.07947771,20.03875262
4759,31.42781412,41.27056647,20.03302924
4760,15.89878249,41.27217937,20.03254192
4761,116.6272104,39.01000204,23.37089472
4762,17.81561709,43.3161477,20.02783513
4763,19.4667931,41.32137291,20.66324228
4764,-89.10013804,41.32755571,20.01579761
4765,-71.10602287,-30.2236063,20.01007947
4766,-74.7288931,39.09972426,20.00733279
4767,116.011377,39.11250204,28.337275
4768,-79.40761897,36.58750214,20.34403479
4769,-70.74286151,-33.77410219,20.33424541
4770,7.063808307,52.43136115,20.23541175
4771,12.22290898,43.48932478,19.97147636
4772,8.858957092,45.31780482,19.97027114
4773,-8.207038122,43.49453311,20.90520635
4774,118.1858214,39.23500203,20.967641
4775,15.09151518,36.70646765,19.96902861
4776,144.7965148,13.49791973,19.96301611
4777,153.0560764,-26.4012774,20.3433987
4778,99.80346103,13.54722528,20.37484697
4779,130.8081946,45.36199673,20.5596297
4780,-86.48997288,30.50447769,19.95383837
4781,-84.76797256,43.60078311,20.24674485
4782,-87.48692899,36.86164006,19.92932945
4783,140.0449872,39.38666869,20.25915953
4784,28.28723914,45.44659269,19.92543249
4785,122.4107638,36.91106534,23.69332621
4786,133.4054168,45.47538057,19.9153959
4787,39.46391979,48.67607308,19.90525622
4788,-121.5608357,39.49722424,19.89586966
4789,82.73300231,26.80769484,19.89024548
4790,105.378538,30.8804036,19.8778131
4791,100.912836,14.53541969,20.28933648
4792,71.54820422,34.24732366,19.86863699
4793,108.0752861,34.2714308,20.21778488
4794,77.59478136,14.6857669,20.27579626
4795,140.2047286,37.12888143,19.86061319
4796,70.78815664,21.96850272,19.8554237
4797,28.41815833,-21.97616219,20.64860475
4798,122.4415109,37.15675499,26.01503428
4799,58.65985887,52.70833483,20.37036836
4800,88.10748928,22.06250272,22.22371279
4801,27.1773907,45.68901692,19.84075087
4802,113.1511788,34.38958556,21.252333
4803,34.39203688,45.71073409,19.83314714
4804,116.344631,34.42589508,20.5352429
4805,115.0627858,34.43154984,21.24163008
4806,22.99784542,45.74002702,19.82288587
4807,8.060776791,47.38039386,19.82287716
4808,79.02883579,27.23333584,20.19776118
4809,115.0183524,31.18102087,20.55045196
4810,12.04986606,45.77613813,19.81022974
4811,46.06047946,37.34468601,19.8048029
4812,-93.62594432,42.02863095,19.8021647
4813,15.31396278,47.44828602,20.08880524
4814,-0.744939603,51.6282673,19.7956771
4815,16.0834381,51.66160063,20.04868575
4816,-79.71944846,39.90305756,20.11070208
4817,136.1074278,34.6357165,19.77816747
4818,-60.47560002,-34.63779263,19.7776817
4819,-120.4583357,34.65149031,19.77447356
4820,175.0366525,-39.92832814,20.10340142
4821,-59.43839768,-34.6544593,19.77377852
4822,114.6555917,37.47916877,20.11062775
4823,-82.01389281,39.94555756,19.76898011
4824,9.840096573,44.1104185,19.7678162
4825,-71.52110649,42.14099654,20.08645084
4826,-62.08627015,-31.4313223,19.76485229
4827,-4.232568759,31.45386037,19.76019197
4828,70.57276775,39.98333533,19.75823274
4829,-60.71795349,-27.57820043,19.75618702
4830,72.86082322,22.69216936,20.15005117
4831,149.7175463,-34.74255453,19.75312009
4832,17.91822125,44.20651225,19.73609256
4833,73.1597121,31.58009493,20.09948108
4834,140.9679469,37.63836416,20.74861792
4835,-92.12678923,34.88006173,19.72078017
4836,-73.12159518,46.03169368,19.72042779
4837,-121.9594071,49.15250163,21.9738022
4838,6.560299555,53.00285236,19.97443887
4839,45.2811021,40.13861311,19.71396248
4840,16.58553135,47.68358012,19.71000287
4841,4.742795641,46.09507751,19.69809122
4842,23.46105508,37.75531818,19.69782301
4843,47.71471311,40.19750199,19.69713379
4844,19.41142365,54.16634759,19.689537
4845,108.2794885,23.15583601,23.62767041
4846,3.425623976,46.12714822,19.68678115
4847,11.76124233,55.22645972,19.67815581
4848,79.1192204,28.04038709,19.67406318
4849,118.8030053,37.85790438,19.67093659
4850,113.8234882,23.290836,21.63675424
4851,-2.436431834,42.46303954,19.98541986
4852,124.465429,47.79975659,19.66659952
4853,140.8624872,42.48293201,19.66211074
4854,121.2493469,28.11474607,21.55056298
4855,8.774448971,-0.723003617,21.36826053
4856,106.1485997,50.69236268,19.65120383
4857,-0.239759443,51.9667808,19.64913722
4858,102.571909,2.050909315,25.20073897
4859,38.71290792,55.28833472,19.89320264
4860,28.84872353,-2.508148474,20.92297743
4861,28.31377372,-28.21954655,19.64188592
4862,-61.36164268,-37.9840466,19.6377886
4863,99.63748881,3.092938259,19.63244772
4864,113.1558216,40.43083532,22.57585514
4865,114.841836,-3.43532235,23.03911013
4866,-97.35043434,38.04870897,19.62075906
4867,-120.0415428,46.32310781,19.61753307
4868,128.7234996,35.34256171,21.01219255
4869,121.5351731,50.79352009,19.60925229
4870,77.85095122,28.4108999,19.98442351
4871,11.86249233,49.43916829,19.60546151
4872,70.30191306,28.42372041,19.60498279
4873,47.40915757,40.54166865,19.59836132
4874,-4.094369781,47.99191345,19.88285445
4875,-119.5841691,49.48154924,19.58870548
4876,29.32487901,52.13344746,19.57672679
4877,59.82378073,42.76438361,19.57470808
4878,114.7337845,32.34367515,19.93616119
4879,37.76290796,55.43937638,23.24317645
4880,33.98019977,17.707989,19.5673227
4881,-5.364680898,5.833517859,20.41172676
4882,0.888217402,5.990039592,19.5558273
4883,114.0328586,32.47515662,19.54580749
4884,-58.25139376,-32.4837914,19.54396855
4885,31.60693598,40.73444642,19.5427219
4886,107.4469088,-6.541843964,19.9604055
4887,-80.47440874,35.66339503,19.53437376
4888,39.521519,50.98240897,19.5307472
4889,-79.91141705,-6.695829466,19.52977547
4890,44.22946634,32.55324304,19.89083917
4891,-96.19669875,38.41049057,19.52501366
4892,77.24180006,38.41738712,19.52318079
4893,174.3190334,-35.7160664,19.52170688
4894,-79.58243155,-6.911046848,19.52125636
4895,29.33082496,-24.37349543,19.90005068
4896,-70.72735944,7.233155485,19.50800513
4897,4.180970894,7.363590262,21.1983541
4898,98.56515552,24.42616929,27.30282018
4899,119.0001424,32.68657637,26.36290768
4900,-7.559608347,7.40743084,20.34845005
4901,74.86848981,24.46650262,19.49572007
4902,19.43332536,51.07500156,19.76293235
4903,-71.59851624,-35.84791163,19.48992774
4904,14.79554776,40.91861307,19.48935724
4905,36.26249135,32.75139118,19.48674871
4906,4.011798195,51.09398304,19.75497171
4907,54.78315728,24.55283595,19.48262754
4908,24.3952696,40.94944641,19.48040242
4909,116.4535596,35.92381169,22.94896231
4910,77.31448971,24.65550261,19.46700235
4911,45.74905011,43.11680295,19.46458879
4912,7.617795526,46.75795628,19.46302257
4913,116.4041548,-8.237858389,19.46281142
4914,14.55328169,53.56272076,19.46087473
4915,-92.82422224,45.03958513,19.76274937
4916,79.52466911,29.22051525,20.58138112
4917,-6.928247664,32.8831813,19.45841118
4918,139.086892,36.00268073,19.45248912
4919,14.4314737,51.18102007,19.44796355
4920,-93.24411267,38.70301929,19.44701832
4921,123.7891545,41.10027973,20.73240965
4922,76.63184457,43.20873843,20.06257521
4923,-71.25324509,-33.0001494,19.43317462
4924,1.725781019,52.47173574,19.42922332
4925,4.964744854,52.50551952,19.41445412
4926,146.3469314,-41.17888364,19.73702693
4927,103.6551553,25.0325026,20.96204066
4928,-51.81474872,-29.49005932,19.40822071
4929,16.96939688,49.9527397,19.40166606
4930,117.0262269,52.53862762,19.39997257
4931,26.48087409,48.52402127,19.39414214
4932,119.7666547,53.74736987,19.37662387
4933,-67.36141755,9.916851029,19.37426385
4934,19.37013091,51.36227006,19.37220454
4935,-57.73083822,-25.28282872,19.37017888
4936,118.8627967,33.29830474,22.59631024
4937,130.9322406,33.31990967,19.36376874
4938,-83.11944832,41.3505575,19.68601483
4939,42.44403872,36.38452595,19.35951018
4940,13.20258236,52.64606005,19.35293602
4941,11.17553583,10.28206841,24.40131292
4942,-90.82564459,29.79134856,19.35140891
4943,-73.73385842,45.35885595,19.65356359
4944,59.42320471,36.43333548,20.0385468
4945,-86.70015805,33.42731708,19.34031895
4946,-71.83714201,10.6226481,19.33218852
4947,36.34522944,36.50774023,19.67457693
4948,-80.8612694,33.49336646,19.32586485
4949,37.95683652,36.53125214,19.32355109
4950,25.29231635,53.8932032,19.30993526
4951,30.21714845,48.74730557,19.59351722
4952,-61.75119521,-36.59672113,19.30746458
4953,85.20315606,25.69883591,20.0770122
4954,-45.53750538,-20.02881504,19.30468023
4955,-1.234579223,52.76745644,19.29970352
4956,73.31715653,25.78250257,20.06303292
4957,-73.20338969,45.56093928,20.48760944
4958,-71.20910929,-33.69181604,19.28228176
4959,27.54357278,52.8206096,21.09836014
4960,13.18614819,43.73346959,19.27008824
4961,-8.800562404,41.68250193,19.26582219
4962,113.2324883,25.95550256,21.57561042
4963,118.3732905,33.78811953,22.47196037
4964,-99.98055876,20.39132223,21.66836248
4965,-79.02701021,33.81373682,19.25538917
4966,82.9522117,41.71944638,19.25492433
4967,-118.8276066,45.66614761,19.54799194
4968,103.5190202,52.89898797,19.24192213
4969,19.60672278,30.40384854,19.23426424
4970,24.64421224,43.85954486,19.23003843
4971,3.036659345,41.80416859,19.22989749
4972,111.7390909,30.42692546,21.44848877
4973,79.06502587,12.23569152,19.22527829
4974,131.9436604,33.96466274,19.22197891
4975,5.184367593,45.75390802,19.21747588
4976,119.8328584,33.99861335,25.2635965
4977,126.8223092,36.99464498,21.26701168
4978,56.75605114,59.63428152,19.20398192
4979,-120.8425619,37.06041878,20.22088579
4980,72.44983558,34.09614421,19.19276086
4981,106.2965163,20.9427111,30.78887428
4982,-97.68910586,30.64968186,21.03137886
4983,-101.8593781,21.02500276,19.18234713
4984,-97.14028109,34.17700841,19.52978938
4985,44.10276881,41.99222414,19.49386891
4986,158.6566306,53.05506905,19.17322079
4987,-42.37708884,-21.13124555,19.16896234
4988,21.66344431,50.55393015,19.16105156
4989,41.97270617,44.08454485,19.1583354
4990,56.57274695,30.81410493,19.15456977
4991,-48.49861637,-21.26527333,19.1519841
4992,111.0112063,30.83493826,22.4646366
4993,33.87952043,13.32156104,19.1449126
4994,9.91759993,44.13105022,19.14347597
4995,127.2142734,37.25982354,19.48507834
4996,8.789652942,34.41805778,19.12080385
4997,24.32582516,42.19194636,19.11480264
4998,6.542700872,46.06953301,19.40849746
4999,72.29165658,31.053528,19.10760554
5000,11.33058758,50.71035871,19.09808546
5001,75.56321442,13.93967696,19.09615751
5002,101.3740829,14.07119869,19.08550225
5003,25.54220192,14.13895231,19.07997518
5004,-51.51383847,-27.17616198,19.06402124
5005,-89.82567565,44.38588892,19.0618256
5006,28.78941473,55.49092018,19.05956152
5007,-49.63650521,-27.21049531,19.43946354
5008,27.84152394,44.39717924,19.05819877
5009,8.761540069,50.81416823,19.05621648
5010,-112.0100336,34.72083554,19.05256667
5011,-109.5500028,31.33589978,19.05178797
5012,78.82154762,14.48098128,19.05167332
5013,2.093620167,49.428433,19.0494271
5014,44.39908523,14.54764795,19.04607941
5015,-6.577387889,37.69881162,19.03286033
5016,55.91113921,53.37736633,19.03088663
5017,-85.86875377,37.71012114,19.03000437
5018,-110.2753233,31.54519465,19.01011641
5019,38.2637539,48.02841077,19.00502192
5020,109.2881829,22.40416937,21.3790563
5021,128.095821,34.9396627,19.35493656
5022,117.6942011,52.2414367,19.00188654
5023,36.07973274,40.38663992,18.9881782
5024,117.8828585,-35.00539623,18.98794705
5025,39.13560951,44.63481364,18.98169541
5026,-47.89965806,-22.56735661,18.98166544
5027,-49.1233748,-15.32010448,18.97942203
5028,73.21318432,22.62743325,18.97357074
5029,22.96249188,37.94077589,18.97161213
5030,120.9592271,15.4878653,19.37678666
5031,50.40199696,35.1125022,18.96350181
5032,30.79349157,-27.77382862,18.96306058
5033,121.6551161,31.81666899,28.43427086
5034,69.69165668,22.77708602,18.95332387
5035,106.7541552,31.8592972,20.4045198
5036,84.90308769,55.72788599,19.18866312
5037,48.67699703,35.20972441,18.94125484
5038,119.161847,31.94968181,25.84465018
5039,110.7124884,28.06016914,19.29217318
5040,25.32082512,42.88055744,18.9082179
5041,5.360949376,35.38781083,18.90036177
5042,9.430474879,54.7885979,19.39505345
5043,109.1277662,23.20625267,20.07549772
5044,-60.88843069,-35.44891474,18.88628843
5045,-39.58243315,-16.36684357,18.88370008
5046,-0.572745272,51.24631107,18.88123284
5047,13.30617914,48.38472389,19.16070142
5048,17.27212753,46.7682309,18.86968069
5049,17.90244306,49.93554082,18.85398872
5050,-49.10453422,-16.70778559,19.26100095
5051,7.054894479,49.94534474,18.85019395
5052,115.3784882,28.43050246,20.73473235
5053,-97.39615715,32.35288692,18.84692129
5054,117.2661918,35.65571205,20.23368276
5055,125.8511782,38.47470444,18.83524928
5056,34.90640166,32.44839974,18.82737405
5057,-78.69528183,43.16500187,18.82206806
5058,109.8724884,51.40512059,18.81664621
5059,117.6817189,32.52532281,22.06711144
5060,-76.89583746,0.085609657,18.80550454
5061,29.45643102,0.492806611,19.23222961
5062,-61.89861584,-35.82021102,18.8003055
5063,66.2523711,38.61220444,18.79986286
5064,118.6014881,28.71783578,22.56012397
5065,-123.836721,46.97187672,19.09290352
5066,39.68345895,45.2157276,18.79326743
5067,-5.348926739,35.86682315,18.7894535
5068,58.4605857,51.47654916,19.3241103
5069,-65.82482341,-17.53966961,18.76910016
5070,-99.50272061,17.54873478,19.58427782
5071,47.49518321,56.10139024,19.24695221
5072,-49.6723537,-3.795450794,18.76537762
5073,43.51703651,48.69356226,18.76137356
5074,12.57050512,32.76955357,18.76126215
5075,61.30588115,41.20416862,18.75933378
5076,100.1063294,17.64366231,18.75856406
5077,74.00089564,17.69293767,18.75355198
5078,-68.14315924,-38.82826866,18.74403582
5079,115.8098215,29.03116911,19.49382566
5080,37.3587876,36.08595895,18.73827422
5081,71.82427154,41.29267436,18.73432473
5082,47.73315756,29.1121691,18.72953965
5083,-72.39659521,5.332579144,19.15188905
5084,3.258326003,32.94583562,18.72472176
5085,18.14686707,47.18906421,18.72358958
5086,34.89141297,50.30907022,18.70905201
5087,-4.216673698,5.936366999,18.70735654
5088,-51.88350512,-29.24749523,18.70535588
5089,46.26866379,36.24213178,18.701632
5090,-2.378652938,47.27213713,18.69462827
5091,110.8795338,-6.445829476,18.68979789
5092,115.8663572,39.04553775,19.35515359
5093,115.6166548,33.16634843,22.62930325
5094,-92.65609324,33.20769458,18.67011363
5095,102.5972109,24.80069705,18.66700597
5096,10.57730719,36.39645276,19.01090472
5097,113.4561549,29.47750242,18.6640176
5098,6.137492555,51.78321581,18.66227418
5099,81.85188347,7.245079068,19.08343309
5100,-72.94852579,45.63024371,18.65759899
5101,114.2628087,33.27468176,19.37358603
5102,8.99999244,7.330306337,19.50389221
5103,-109.2331925,41.58865136,18.65035994
5104,13.07458905,45.65497489,19.85294583
5105,117.3144112,33.31666893,19.36460962
5106,78.32615633,29.61816908,18.63858673
5107,25.37829638,41.63319159,18.6376806
5108,-97.09909752,18.85235792,21.46695132
5109,115.0762702,33.39423303,21.13897737
5110,-74.60059945,39.26339489,18.63078694
5111,33.48820575,51.87250153,18.62569648
5112,141.1184395,39.30357346,19.95051695
5113,59.41429223,54.30664557,18.61700056
5114,130.5627564,45.75739424,18.61578193
5115,12.63289459,41.71537549,19.25631784
5116,24.44883441,53.15532555,18.6120128
5117,22.06004094,50.56421726,18.88320787
5118,26.79443617,-25.19443984,18.6086023
5119,-70.4676768,41.75560538,18.60277078
5120,117.5493471,33.54936123,20.02930478
5121,-85.07276021,33.57756636,18.59231243
5122,37.12884934,36.7137367,18.9343932
5123,20.14892057,51.96202533,18.58897385
5124,85.93320365,51.96821581,19.38240977
5125,125.2306696,49.17386527,18.86544666
5126,36.50511954,33.62147661,18.58302446
5127,76.84215639,29.97283573,19.68842976
5128,9.618246384,59.18551711,19.23791128
5129,-98.14112646,19.4121405,18.57013123
5130,-56.44687994,-25.45450927,18.56954818
5131,-66.00379244,9.225003231,18.5686905
5132,-50.65521351,-25.48332871,18.56519638
5133,152.6961672,-25.52881482,18.55832
5134,69.00693448,25.5315998,18.55789852
5135,-69.06506854,-33.7637771,18.55284866
5136,8.293865017,50.71274667,18.55148717
5137,-89.578553,36.88102064,18.55026763
5138,77.95301998,9.597351701,18.5492203
5139,32.52846372,25.59340535,20.86718556
5140,118.352369,39.58660916,19.53936232
5141,-63.61401981,9.696594121,18.54390221
5142,-70.69497564,41.9639387,18.86292345
5143,16.04738799,47.71614752,18.53914736
5144,-68.30909538,9.922730476,18.53158061
5145,12.10239131,49.32058244,18.52929977
5146,85.82553285,19.80634339,19.33118508
5147,-73.44288061,46.0334695,19.42113042
5148,-48.33182345,-10.18976872,18.51666689
5149,149.7768201,-30.30982852,18.51191247
5150,-82.60982532,39.72262106,18.51008288
5151,-81.22949113,33.97372019,18.86391916
5152,110.4498072,19.97808251,19.71315832
5153,114.3141549,30.35483572,19.61352014
5154,59.66536398,42.14842145,18.4901733
5155,32.32815817,30.44216905,18.48736475
5156,114.856719,34.07115608,19.55395542
5157,106.6378219,30.46616905,24.02754752
5158,108.2365269,34.10192531,18.83593067
5159,19.35915869,52.23107294,19.27048587
5160,120.937488,30.52650238,28.07507092
5161,-45.54583871,-20.29401733,18.46964553
5162,31.02115823,30.54783571,19.2063896
5163,22.11409448,-34.17307196,18.46541389
5164,-102.023735,20.34801003,18.46335305
5165,-84.79808073,34.18365608,18.46313919
5166,68.99195433,39.9077401,18.46108297
5167,22.19852132,50.94828588,18.45911469
5168,106.167561,20.42916945,22.46546729
5169,111.6190856,26.23298866,18.83466414
5170,134.3336413,34.24711761,18.44949555
5171,-3.128556458,37.30293421,18.44902734
5172,113.8308216,30.65383571,20.6616761
5173,-49.52639411,-26.25589813,18.4468184
5174,-72.24697401,11.38144254,18.44533311
5175,-58.76326243,-11.42385958,18.44265002
5176,116.5581672,37.3396626,21.17219554
5177,12.4254825,51.00000156,18.43878936
5178,106.4124885,20.65272017,18.42753549
5179,18.14314684,40.03809724,18.42645998
5180,-94.69830588,37.41219346,18.42264537
5181,122.5317408,42.38778926,18.42112427
5182,-47.88859224,-20.72227818,18.41928996
5183,12.14778643,51.05539371,18.41700139
5184,17.79475015,46.35954476,18.41647135
5185,-42.88424462,-20.74945209,18.41606045
5186,83.09334533,54.75506898,19.41130192
5187,129.7498439,42.44296167,18.4051625
5188,14.85077346,48.10755376,18.40113354
5189,18.6569365,44.53389071,18.40086548
5190,125.7058211,44.5352796,20.85416365
5191,76.19401149,20.89511146,18.39868012
5192,78.78436465,26.56458587,18.39858623
5193,20.8710704,51.11446234,18.6643517
5194,18.18362302,40.1672639,18.39205831
5195,-2.362885893,12.25113947,18.38834867
5196,140.030642,40.19910913,18.38356274
5197,0.874012373,51.1441192,18.38206481
5198,61.48582367,31.03350236,18.37648721
5199,71.87915659,42.56221454,18.3706018
5200,78.20870179,12.52613946,20.03934682
5201,3.283586419,48.20000167,18.3684067
5202,18.92915871,53.72430701,18.36678139
5203,-5.58175985,42.59698465,19.3106253
5204,72.68415656,31.15216902,18.35399983
5205,27.41310899,37.75478604,18.67906711
5206,-56.40513315,-34.76441809,18.69017088
5207,-50.0817081,-21.41648105,18.73405108
5208,-122.6583356,48.30963708,18.615728
5209,34.24882476,31.29116902,18.3275587
5210,127.1621791,37.83595888,20.01572329
5211,37.34315797,31.34183568,18.31789392
5212,29.74177732,52.62869197,18.31403047
5213,4.36114854,46.67594259,18.31090379
5214,-76.90032464,34.89615605,18.30863156
5215,-48.59722748,-27.13541198,18.30799523
5216,109.198358,21.67228534,20.29361487
5217,105.9609454,37.90447739,18.98093865
5218,57.35589328,27.20486362,18.67803789
5219,40.06804675,44.86944625,18.29596297
5220,60.68436537,27.21493307,18.29523269
5221,11.45091827,53.89629774,18.29228102
5222,63.63705166,56.08859785,18.53108508
5223,-100.8662069,37.97608233,18.28540967
5224,18.9491082,49.97386524,18.28506335
5225,20.86565288,42.89238694,18.27449036
5226,-50.51685301,-21.9371332,18.27092881
5227,113.8308216,31.61850234,18.26486594
5228,-99.01540179,21.99402446,18.26378159
5229,126.0627751,42.93980073,18.89021171
5230,-48.73786757,-22.07191581,18.25396767
5231,94.91005845,27.48646083,18.25138665
5232,79.54401136,22.09800996,18.25067226
5233,-79.41987582,35.1727586,18.24787751
5234,118.1920335,50.08926927,18.24166137
5235,110.1400525,35.22788681,18.23571926
5236,136.5109722,50.11174402,18.2332003
5237,-77.58429897,35.26186116,18.22821687
5238,117.9743471,35.26506629,20.68104081
5239,111.6562383,27.70034971,18.21656058
5240,-57.50265641,-14.62613218,18.2116589
5241,115.3944326,27.75451638,19.34562765
5242,-43.46721561,-22.45343753,18.20541537
5243,112.7719086,22.46576357,18.99518238
5244,-74.94962541,-14.83181399,18.1949106
5245,110.841655,35.41859193,18.19352421
5246,-23.51326384,14.9219727,18.60088224
5247,23.55157232,43.20589268,18.18265599
5248,46.58691622,43.24612256,18.17083118
5249,34.95215807,32.10950232,18.53305624
5250,71.08004948,41.00625196,18.16629769
5251,-102.5585176,22.76141573,18.56054266
5252,-41.93569393,-22.7646694,18.16521698
5253,121.4321546,32.13983565,27.60908822
5254,-71.73141459,-35.59005908,18.15541172
5255,9.797909075,48.80755373,18.15210162
5256,10.09326163,35.67692525,18.13604151
5257,121.2874879,28.23854414,21.14899758
5258,107.6336423,35.73237397,18.12365483
5259,53.79012223,56.46293994,18.11378707
5260,13.07152005,54.30972365,18.11249609
5261,114.2766187,23.17409688,18.50521979
5262,40.39139743,48.92213706,18.11106999
5263,-106.861114,28.4052108,18.10000464
5264,-51.38388196,-23.31901721,18.09230654
5265,123.1743158,47.33320063,18.08977295
5266,17.47378242,47.33508235,18.0891361
5267,141.1967133,41.29047814,18.08891365
5268,74.17148983,32.53283563,18.08658636
5269,11.05661,51.8901976,18.08648574
5270,12.19019502,55.48750138,19.30552228
5271,28.82707498,-28.53228693,18.45532175
5272,1.159888587,49.01797039,18.07669483
5273,115.8331403,23.43895194,18.07631095
5274,73.49015653,32.5915023,18.07498859
5275,91.17625727,23.47192295,18.46481937
5276,8.157653764,47.40174902,18.06656799
5277,77.81212737,23.52445918,18.45760873
5278,-121.1786135,45.60750178,18.06296912
5279,122.4249879,41.38958528,18.70674598
5280,19.31014828,49.07994955,18.05443534
5281,120.1211547,32.71316896,38.26747212
5282,-47.58351979,-23.64691574,18.04838984
5283,12.89612324,41.4619067,18.04202041
5284,9.72216983,47.48454471,18.62026912
5285,77.99279271,16.75038172,18.43734977
5286,118.1634496,36.18205343,21.14128485
5287,50.07691387,36.18493805,18.02191725
5288,121.231238,41.53541861,18.98745086
5289,-111.3802659,56.70789607,17.99773427
5290,130.7064876,33.01050228,17.99160835
5291,119.1760297,29.0479191,22.48900174
5292,11.45728401,49.27708496,17.98348955
5293,-116.3378359,33.07583561,17.9785199
5294,-0.688769799,50.78623894,17.97791797
5295,113.4037926,24.1907635,17.97426018
5296,-54.87222723,-29.18645357,18.34194901
5297,8.141659141,49.33541829,17.96245221
5298,25.33634236,43.95790414,17.96010402
5299,120.4521546,33.20550227,26.92974946
5300,-89.69643218,41.78958526,18.27250841
5301,-54.38750502,-33.23049507,17.94744218
5302,-82.97762734,39.3402798,17.94599684
5303,-100.9527809,29.32257187,17.94422098
5304,105.903808,29.3527802,29.15155335
5305,15.58749218,49.40755371,17.93641488
5306,109.7338652,24.49257508,20.27193786
5307,101.7410602,2.649805081,17.93204698
5308,41.36687711,56.85241361,17.92910739
5309,50.17082413,58.72750125,17.92418582
5310,-54.06033112,-24.5545244,17.92378179
5311,48.51677014,55.84696083,17.91976011
5312,101.9101078,3.51329711,17.91789223
5313,9.83591583,55.8512401,18.6444557
5314,-76.29821843,3.534725681,18.7707097
5315,15.24094047,44.11939839,18.22075952
5316,-6.128212083,36.68878418,19.28486017
5317,113.6131549,33.44416893,19.33657275
5318,112.8146488,39.52423041,17.89943535
5319,40.06007184,47.89502857,18.18757985
5320,-37.77639458,-4.54940098,17.89567811
5321,114.2180438,4.581551036,17.89489836
5322,-2.260301227,52.37304072,17.89349217
5323,103.4156633,4.746630394,17.89080356
5324,-70.45114075,-18.18257143,17.88982445
5325,24.86070609,42.03512097,17.88402564
5326,86.55891791,42.06309716,17.87626917
5327,37.59312855,52.42009954,18.13756837
5328,-0.632348445,5.352185926,17.87454771
5329,-0.696634156,5.532344649,19.99667243
5330,107.8184409,-6.310115195,17.84486009
5331,-84.74517048,33.74083558,18.55768074
5332,43.31596329,54.93171437,17.84016186
5333,16.3430477,46.30777953,17.83905283
5334,-76.37044065,-6.491067569,17.83870716
5335,-121.5756434,37.00929699,18.1766617
5336,-3.497427695,6.729566823,17.83033141
5337,129.2535591,42.22976382,18.14844011
5338,108.6327266,-6.828369143,17.82677186
5339,72.57707323,49.71875161,18.10232125
5340,97.57051359,39.83534151,17.82026028
5341,23.11784902,42.26845429,17.81918957
5342,100.5970126,7.175201726,18.66221377
5343,22.36868238,53.82631097,17.81365616
5344,-93.75660067,30.08021073,18.18309148
5345,109.3581233,-7.397813564,17.80525958
5346,111.0045519,-7.42479769,17.80419784
5347,6.682730628,7.511312823,17.80076681
5348,55.77723416,58.07831324,18.02679045
5349,21.36050782,-7.6954326,17.79333314
5350,-74.82321849,7.875201698,17.7859025
5351,28.37306859,37.21987391,17.78500057
5352,13.03426647,48.25551242,17.7753338
5353,25.17082513,48.25605006,17.77514899
5354,-91.24271188,30.30937739,17.77151484
5355,64.28563838,40.07453903,17.7590229
5356,-2.751967874,52.7115211,17.75741254
5357,58.39296665,53.96607287,17.75472957
5358,115.3890907,37.35929698,18.77696709
5359,112.885405,30.4315996,21.81781774
5360,33.50442694,48.35551242,17.74095382
5361,29.53426581,48.3646522,17.7378089
5362,-53.4913245,-30.51666185,17.73456681
5363,114.6385299,30.54166904,19.94660439
5364,80.80198232,25.92989387,17.72646298
5365,57.32787512,37.48013031,17.72449578
5366,72.73370201,19.80151796,18.52636599
5367,75.22271706,19.84053311,17.71655953
5368,-55.25017166,-34.37916169,17.71252839
5369,-83.07793598,40.29614396,18.02978556
5370,70.45048998,34.43216889,17.70151454
5371,74.31937389,26.10453154,18.08550573
5372,126.5515682,44.82744434,18.91935409
5373,-36.66210891,-9.747416645,17.69837762
5374,-48.92803555,-20.02385924,17.69650175
5375,116.8242937,30.74409959,19.90540761
5376,146.2674112,-20.06969257,17.69145849
5377,27.97668921,40.34367483,17.68974516
5378,106.1033976,20.11439673,17.68652976
5379,-81.17202776,42.77916856,18.6234995
5380,110.1136378,44.90819146,17.67434873
5381,57.4689299,-20.25567741,19.67882898
5382,37.98749128,44.92859376,18.58215078
5383,15.18909476,37.73750209,17.66429659
5384,-84.29711921,37.74230978,17.66316962
5385,5.918129818,52.95612893,17.65867033
5386,-43.50644485,-20.39355619,17.65550931
5387,28.47154963,-26.421191,17.65351355
5388,72.46700379,30.98090514,18.01873854
5389,-86.74583706,34.68916888,18.70623161
5390,-74.84984988,40.51651433,17.64504468
5391,5.631937019,51.65745103,17.91171943
5392,24.50714994,58.39006537,17.64399489
5393,109.4583218,31.02708569,19.48044982
5394,35.48124138,31.03090514,17.64189649
5395,-87.5801319,37.84423286,17.97832279
5396,28.84824433,48.67916832,17.62930005
5397,69.78043873,37.91474567,17.62263106
5398,129.8362971,42.97470426,17.62110624
5399,112.1531934,37.92275849,19.99335584
5400,34.67659398,37.96859182,17.60993915
5401,86.12439412,54.31631095,17.606578
5402,117.2854048,31.25659957,19.06761115
5403,-80.10849165,40.6921316,18.25137475
5404,6.868619976,53.11054069,17.85506889
5405,15.12332553,47.0602795,17.59538259
5406,-97.37765482,20.95416943,20.39066556
5407,124.7899569,40.72824271,18.24157964
5408,27.45814388,-26.91575619,17.5787757
5409,16.57486587,51.84305708,17.57274918
5410,73.09468685,21.13182094,17.97084091
5411,-93.20684871,43.15089473,17.5712618
5412,14.91613804,50.41718908,17.56889023
5413,116.2994881,35.0695022,22.48618947
5414,-60.93299087,-31.44860625,17.56558092
5415,105.818928,21.19886639,23.95076926
5416,38.23147275,55.56574212,18.53584582
5417,139.2648206,-35.11682833,17.55788282
5418,-60.49317145,-35.11916166,17.55738897
5419,33.93015811,35.12383553,17.55639953
5420,36.30765264,48.89018982,17.5561892
5421,-3.552871641,50.46015783,17.55312187
5422,27.96153014,38.22884822,17.54837209
5423,146.4092818,-38.23749487,17.54631979
5424,74.86855041,21.35985123,17.94370947
5425,17.02249212,54.46440618,17.54372718
5426,-42.69508125,-21.392041,17.54117748
5427,40.65207451,55.61736249,17.53741132
5428,83.96097429,21.48598759,17.9286243
5429,-5.664358825,40.96157604,17.52919064
5430,37.90138017,40.97423036,18.82411975
5431,37.06796751,54.50988237,17.52440258
5432,30.23046034,50.53854325,18.89373741
5433,-50.57953416,-27.29836487,17.5200619
5434,5.336476326,60.34136298,19.44432907
5435,41.5212213,12.84583642,18.34699672
5436,29.26881347,45.4426742,17.51142891
5437,-96.92016999,35.34683552,17.50906233
5438,11.72612869,52.0172995,17.50534708
5439,80.12662003,27.40127062,17.88473682
5440,3.970825975,49.04717906,17.50163838
5441,99.94423483,13.10694752,17.49512776
5442,123.7355037,13.14702688,17.4923468
5443,114.6578215,35.43850218,17.4895229
5444,-111.00035,31.86076621,17.85364629
5445,-68.60256856,-38.49550768,17.48490909
5446,24.89243008,41.13719331,17.48317867
5447,-97.74216996,35.49116885,17.478281
5448,44.84349101,35.52683551,17.47065753
5449,112.5186477,27.73605322,20.10769501
5450,125.3560063,41.27484763,17.76998601
5451,8.98669879,13.80893162,17.44520392
5452,27.98039292,41.29552664,19.70256383
5453,14.79807779,56.888177,17.67647609
5454,114.6748071,27.81286481,18.95625732
5455,44.17677675,13.97242368,17.43320835
5456,4.533492619,35.70716884,17.4320071
5457,82.56627738,22.33485119,19.01292464
5458,119.1938214,35.76050217,19.51102794
5459,-16.07798275,14.14742367,17.42021423
5460,32.98233275,14.24663001,17.412777
5461,-48.98599009,-22.4689349,17.4119732
5462,12.78410687,50.87135573,17.40171374
5463,22.58263079,-32.36353677,18.12005344
5464,75.29468676,22.60568451,17.39513033
5465,100.1152666,14.48393159,17.80898035
5466,75.38459123,28.12735755,17.3901825
5467,107.9094582,22.64810875,18.97097248
5468,22.43877395,38.89519435,17.38906815
5469,122.7374879,41.51342787,18.34971262
5470,27.83685066,38.92596358,17.38165449
5471,13.01070657,43.82529947,17.3789043
5472,-114.8358359,35.96950216,17.37547076
5473,73.6109747,22.77879057,17.76850042
5474,108.4624885,22.78485117,18.16264659
5475,-70.58966487,41.56034144,17.37162599
5476,4.816138441,50.99687656,17.35531085
5477,116.2476331,28.37047348,18.10566554
5478,174.0704987,-39.06730253,17.68124012
5479,115.7811548,36.11350216,18.38502295
5480,119.9229952,28.45634304,19.59893436
5481,-124.109526,43.9931566,17.63980489
5482,141.1506282,39.14263024,17.66246825
5483,-103.1347253,32.71146062,17.32916771
5484,-47.52462651,-23.21098032,17.31940199
5485,52.65240297,58.13837847,17.3132091
5486,119.0009496,39.22980972,25.29406053
5487,118.2345895,28.6788068,19.55840358
5488,-78.41017073,36.32483548,17.2983053
5489,-105.9493085,32.90590506,17.29201309
5490,75.40756554,23.45947236,17.28775935
5491,113.0976332,28.80018361,22.16660801
5492,21.74985752,49.69691021,17.27442914
5493,14.42138111,48.04500168,17.55960994
5494,7.329159174,49.71841559,17.26686924
5495,85.35377726,23.67159356,17.26049296
5496,5.069058254,52.65517826,18.04130335
5497,23.09026965,42.01188464,17.25152169
5498,32.01715819,36.54850214,17.59438792
5499,111.4801967,33.13264116,17.60775848
5500,-97.42083664,42.03410686,17.24558302
5501,-81.30127206,29.03387925,17.61885989
5502,129.5599014,46.3148006,18.72873985
5503,123.932831,53.98578575,17.23936894
5504,31.09654953,29.07300968,17.61239406
5505,-51.11250516,-16.43630527,17.23563954
5506,101.7240628,56.30671431,17.23037711
5507,-94.20848044,46.35675462,17.22918039
5508,15.94039071,29.13242997,17.227852
5509,111.4812383,33.30139116,19.72601933
5510,32.89203694,24.09469961,17.20540579
5511,69.84119371,42.19274883,17.20310699
5512,114.9494882,36.77250213,18.57635547
5513,-110.8170167,33.40486337,17.1957574
5514,117.9200638,24.17045718,18.36770927
5515,-49.7335197,-29.33242276,17.19491787
5516,-82.14097614,33.41076615,17.1946102
5517,-86.37564477,39.69551483,19.17844425
5518,125.1983852,39.69583535,17.19450263
5519,17.73776987,48.29166833,17.47648023
5520,-100.9041698,29.37699518,17.18754914
5521,-2.960173748,36.83983546,17.18527371
5522,29.55529465,-24.31135906,17.1768373
5523,42.16177683,55.32512043,17.66641917
5524,38.41443571,48.34472389,17.17225726
5525,74.17518825,17.28313783,17.569105
5526,88.05945897,24.47613898,17.15494923
5527,96.48709212,17.34543941,17.15482164
5528,46.41561594,33.64409948,17.14914009
5529,115.8943722,29.60960386,22.36714295
5530,74.29292461,29.6103285,17.52162844
5531,-52.19801236,-29.61684304,17.1477208
5532,20.21427771,44.65833515,17.13790087
5533,80.68669592,17.60893147,17.13060393
5534,124.8655434,48.48277944,18.26839909
5535,126.1038671,46.68893851,17.12548735
5536,80.87161655,17.67837591,17.53189683
5537,-50.00341429,-24.79658632,17.11197697
5538,-84.21378588,40.037502,17.11043218
5539,92.79127697,24.82727533,17.10783348
5540,118.4030678,29.86141545,29.75063375
5541,-41.50933094,-17.86686076,17.10655272
5542,50.14515746,37.19783545,17.44807256
5543,27.06625516,50.18346933,17.10277284
5544,-71.99244259,42.57145251,17.10116799
5545,35.25415806,0.522503579,18.37738914
5546,29.2841583,-0.775829702,18.80384146
5547,136.0833207,-1.174579686,17.5197447
5548,-107.8701696,37.28250211,17.08699363
5549,115.8541548,-1.900412991,28.19307928
5550,-119.1846289,46.81968564,17.08451039
5551,73.25053335,30.00163283,17.08319614
5552,111.6374883,-2.694162959,17.07754025
5553,-78.89125404,-2.834162953,17.0755794
5554,-1.992784898,48.64361277,17.07251061
5555,-90.48641662,30.07916906,17.07010103
5556,-66.04583789,-18.35178138,17.06041375
5557,6.763250105,53.16224895,17.05828708
5558,1.144003171,51.79505361,17.0582193
5559,51.93606215,55.60416804,18.51896581
5560,105.8313291,30.18424152,22.24218364
5561,29.13824921,-25.23598024,17.05218959
5562,68.34686507,51.81198069,17.05188151
5563,103.435822,4.247920097,17.90272227
5564,-105.7498767,53.19886511,17.56043856
5565,-81.26625395,-4.582912883,17.04272831
5566,28.9420371,-25.30605599,17.04256378
5567,9.442909089,4.635420081,17.89356104
5568,21.79262013,40.32083532,17.04024491
5569,13.80577182,50.36008223,17.04014787
5570,106.4452842,50.3611575,17.03976554
5571,95.45463184,55.65678709,17.03325829
5572,18.80415871,-5.033329532,17.0317623
5573,8.646123407,45.02529942,17.03055241
5574,15.06207553,-5.129162862,17.0292967
5575,-39.86409291,-18.71646391,17.02492206
5576,-47.49861641,-18.72836867,17.02375228
5577,-44.43671177,-18.75733692,17.02090181
5578,119.2492936,34.29791889,21.27580871
5579,-79.25231884,42.89336608,17.32884871
5580,134.8590152,34.33194667,17.01343352
5581,-107.9096043,30.41974876,17.01220948
5582,116.2950968,30.44329948,18.11741678
5583,17.39550492,40.45000198,17.0081076
5584,-68.17850447,-37.66349489,17.00158134
5585,17.3326534,50.47352309,16.99983433
5586,-90.47808329,30.49837195,16.9987602
5587,6.189575886,6.253336683,18.69661912
5588,-57.35958824,6.25625335,16.99681827
5589,-68.02450448,-37.70482823,16.992269
5590,17.42114595,40.52692506,16.98892682
5591,113.0402661,34.45937722,20.88107012
5592,108.4054051,-6.612079469,17.4098351
5593,50.23640383,30.60018354,16.98129632
5594,9.497549891,47.15445574,16.97917626
5595,107.1433218,-6.816662794,16.97828324
5596,118.9755315,30.62192267,22.1443267
5597,127.9621901,45.21488274,18.79396853
5598,108.239919,34.53229389,16.97344169
5599,76.29183757,30.66358933,17.70833789
5600,38.48415793,7.047919985,20.36426668
5601,-48.2120886,-7.194162779,16.96490561
5602,-39.31667229,-7.219996111,16.96396376
5603,13.58415892,7.317086641,16.96039414
5604,-64.80308432,-30.72481401,16.95984505
5605,60.79096259,56.91250132,18.37217783
5606,45.35415765,25.92197226,16.95686172
5607,-79.54500402,-7.41666277,16.95668386
5608,83.55415612,25.95076014,17.72350255
5609,79.44961083,25.99318438,17.33205455
5610,-41.04187064,-19.50455911,16.94590763
5611,-99.08429811,40.70224556,16.94509425
5612,-8.821673514,7.75500329,20.75603746
5613,131.8343625,34.68402999,16.94301405
5614,75.16719994,30.82409657,17.31109376
5615,4.674575946,7.908336617,17.36105279
5616,-51.19107658,-19.67678133,16.92821944
5617,4.716659278,8.151253274,18.62050202
5618,111.7565856,34.76007165,16.92772038
5619,122.0070392,40.77852761,19.85628156
5620,75.78938371,26.17007831,16.92178903
5621,-45.26448952,-19.74146386,16.92153734
5622,105.4602159,26.23219952,17.2974068
5623,23.25953488,50.72137254,16.91151579
5624,25.85704305,40.8557712,16.90657784
5625,-79.90769631,40.85929684,16.90569172
5626,44.8837873,43.2921315,16.90506914
5627,77.56368017,19.91845518,16.9031442
5628,-36.48542241,-8.887912711,16.89605161
5629,-79.73229568,34.91771054,17.2479395
5630,-79.70958734,8.923753243,16.89443884
5631,-97.90308299,31.12119801,16.89108636
5632,46.10570083,43.35355125,18.4518546
5633,112.8382459,26.41666921,18.80537488
5634,12.06943676,49.20639052,16.88339661
5635,3.438109946,43.37608211,16.88204754
5636,15.87554772,49.21305719,16.88114655
5637,-75.39708752,9.299586561,17.2990808
5638,-1.552611305,52.28437651,17.13812467
5639,28.35946136,-26.50719231,17.25704765
5640,1.191937197,49.24472385,16.87045264
5641,-50.54940994,-20.27320987,16.86579975
5642,34.02883759,41.02179683,16.86478591
5643,127.9810483,26.60606314,16.85939281
5644,82.22144013,43.48009445,16.85347319
5645,44.5689725,43.48595865,16.85185981
5646,99.89542531,20.44861389,19.25404015
5647,30.39322075,52.36562651,16.8437331
5648,31.42215821,38.35916873,16.84365872
5649,105.0966553,9.992919867,18.52782952
5650,78.76832298,10.07791986,16.8390561
5651,115.4841548,38.3868354,17.17399304
5652,78.03723715,53.73649135,16.83138389
5653,-91.72569798,35.24409941,16.82966789
5654,27.78909425,41.16891221,20.06447443
5655,-72.32250431,10.32250319,16.82646239
5656,121.3733854,41.17724554,19.09100231
5657,101.4524887,56.14059659,16.8239218
5658,-67.66875449,-45.73451838,16.82105515
5659,7.323206793,45.73571606,17.12114911
5660,9.443742422,52.43020984,16.81934485
5661,16.29518446,41.22724554,16.81287096
5662,-8.862173512,38.51883539,17.47947359
5663,45.60485209,35.37708552,16.80251407
5664,-45.27282285,-20.89344795,16.79897701
5665,-63.90054812,-31.66684296,16.79511197
5666,140.9594872,38.57683539,16.79372849
5667,17.96693653,49.47889051,16.79122019
5668,-66.06375456,-11.01041263,16.78943676
5669,93.49939382,56.23750135,17.02163318
5670,113.1291549,38.62950205,17.45318343
5671,-13.21553697,27.15265403,17.16112211
5672,13.46963512,45.87827557,16.77826742
5673,24.93645014,52.539064,16.77818958
5674,38.48116942,47.80416835,17.06214396
5675,-5.673340306,11.31250315,18.03032629
5676,-108.729864,35.52465496,16.7722791
5677,-120.9878357,38.67383539,16.77139832
5678,79.2089182,21.2335345,16.76151191
5679,-82.97183721,38.74116872,16.75586959
5680,-87.04930927,35.61250218,16.75422565
5681,117.4522103,49.59111273,16.75314563
5682,45.49222071,58.37376253,16.74685576
5683,-68.05750448,-38.82882818,16.73561735
5684,109.2159831,51.21707144,16.73389554
5685,60.12050322,41.56730963,16.72645553
5686,-86.43750374,43.95447715,16.72242904
5687,78.04695938,27.59962371,16.71357656
5688,-5.470006981,12.38916977,17.54348376
5689,106.5089939,51.2977166,16.70487511
5690,70.44106141,21.74464559,16.70411063
5691,114.5233578,32.19547333,17.78971397
5692,13.40874226,-12.5862459,17.11311787
5693,0.410930284,52.75833482,17.21686869
5694,110.1444776,51.32943703,16.69345125
5695,51.4135777,32.24873419,17.05394092
5696,65.71915684,39.03716871,16.68732431
5697,65.57449018,39.04283537,16.68600767
5698,79.70040628,12.83708642,17.09668475
5699,121.1777053,32.31358926,20.66735012
5700,-77.79037765,48.10072007,16.67821876
5701,-84.24548994,36.01215494,16.67159374
5702,73.39872175,32.36540086,16.67001326
5703,-54.16866445,-32.36756757,16.66962218
5704,109.931536,22.0700424,16.66688185
5705,44.66466493,32.38460375,16.66653973
5706,5.643444955,46.25833508,16.66462298
5707,126.1038211,39.1411687,16.66313356
5708,4.764575943,36.06805771,17.70114642
5709,36.73504035,55.38995236,16.65822291
5710,23.30157233,48.18434075,16.65139564
5711,44.13457437,13.30250307,16.64902685
5712,87.30058455,22.34742334,16.63472749
5713,36.01031745,32.56540085,16.63373921
5714,25.55928665,41.9368609,16.95174776
5715,70.18202124,52.93672023,16.62731074
5716,-61.12431031,-36.2350644,16.62514961
5717,116.6011245,28.24015399,17.74982785
5718,115.1520715,36.2868077,16.96042485
5719,46.65249093,61.25708448,16.61274461
5720,127.2254877,39.37216869,16.9415099
5721,15.21193664,50.03111271,17.43275032
5722,-1.602891751,42.07147628,16.59723348
5723,11.3336233,46.48631126,16.59609158
5724,117.9907489,32.78279214,19.11920061
5725,-43.70933085,-22.73749549,16.58885691
5726,83.62112041,46.52797793,17.17597287
5727,59.21176579,32.87228489,16.57768284
5728,110.9926471,22.91964554,20.51204095
5729,30.89106299,46.5854184,16.86216315
5730,-49.1479219,-14.52374582,16.56355472
5731,119.0095895,33.01829938,21.22842446
5732,109.4906134,36.59409936,17.58444036
5733,77.52201351,23.09623283,16.54600051
5734,34.32394976,36.62326602,16.54365811
5735,47.90549088,39.65183535,17.20541931
5736,-39.04375564,-14.80416247,17.37001499
5737,-64.90292127,-14.83582914,16.54052844
5738,32.02423394,-28.77423767,19.54167475
5739,-1.947030932,46.70178745,16.82611911
5740,36.11031744,33.13387909,16.52952131
5741,-7.863788937,42.33621986,16.52885289
5742,-52.50909601,-28.8234801,16.52708494
5743,11.74206222,51.79314669,16.52584162
5744,78.01761788,42.34936088,16.52544928
5745,21.16496109,44.70571169,16.81812879
5746,52.78875331,54.53649132,16.51234191
5747,-70.45720135,-28.93294979,16.51003526
5748,24.71338467,46.78125173,16.50702928
5749,38.37369816,48.63462809,16.50633233
5750,50.87499077,36.80277991,17.53752435
5751,68.7939003,42.42596344,16.5055908
5752,32.46082483,15.34166965,18.1522404
5753,75.13082313,15.35625299,16.50106063
5754,17.14561177,60.67190288,16.49627919
5755,-47.59583863,-23.52122562,16.49439821
5756,113.5878851,23.54543917,16.49143116
5757,30.93804712,50.36305714,17.0392887
5758,-56.52228755,-33.37916173,16.48404979
5759,104.9110393,33.39511096,18.63067005
5760,65.09617075,36.93472434,16.47772112
5761,-113.7907078,42.53782241,16.47653819
5762,-6.596801808,42.55545062,16.47195422
5763,-88.81902539,33.45344429,16.47021889
5764,103.1870918,23.8148836,17.24210317
5765,35.81526915,37.03368267,16.79961046
5766,116.5735096,51.98803915,16.45506056
5767,130.5294629,44.92330427,16.45115929
5768,-16.49000654,16.01958629,16.44881973
5769,6.877671096,46.97410886,16.44854843
5770,71.43966386,33.58967617,16.44478065
5771,-72.47833763,-16.10082909,16.44226898
5772,150.8048781,-33.61865448,16.43935772
5773,47.1434433,24.01250264,16.4336274
5774,128.2156127,37.14305767,16.43334249
5775,77.45447688,42.71795061,16.42962011
5776,-72.46167097,-16.25707908,16.42958849
5777,-46.90083866,-16.36582908,16.42069239
5778,135.3845888,33.73098051,16.41829667
5779,43.07964794,55.96446215,16.41741346
5780,5.483325914,47.09018029,16.41325952
5781,124.1208212,42.7826942,18.30693171
5782,8.905393678,45.07824254,17.01482094
5783,111.8757459,29.62462363,16.40092668
5784,-81.65795848,29.65189635,16.39657576
5785,37.80243382,48.98261658,16.39350239
5786,-84.1701705,40.29016866,16.39217571
5787,-51.47121726,-29.68976794,16.39052745
5788,-91.19659446,29.69545696,16.38961841
5789,2.069933193,47.21994219,16.37372604
5790,76.3950655,29.80492665,16.37209186
5791,30.63067339,-29.80794975,16.37160705
5792,113.4617307,29.81969938,19.34591081
5793,112.8996095,29.82424483,18.97275136
5794,20.24098661,52.22863054,16.63144563
5795,103.7565363,24.53948675,17.14653365
5796,69.48381355,56.11519743,16.35394508
5797,37.37607155,45.28534129,16.65141705
5798,-119.5452405,47.31518028,16.34465527
5799,88.05962469,53.69114729,16.33877848
5800,-86.84511242,34.1657631,16.33617759
5801,119.5766185,34.2023573,19.16933852
5802,16.48943658,50.84222379,16.59619391
5803,28.82082498,47.38452551,16.32345912
5804,-115.6942333,43.14134803,16.31868352
5805,-89.22014252,37.72534931,16.30813685
5806,60.0599441,58.34490867,16.76027604
5807,118.2743928,25.01369308,19.02409509
5808,88.13391785,25.0140899,16.30602941
5809,109.481049,30.28977512,21.84624774
5810,122.7061546,40.70316864,17.27087127
5811,34.32450123,56.26005037,16.2928413
5812,114.3128851,25.12718513,17.45518956
5813,-119.5346039,34.40561817,16.29047069
5814,11.09433759,47.49672789,16.28911056
5815,140.9388761,37.81840486,16.62725315
5816,125.0698952,45.51744005,16.28240954
5817,44.2041577,52.46599612,16.28064025
5818,-49.36625523,-18.02166235,16.27805215
5819,77.23524612,43.31538648,16.58589845
5820,8.683325786,53.86406395,16.78095477
5821,83.4008228,18.11625288,16.6762453
5822,172.7632105,-34.53532111,16.61926077
5823,74.57248982,18.16500287,16.26507391
5824,27.79780915,-25.33273348,16.26439714
5825,-70.33792105,18.2745862,17.0679133
5826,75.87612613,30.53030541,16.25444986
5827,-58.94801209,-34.61140806,16.25102554
5828,67.79339287,38.00139097,16.24818468
5829,-108.0771854,25.46012163,16.2476135
5830,140.8961677,38.00868264,17.26157578
5831,34.62499141,47.64434693,16.2438222
5832,-81.10917062,40.91250196,16.24260933
5833,33.21380726,0.44408253,16.66804588
5834,9.503825753,40.92250196,16.24019003
5835,11.94212195,45.67639066,16.23695809
5836,40.06512278,1.735749145,16.23388222
5837,-108.4672648,25.57004226,16.23306723
5838,99.03290551,18.57625286,16.63297865
5839,112.9537164,-2.540127877,16.22560356
5840,32.05190593,59.47533906,16.66355778
5841,-115.7584796,49.51422576,16.21993082
5842,-92.41717017,41.00950196,16.21912097
5843,16.28396651,43.52916853,16.21626832
5844,27.66923772,-25.7160668,18.14379852
5845,101.6510852,3.437942059,17.9192936
5846,102.5366115,-3.468198016,16.2121844
5847,-58.77569929,-38.17186987,16.21096804
5848,37.51639755,54.02552227,16.20994787
5849,-40.35504945,-3.691005024,16.20834613
5850,88.87399718,25.79940733,16.20252278
5851,101.0243309,4.01118765,17.05518647
5852,30.36930977,-30.84620729,16.57057601
5853,45.48049098,41.08983529,16.19963143
5854,7.293406487,52.68830794,16.19910965
5855,101.1453835,4.304608691,17.04895963
5856,7.142849657,47.80654931,16.48321325
5857,14.78715888,41.12783529,16.19040252
5858,31.30226428,30.97765388,16.91625583
5859,32.80942131,-5.020390936,16.18048693
5860,-80.53859094,34.98895148,16.17810992
5861,115.236611,5.29101216,16.5994203
5862,-89.6795326,35.05779205,16.16473834
5863,-2.109550126,52.8017488,16.67829014
5864,-84.35250383,41.28350195,16.15251633
5865,28.80082498,41.28850195,24.22828587
5866,-2.950007082,51.34639044,16.41824404
5867,69.52982335,41.30916861,16.14625776
5868,23.58679741,38.46771039,16.1460395
5869,-112.5162064,45.9936746,16.14584715
5870,-82.35985239,31.21060841,16.14174879
5871,0.468194536,6.612503336,16.13595818
5872,-4.612759541,55.47487512,16.13383201
5873,18.11040874,-19.57916228,16.13167971
5874,16.19665882,51.40389043,16.12898296
5875,108.9181902,-7.031355768,16.12222331
5876,27.2314311,31.34469932,16.11926564
5877,120.0797957,43.89807877,16.73834922
5878,-79.43004788,-7.203285586,16.11634346
5879,67.24037473,43.91154031,16.11454815
5880,39.36814599,48.08273977,16.10867166
5881,77.98669603,26.4962327,16.1081483
5882,44.79982434,41.47250194,16.10635403
5883,-83.51401901,31.45341143,16.10097265
5884,-123.4336332,48.11041834,16.10010608
5885,116.9443063,31.46629022,17.19649103
5886,27.98749168,7.704169959,18.21665066
5887,4.433545254,7.734433115,18.21546366
5888,6.733983759,7.794959429,20.75411138
5889,-8.608840189,41.53516861,16.41289891
5890,28.29284881,48.16369215,16.08360836
5891,112.324769,-8.119513619,16.08262183
5892,128.7556036,35.48713986,16.43046297
5893,5.041659265,44.03878389,16.08053455
5894,32.33182484,41.63383527,16.06680812
5895,115.1436285,-8.546706584,16.06552847
5896,9.013980535,48.24494215,16.05841792
5897,10.07796859,48.245835,16.05814117
5898,-48.31875527,-20.32124559,16.05780389
5899,38.98222808,8.743643601,18.17008755
5900,4.816338761,44.13269414,16.05537973
5901,100.227965,26.87916919,19.87853913
5902,-6.976743032,38.87812704,16.05524184
5903,7.443147264,48.26875167,16.05103202
5904,-2.446646887,53.09368427,16.04979004
5905,81.18471177,26.93115332,16.04804288
5906,18.69381389,50.04066252,16.59975413
5907,29.23471385,-26.95733659,16.0443948
5908,115.3777056,35.72808188,16.38189386
5909,135.6669318,51.67805709,16.03310952
5910,23.91590093,31.87083566,16.0301938
5911,126.1593628,39.00833537,16.02626038
5912,116.7914736,35.76540072,16.72277062
5913,118.0389249,50.11278895,16.0227692
5914,-4.426900962,31.93598717,16.01906979
5915,-48.90667191,-20.73624557,16.01533078
5916,51.85112709,32.00909323,16.0065626
5917,17.79136114,48.43541833,15.99923855
5918,-69.12610093,10.07916986,15.99704298
5919,-66.78618874,10.11908214,15.99510972
5920,38.11277863,50.19813378,15.99450957
5921,8.75449245,41.93216859,15.99333807
5922,-65.60377442,-27.34781277,15.98959821
5923,15.01515887,41.97316859,15.9832057
5924,7.280270287,51.82666819,15.98098205
5925,14.54151521,50.25560504,15.97545846
5926,112.1811391,27.4625025,16.73408376
5927,-63.26294327,10.65636282,16.38860524
5928,28.55802737,48.53601356,15.96790983
5929,79.83398083,10.80504703,15.96069959
5930,19.52049202,42.07183525,15.95879048
5931,79.37696331,10.96776632,15.95221094
5932,75.14145805,27.61766123,16.71083308
5933,137.2476322,36.14511085,15.9504259
5934,-1.428865168,46.66836593,15.95041427
5935,116.2689275,32.33939625,17.76197196
5936,7.230595959,50.33549009,15.94895049
5937,35.0405217,32.40568412,18.11201987
5938,-76.15312915,39.49583535,15.91700811
5939,92.72871716,11.6418891,17.17226793
5940,-88.84350365,42.25483524,15.91337741
5941,34.92688534,32.5500023,15.91320996
5942,3.122159342,42.25783524,16.54921488
5943,4.435949413,46.79861284,15.91242365
5944,5.548881467,52.02305707,16.1771363
5945,-52.24385432,-27.90059052,15.91076137
5946,33.50631862,46.80663753,15.91008036
5947,0.54243105,46.81682272,16.20156936
5948,42.9903757,44.71154027,15.89935428
5949,-74.35972645,39.57812702,16.56099402
5950,18.61546825,48.77321593,15.89383552
5951,-74.20937923,39.60521035,16.22319219
5952,-62.8588815,-36.44945146,15.8893974
5953,20.64304753,52.11416818,15.87982038
5954,57.80582382,58.28964413,16.10599985
5955,22.63749189,32.75985077,15.87661189
5956,77.32836272,28.14821676,15.87496622
5957,12.95475419,48.83660879,15.87399121
5958,-65.59958791,-22.09249552,15.8707556
5959,6.209714774,52.14000151,15.87071006
5960,-87.37699646,36.54728475,15.86968217
5961,19.32915869,50.57543261,15.86913668
5962,110.579155,32.81742653,15.86653275
5963,83.97955293,28.22043898,15.86447048
5964,142.9364118,53.59475952,15.86406375
5965,70.78373997,22.16750271,15.86250268
5966,-82.19226582,28.23869295,16.23950896
5967,71.6566566,22.17833605,15.86130875
5968,-49.66333855,-22.21374551,15.85740168
5969,108.0418744,12.6870645,16.68932177
5970,7.340377122,44.89070693,15.85072223
5971,4.84119631,47.02762518,16.43254152
5972,69.84832334,22.42666937,16.2296187
5973,-85.04129168,33.02689622,15.82972679
5974,13.5057793,59.38194567,16.70897187
5975,137.1774298,50.69583491,15.82897659
5976,106.0077784,36.75271952,15.82813335
5977,115.2579427,33.06363864,19.77981301
5978,7.712492492,52.27750151,15.82216358
5979,-77.65590687,39.93021034,18.12603511
5980,116.757778,36.80090793,24.07169314
5981,-1.923340456,52.30055706,16.07765802
5982,-122.8023832,49.03422783,18.63464073
5983,-107.2628817,33.13257803,15.81107726
5984,13.26193671,52.31333484,16.07309112
5985,73.7420353,33.14507803,16.52744674
5986,114.0033973,33.14659318,16.16795636
5987,28.25959312,36.85779198,15.80680263
5988,4.840697735,45.06282231,15.80385475
5989,-68.62462567,-33.18711628,15.80143163
5990,14.79243048,47.20355109,15.79377008
5991,-8.509855344,33.23863863,16.51024805
5992,39.02790791,22.80166935,15.79165485
5993,-84.27651898,33.2458356,16.1498165
5994,-1.261396038,52.37055706,15.78925497
5995,129.8655179,33.27613863,15.78565609
5996,26.72576334,47.25293381,15.7792446
5997,17.46795187,50.85790386,15.77480627
5998,-84.24757327,40.14791866,16.0976944
5999,43.56627894,33.38560833,15.76620499
6000,71.72707326,40.16389088,16.09408261
6001,-123.1971177,45.21314282,15.76280207
6002,53.63749065,28.94345482,15.75801544
6003,-49.48988617,-28.9446381,16.88335697
6004,14.62743474,50.909628,15.75748945
6005,9.782057626,37.15887893,15.74538163
6006,-104.5197494,37.15887893,15.74538082
6007,77.08457305,23.21291934,15.74468778
6008,44.36006047,40.30416865,15.73327876
6009,-57.4375049,-23.41249546,15.72160536
6010,5.914714786,52.56305705,15.98311087
6011,113.5283974,33.63901741,15.72095541
6012,41.70864498,45.37179666,15.71935274
6013,-70.95227709,-33.67272233,15.71491385
6014,-59.67045936,-33.6829496,15.71307955
6015,-91.39097577,40.40347421,15.71048719
6016,148.1520702,-23.50832879,16.10313072
6017,21.44471416,52.59639038,15.70921013
6018,59.61538897,37.35163254,15.70582908
6019,-92.54367634,47.50262516,15.70561291
6020,72.96207321,23.59916932,16.87753261
6021,72.37415657,23.60166932,15.69955206
6022,19.47638091,40.47118254,16.02205862
6023,46.91492148,40.48819642,15.69100436
6024,47.71430249,37.42735718,15.69024132
6025,-8.63056241,52.65444594,16.21144942
6026,31.3180471,47.57268688,15.68489888
6027,-40.24671612,-15.25065368,15.68371854
6028,109.9344581,33.8670477,17.81819524
6029,-122.4635893,37.48713978,15.6779143
6030,13.08060822,37.51358906,15.6724571
6031,79.43832296,23.83708598,15.67187093
6032,8.265578889,47.62145231,15.67046603
6033,131.8749875,45.55032229,15.67031334
6034,-1.353062701,52.72055705,15.9263234
6035,29.75415828,-23.89957878,16.44779888
6036,11.96967623,51.20071994,15.65978986
6037,44.93597585,33.98636588,15.65842982
6038,72.91248988,34.01666891,16.36458187
6039,-70.58650438,43.30616853,15.64927952
6040,60.19327743,59.77291788,15.64785736
6041,114.3901397,34.05644163,17.06815699
6042,47.56582423,24.0641693,15.64492131
6043,141.3697788,40.68958531,16.62248702
6044,115.2977155,34.07841133,18.12986089
6045,103.5755839,29.74583574,17.49854497
6046,124.6223363,56.69280436,15.6358305
6047,103.6475764,16.06425734,17.67871729
6048,80.16336679,16.09934506,15.62027307
6049,-81.93472614,40.81250197,15.61610316
6050,119.8069325,40.81632141,16.26592966
6051,-92.13574913,16.2440819,16.01984624
6052,1.078872067,51.35876591,16.14468283
6053,54.11855124,56.76527911,15.60596088
6054,16.51249214,47.84058811,15.60546454
6055,5.249274199,51.36681189,15.60385594
6056,30.0812416,-24.41916209,17.1625887
6057,-72.35937931,40.90451585,15.59475902
6058,108.6483218,24.49458595,17.93215146
6059,44.39040769,24.51916929,15.59019078
6060,21.47469432,49.74256113,15.58821257
6061,11.55182567,43.55316852,15.58644764
6062,81.52170007,16.54715206,16.40576738
6063,104.7366114,16.55899417,15.99465269
6064,114.1890034,34.41136586,18.05995732
6065,88.2695726,24.59375262,15.58112642
6066,-103.1996243,34.41212344,15.9350426
6067,14.25387154,51.43951304,15.847902
6068,-75.19826808,40.9944464,15.5738588
6069,-54.33182321,-34.47954048,15.5686594
6070,-47.6120667,-16.77214485,15.56758706
6071,-84.93901895,34.49697192,15.9194714
6072,72.74026767,41.04340474,15.56246383
6073,120.9756824,41.04861307,15.88541705
6074,11.33039358,47.99089674,15.56074172
6075,87.90082262,24.77333594,15.55919317
6076,-57.62560013,-30.25654281,15.55828526
6077,118.9161112,38.08279193,20.96498948
6078,44.48715769,43.71283518,15.54567395
6079,-54.32758439,-30.33828884,15.54557974
6080,-88.82604531,41.12187696,15.54417617
6081,34.46318587,41.13576584,15.54093647
6082,104.5454251,30.39702619,19.97617411
6083,-86.84663071,30.40377223,17.38491447
6084,103.0374887,24.9825026,15.53345623
6085,-84.86504004,38.19257454,15.53116967
6086,6.08582589,53.1072237,15.52721462
6087,116.4174881,25.05583593,17.46526778
6088,20.36471421,53.12277925,15.52165222
6089,113.3499883,25.13583593,16.29024907
6090,94.32368694,55.81692845,15.51004145
6091,69.03604076,38.29619772,15.50941158
6092,69.67499001,41.29271028,15.50426063
6093,38.18749127,55.83385553,16.23082484
6094,-52.55329457,-17.56381149,15.5028929
6095,22.6922538,50.01785874,15.5005686
6096,-44.73662822,-17.60021499,15.4998476
6097,115.6254192,51.67773142,15.49878299
6098,-111.7943209,34.86250221,15.49814912
6099,150.6007444,-34.87234349,15.84834732
6100,-78.68817072,43.90716851,16.42555063
6101,44.62612738,34.89166887,15.49275003
6102,29.2254083,-25.31207872,15.49248542
6103,26.13097002,38.37844409,15.49210574
6104,12.67792439,48.23966216,15.48648374
6105,-52.41167177,-25.40124538,15.48131467
6106,49.66540748,25.42791925,15.47796451
6107,18.21814683,50.08958493,16.03070819
6108,-97.36354497,41.43125194,15.47178683
6109,-119.5000024,46.26827098,15.47152449
6110,-96.49132278,41.43958528,15.46983053
6111,-5.663851059,54.65121109,15.46835616
6112,12.4444923,44.04383517,15.46075136
6113,121.8454244,30.88035951,39.75302088
6114,84.66123941,25.56958591,16.23319883
6115,108.7128853,30.93194681,18.76285983
6116,103.943441,30.9803595,22.43269272
6117,10.42630191,59.2641679,15.44282257
6118,6.493261771,46.37500174,15.73869286
6119,-99.53838041,18.34978357,15.43578665
6120,106.1979052,50.24613254,15.42761391
6121,72.22707324,25.83416923,16.19782367
6122,5.426285686,51.89583486,15.42479319
6123,37.08378761,48.46589672,15.70419293
6124,122.1208212,41.69375193,15.73111789
6125,-98.09208661,25.98666923,15.79218945
6126,-54.59542168,-25.99666203,15.40575969
6127,-76.80492837,35.35909309,21.35826347
6128,19.89882534,44.27683516,15.40065737
6129,11.88049232,44.29683516,15.39548663
6130,39.6272348,46.56186071,15.38951266
6131,29.81907055,-18.91688161,15.38559249
6132,127.3698951,0.780096161,15.38495025
6133,26.15999175,-26.16291202,15.38436938
6134,11.04468933,35.49469915,15.38022326
6135,110.904155,35.50416885,15.37844292
6136,25.96649176,44.36683516,15.3773741
6137,-78.32879195,35.5117446,15.37701795
6138,116.326377,31.41131187,19.76902836
6139,103.8351738,2.433336836,15.37283503
6140,171.234486,-44.38582796,15.37245558
6141,82.06498952,26.27041922,15.37046791
6142,18.35230688,48.62639054,15.37044416
6143,-58.00985336,-35.5647677,15.367037
6144,44.81749101,26.30791921,15.36560638
6145,11.91182566,44.41816849,15.3640769
6146,37.33517649,-3.362959228,15.36055029
6147,-98.80333658,26.37583588,15.35678452
6148,-68.43424359,-39.01792962,15.35644998
6149,124.7820391,46.68621968,15.35464774
6150,-81.36645131,19.29320458,15.35146482
6151,103.2999887,26.43000254,16.1173343
6152,44.31650337,48.69583499,15.34953015
6153,-97.41601208,19.33092388,15.34800814
6154,28.78709482,-31.59463799,15.34634366
6155,-43.36296843,-4.872218427,15.7581131
6156,28.01040835,-26.56832867,15.3316649
6157,-123.2074298,39.15598029,15.32690846
6158,6.051778272,31.71567693,15.32675609
6159,14.74547832,42.05104358,15.32538195
6160,103.1323961,5.314818202,16.17318872
6161,1.705120937,46.8067325,15.32079134
6162,15.48283268,79.03427463,15.31892512
6163,78.52520896,19.67259053,15.31639915
6164,123.7223093,50.59494205,15.31564676
6165,102.5657294,5.817132997,15.73445808
6166,13.46989967,-5.833792463,17.00973882
6167,21.69895027,42.13819636,15.30464789
6168,113.5399883,26.79625253,16.44949587
6169,16.05477611,48.85694609,15.30092018
6170,114.8991549,26.80250253,18.74346616
6171,64.79279324,35.91553247,15.30067631
6172,6.055393792,48.88657572,15.85837123
6173,16.24437621,39.3197484,15.29174741
6174,106.8034306,39.32337159,15.29096845
6175,-72.3284134,-35.9674192,15.2908109
6176,101.284711,6.552318153,16.137894
6177,81.32610066,53.79222367,15.28115246
6178,108.4856366,-6.978699825,15.27536585
6179,-51.16125515,-27.00374532,15.27421065
6180,24.16427755,50.72916824,15.27240356
6181,6.739807345,7.112040353,15.27108917
6182,114.9162382,27.03041919,19.85199416
6183,-58.48935671,7.25787368,15.26631776
6184,110.5013773,-7.337033144,15.26368898
6185,14.20386128,50.7645849,15.2609789
6186,77.89686468,42.32222413,15.26074811
6187,-82.81629177,36.17159306,15.25186694
6188,-69.60417108,-20.44582892,15.24288367
6189,-11.74121043,7.96065143,16.51219049
6190,12.87603395,42.41041857,15.23965226
6191,115.6677912,36.2420476,16.9700801
6192,-100.9703979,20.49408173,15.63920558
6193,30.0030219,36.24507791,15.9303508
6194,-43.85899667,-20.50503944,15.2371412
6195,127.151821,44.91583514,15.23450866
6196,3.607135513,50.85238252,15.23263131
6197,-95.83939731,36.27386579,16.27056357
6198,78.83792824,20.55680102,15.23210809
6199,24.31963468,50.85416823,15.23205428
6200,115.5286919,-8.246292366,15.23144889
6201,99.64123881,27.34875251,15.22805857
6202,-117.6979963,49.10231645,15.22664743
6203,-57.68561095,-36.30984343,15.22538588
6204,-115.2224232,32.40416897,15.21404201
6205,12.94153269,57.72133968,15.20949494
6206,5.384714807,49.16404484,15.20791694
6207,-77.64280712,36.45113851,15.19822892
6208,110.081348,20.91645013,16.79615508
6209,132.0374875,47.25288633,15.19484137
6210,78.60045262,9.171762492,15.61686074
6211,-10.10602531,9.192132862,16.46005132
6212,-76.95680237,20.96425715,15.19206046
6213,78.54690995,39.78677737,15.19078004
6214,45.40891956,32.55178801,15.18958736
6215,-67.02792119,-27.64624529,15.18782785
6216,77.04450726,21.10066065,15.1784842
6217,42.5280825,55.418953,15.17733461
6218,126.0360989,42.68541856,15.48978515
6219,-69.79398589,9.800466171,15.16768139
6220,-70.93055992,9.840280984,15.16590441
6221,-89.6646966,21.2813624,15.16036842
6222,25.37828126,-21.31381134,19.94357148
6223,-97.79305884,32.74980388,15.51757902
6224,-72.55093022,10.05972542,15.15598298
6225,-47.74013687,-21.33267099,15.15519693
6226,74.55591087,21.33925713,15.15453265
6227,53.54014217,36.69545668,15.15105161
6228,-45.51689134,-21.37433765,15.15098933
6229,-66.85972675,10.24213282,15.14757016
6230,114.0196311,32.80575626,17.31061521
6231,113.9177913,36.71932031,15.83488869
6232,104.831428,36.73333546,15.1437122
6233,106.357396,10.36574393,17.24489643
6234,78.80878594,10.38935504,15.14067133
6235,73.52186486,42.82396022,15.14024281
6236,83.88880523,21.51294134,15.13693395
6237,14.67607246,49.4057115,15.13441096
6238,9.010889875,47.46666837,15.13415366
6239,47.44727351,40.04837156,15.13377657
6240,38.14860239,49.41188434,15.1325304
6241,140.7363508,36.79204758,15.13232266
6242,106.9388774,10.74722539,23.52579749
6243,35.1720152,32.94861339,15.12334749
6244,136.986351,36.84356273,15.4659952
6245,114.6164565,32.9581372,17.28216032
6246,114.1552419,40.11503823,15.11919806
6247,10.45892095,51.20833488,15.11732415
6248,-47.4870667,-21.70547799,15.11726493
6249,94.58241655,40.1240962,15.11721562
6250,18.29147758,40.14583533,15.11245427
6251,-74.24491164,10.99768835,15.53093108
6252,152.0170701,-28.21416194,15.10988929
6253,-68.75787482,-11.02407003,15.10980987
6254,-51.52417181,-28.21749527,15.10942748
6255,12.6986034,42.96041855,15.10726244
6256,114.9274882,28.23791914,17.75043444
6257,11.75971455,49.49861273,15.10608054
6258,30.64725348,60.01392977,15.10396993
6259,-46.90417199,-21.83749553,15.10368078
6260,108.5735996,11.18842908,15.10152296
6261,35.02915807,36.96212333,15.44232898
6262,-70.92951825,43.00451577,15.09658587
6263,-2.5125071,36.98106273,15.09554727
6264,-3.056446472,36.98447182,15.09488259
6265,9.668881302,54.31027921,16.10003031
6266,17.24165878,47.61218118,15.09272149
6267,77.89073043,11.38518833,15.51067002
6268,128.3420331,37.01098697,15.43257711
6269,55.92738955,58.00896593,15.08934512
6270,17.7331711,49.55910656,15.08761033
6271,22.09923434,37.03674454,15.08468259
6272,59.84999041,43.05590466,15.08413276
6273,-72.91389317,11.53704018,15.08354414
6274,-54.96583833,-28.41041193,15.08261223
6275,69.02227265,40.28279184,15.08242198
6276,121.3979818,49.58657569,15.07921749
6277,118.1783214,28.4383358,16.58668725
6278,-52.20958845,-28.44624526,15.07761236
6279,-60.32798098,-33.24344745,15.07366043
6280,108.5175811,11.77361424,15.9083816
6281,-80.44408293,22.15241499,15.07095675
6282,126.5549481,33.26170862,15.07056983
6283,3.25349267,45.54483511,15.06906049
6284,111.7795936,22.17785359,17.0511757
6285,45.90311596,43.15764076,15.05944243
6286,116.428776,37.17083545,17.45412175
6287,-3.266971355,51.40506107,15.05333635
6288,29.13712932,40.42155995,16.3611345
6289,-47.16952286,-22.34056568,15.05119085
6290,110.9352954,22.35373078,16.63414837
6291,57.79910665,58.10517804,15.04906529
6292,-48.38969825,-22.376092,15.04744078
6293,52.03534018,55.76061965,15.28953176
6294,36.45946104,37.24545666,15.04382783
6295,87.31599808,22.425222,15.04224521
6296,-76.69924656,37.26780514,15.3811958
6297,27.83147317,-12.36064405,16.70986592
6298,114.5166549,37.29128999,16.74371459
6299,113.5860994,54.47583475,15.0333164
6300,5.910825897,45.69750177,15.02862161
6301,8.095208526,49.75879791,15.02651537
6302,8.439492462,45.73116844,15.01968793
6303,-13.83583998,28.86958578,15.01810196
6304,-43.03092653,-22.65547795,15.01774912
6305,13.98957557,51.51875154,15.01627294
6306,60.50264189,37.38825968,15.01575853
6307,-98.38931486,40.58895125,15.01496449
6308,-1.790284906,43.34548798,15.32655249
6309,78.46082299,28.90250244,15.01344015
6310,119.8166547,28.91791911,22.14004449
6311,-98.97434535,22.74145006,15.00854176
6312,8.110706761,51.56547773,15.00102233
6313,115.8304706,22.82522199,14.99953756
6314,110.5431901,22.85899391,17.75853871
6315,117.7212381,29.02666911,16.49553421
6316,8.5556084,40.72699472,14.98440584
6317,72.35495022,33.77718479,14.98269228
6318,44.1354077,43.48021019,14.98083665
6319,15.13332553,51.63571582,14.97807826
6320,7.876778199,33.86131177,14.96823447
6321,39.93781172,48.04936065,14.96763937
6322,13.25728394,43.53437686,15.27927026
6323,115.7845715,29.25000243,16.46037948
6324,79.41850814,13.63796602,14.96365644
6325,-1.895377495,13.69352157,15.37577611
6326,-78.14425011,33.91408955,15.31529031
6327,33.79549145,45.95883509,15.25821947
6328,-68.92608469,-49.99027218,14.95546176
6329,118.1325638,37.69432027,19.37357267
6330,30.83749157,29.31208576,14.95502294
6331,87.06117353,23.23794127,14.95471409
6332,-9.054748217,53.27600722,14.95123851
6333,-50.07390871,-23.29714459,14.94822118
6334,-88.94015516,37.73485058,15.28690033
6335,32.98810876,50.02114357,14.94596636
6336,38.38133184,40.90815414,15.2690609
6337,-72.32222653,43.64271019,14.94105265
6338,103.1519624,23.37522196,14.93963414
6339,-117.5787904,37.77613845,14.93903973
6340,-119.1168675,34.11369271,14.92466632
6341,14.69829468,50.09367444,14.92363848
6342,15.70802789,51.80446581,15.18919353
6343,19.30107227,50.09922999,14.92192809
6344,8.290492468,46.10316842,14.92063467
6345,114.5012382,29.60416908,15.2856906
6346,-60.18250479,46.13750175,15.20977928
6347,12.23815898,46.15750175,14.90611387
6348,101.1761984,56.1288992,14.90568428
6349,-4.014094341,34.22480382,14.90539274
6350,16.61697931,48.31346321,14.89164047
6351,52.80503455,23.86206405,14.88547204
6352,125.8116257,53.46738652,14.88485395
6353,72.84915655,29.80041907,14.88437713
6354,103.4976738,14.88518819,16.12350213
6355,39.85582454,29.81416907,14.88237219
6356,42.90678933,23.90636229,14.8804913
6357,13.50946196,38.0806839,14.87831809
6358,19.20931743,-34.41884423,15.22567683
6359,-50.26292186,-29.8949952,14.87056999
6360,41.18922726,43.95208518,14.86497024
6361,33.10462111,15.1787067,16.1017102
6362,-51.71958846,-29.95582854,14.86166697
6363,-51.6291718,-29.96666187,14.86008023
6364,113.9091549,29.97666907,15.60155673
6365,124.1215458,41.3019947,14.85616675
6366,-84.55227655,38.21894147,15.18807693
6367,72.33998991,30.0487524,14.8480365
6368,-81.60625394,30.1025024,15.21106984
6369,-83.65344588,41.37844397,14.83900179
6370,108.9343138,34.61726412,14.8368652
6371,115.1398691,34.6466292,17.30357963
6372,-106.760122,34.65774031,14.82975748
6373,39.07707457,44.10555739,14.82706467
6374,3.250984733,34.67401015,14.82689839
6375,128.7286914,-15.77268095,15.23335011
6376,74.50554538,15.84768815,15.22782716
6377,32.88661429,24.48399385,14.8147319
6378,109.1732027,34.75178792,14.81321435
6379,17.82371004,48.59230935,14.811044
6380,76.01819151,24.52478332,14.81003362
6381,28.42395,44.18090461,14.80841353
6382,-81.77785481,24.56074823,14.80588395
6383,21.09686696,44.19409905,14.80514404
6384,36.60860245,55.10639028,15.0493613
6385,34.56014767,57.58828255,14.80236675
6386,21.5618967,52.18035866,14.79937326
6387,32.94056166,24.62215174,14.79878373
6388,-61.53075871,-34.86606643,14.79305812
6389,-95.19028117,16.1944474,14.79121962
6390,68.54355066,38.52613842,15.12486624
6391,122.168285,41.60235701,14.78857078
6392,18.30389832,57.62734504,15.01762014
6393,7.120208565,50.55046454,14.78245847
6394,113.0747899,34.94464506,17.59423817
6395,-73.11157835,-16.40740315,14.77554669
6396,27.07196141,38.60227478,15.44505937
6397,-98.38625326,30.57125238,14.77066384
6398,4.322677812,50.58966207,14.77029806
6399,84.85901718,44.33611294,14.76991354
6400,16.87723571,48.7612196,14.76204668
6401,21.77118758,41.72228454,14.76146611
6402,108.0779647,35.04662918,15.4639352
6403,43.57593192,56.50443682,14.76101822
6404,-93.60308317,41.72627005,14.76056441
6405,-81.44833728,30.66291904,14.75696344
6406,113.9345716,30.67791904,17.33672985
6407,-120.811366,38.71818387,14.74983208
6408,116.8452262,52.35089436,14.74313144
6409,-57.99167155,-30.7558285,14.74303861
6410,21.13282529,46.7741684,14.74033315
6411,82.56687546,25.15241487,15.12466041
6412,72.26040658,30.8008357,15.10470444
6413,30.8108249,30.81875237,16.57549533
6414,4.17479422,35.2172641,14.73074387
6415,-0.719947647,52.39285865,14.72927068
6416,60.61764911,35.24464505,14.7258621
6417,-84.03351833,41.89257439,14.72286532
6418,11.89454361,48.91346318,14.71777031
6419,126.9593131,35.30813711,14.71452845
6420,129.3847098,44.57222404,14.71113134
6421,-54.67375501,-30.97999516,14.709281
6422,16.30832548,38.96136568,14.7003309
6423,43.58423019,42.00090772,14.69823914
6424,56.26324813,38.98447174,14.69561349
6425,-74.81932239,38.98977477,14.69453025
6426,83.57257718,25.58750258,14.68496536
6427,-99.97039794,25.59101135,15.84393625
6428,66.58370226,39.0511384,14.68198775
6429,138.7855031,35.49107361,15.03139044
6430,-49.11852375,-17.73332902,14.67346912
6431,25.86943621,44.72777959,14.67226354
6432,100.1659976,25.69759029,15.05785164
6433,-64.46917129,-31.27124515,14.66508283
6434,25.8620288,-17.85277346,14.66389352
6435,-59.78433021,-35.63749497,14.65544729
6436,-84.24583716,39.18712324,14.65413516
6437,116.0256461,25.88004642,21.20344173
6438,20.74147748,42.21793669,14.64874364
6439,-121.0496236,39.22462324,14.6464397
6440,24.49082515,47.13550171,14.64237653
6441,-66.15648604,18.11991028,14.64225096
6442,49.40369453,-18.14999567,16.26643749
6443,18.81075594,44.87187681,14.63616097
6444,-45.24259798,-18.20045863,14.63566354
6445,-65.65833791,-39.29317665,14.63235455
6446,32.78793008,26.02302887,15.4023098
6447,19.79582534,47.17350171,14.63204
6448,23.05449188,47.19516838,14.62614303
6449,-0.231257191,44.91319625,14.62579069
6450,59.14691072,42.32518307,14.62420589
6451,-70.11481921,18.41713249,14.61780317
6452,-70.8345877,-31.58457847,14.61711293
6453,132.593969,51.08626699,14.61561617
6454,141.1158962,39.39545657,15.27540782
6455,32.23957484,52.7580372,14.60830925
6456,23.42403032,49.29006573,14.60778346
6457,-64.43250462,-31.65374513,14.60646436
6458,-74.72743477,45.02673791,14.59725495
6459,115.3458215,26.33004641,16.89937635
6460,76.37406382,18.73657692,14.59109606
6461,-62.68901984,-39.50870694,14.58793279
6462,117.7795934,26.39188851,23.41482981
6463,60.55026816,55.7158347,14.82108361
6464,83.77389296,26.50636219,14.95628315
6465,40.18482453,47.39583504,14.57142869
6466,106.4703833,26.55767798,16.48304139
6467,-102.3574105,19.09120654,15.36976293
6468,-4.180562588,55.76305693,14.8033482
6469,6.625633561,49.4570529,14.558805
6470,36.84326056,49.46089906,14.55767601
6471,114.8991549,32.01291899,16.7336852
6472,-53.51864541,-26.73749533,14.54397498
6473,-70.2611155,19.29583616,14.9472844
6474,-90.24280662,39.72803231,14.54251353
6475,73.67665652,32.07458565,14.54121445
6476,77.14211934,19.3240769,14.54081301
6477,-74.13090701,45.25659901,14.53930458
6478,79.47915629,19.35463246,14.53815682
6479,18.26347246,0.043385951,15.38633445
6480,101.6100378,0.675248671,16.24003258
6481,-118.0864608,45.32847401,14.52113497
6482,-105.6699591,26.92916919,14.51990792
6483,42.8392272,45.34132123,14.51788478
6484,12.31197147,58.29062627,14.51762441
6485,-78.94436679,-2.548280612,15.37153406
6486,-1.29244542,51.39984722,14.78621817
6487,24.73179006,-26.95942515,14.51609405
6488,27.60611915,2.771327019,14.51500109
6489,-101.4641698,32.24250231,14.51495967
6490,25.91641333,-2.949260988,19.63501726
6491,99.63013587,2.976719167,14.51245884
6492,-58.44926957,-3.131613922,14.51042155
6493,27.04096394,45.38264067,14.5074258
6494,-64.71740657,-3.364947246,14.5071576
6495,59.01285276,42.83750189,14.5062668
6496,-80.44485692,-3.566417826,15.35734759
6497,-72.7392404,45.40104345,14.50276589
6498,-109.4418888,27.06995866,14.50212681
6499,-104.3638919,19.76805836,14.50181462
6500,79.9062396,45.41666845,14.49880765
6501,102.8565363,36.50139103,14.84334177
6502,10.37395072,45.42500178,14.49669594
6503,51.23499075,32.36791897,14.49526818
6504,-44.15556099,-19.84166227,14.49526631
6505,61.21844273,36.53353388,14.49224299
6506,47.28307914,4.356621073,17.04781722
6507,-104.8143969,39.98106261,14.48984518
6508,125.2454423,39.98485049,14.48905462
6509,48.46665753,40.00113836,14.48565394
6510,73.72827932,27.20767795,14.48464918
6511,-119.6220262,36.57877198,14.48390806
6512,-52.03268056,-27.23442514,14.48124506
6513,-44.44167209,-19.9999956,14.48110054
6514,-0.730408405,51.52453858,14.47815675
6515,5.999747462,5.495346517,22.97621335
6516,117.4817863,27.35241479,14.4661907
6517,7.494355245,5.527699457,16.16767814
6518,-53.38625506,-32.5737451,14.46280068
6519,27.65074927,40.11894139,14.78979349
6520,71.53332327,32.5850023,14.46102011
6521,126.8394719,36.710518,14.45958153
6522,-72.07535154,-45.58089735,14.45713752
6523,118.3030184,40.15871411,19.05138374
6524,-76.18523143,40.1780323,14.44864674
6525,23.74876636,-6.23259419,14.44793104
6526,42.43160875,6.318875896,14.87047123
6527,107.798763,-6.42916281,14.44257671
6528,36.43624134,32.70333563,14.44226271
6529,19.39939679,53.25922766,14.44129009
6530,108.3119983,-6.53602555,14.43959862
6531,-76.10985264,40.22500199,14.43879698
6532,111.0703315,-6.643378487,14.43655536
6533,-4.714467796,6.653189608,14.43627581
6534,11.45115901,47.88883502,14.43622263
6535,40.05177691,36.84781959,14.43414807
6536,21.7504086,32.76375229,14.79348475
6537,108.873763,-6.925241221,14.42833201
6538,49.66059687,40.27613835,14.42806173
6539,140.5594569,40.28030502,14.42718693
6540,51.67499073,32.80416895,14.42623158
6541,23.44778598,-7.010045139,14.42579194
6542,45.79401271,43.1976468,14.73610945
6543,117.5491548,32.87458562,16.9378074
6544,22.9980182,-27.75547775,15.17310307
6545,14.05960762,49.95384776,14.68949742
6546,99.60562607,7.562013101,15.25604411
6547,12.8329784,45.77222399,14.70862076
6548,18.16582541,47.99083501,14.40811206
6549,19.80896637,49.9724375,14.40683651
6550,-35.25711363,-7.843378439,14.39918665
6551,-0.303296662,27.88355512,14.39766903
6552,70.36989739,20.91342869,14.39725041
6553,81.52278366,7.916424852,14.39671294
6554,-53.31382086,-27.90372335,14.39504278
6555,-17.05324726,20.94213239,14.7944823
6556,129.7577775,43.31902361,14.70733186
6557,-50.02917187,-8.040437255,14.39246088
6558,111.9026844,-8.06347647,16.9313494
6559,27.42881115,45.84409899,14.39010008
6560,115.0933705,-8.11690784,14.38980619
6561,-35.29436853,-8.118868624,14.38973784
6562,-101.2652809,21.00648424,14.38850476
6563,10.14304795,45.85277954,14.38788252
6564,111.8470717,33.05000228,15.82562076
6565,-40.82870927,-21.03749556,14.38558159
6566,62.16249031,40.47878986,14.38540456
6567,58.50971268,37.10972434,14.3854009
6568,-37.06005474,-8.418868612,14.37907913
6569,99.96592017,8.42916993,15.22458305
6570,6.249529587,51.84706943,14.37643533
6571,6.859097464,51.85108177,14.37516723
6572,23.22517303,43.4132265,14.37231644
6573,-62.75853644,-37.18074888,14.37212887
6574,-59.32042149,-33.14957841,14.37097456
6575,-70.75996814,43.43206708,14.36790662
6576,12.8548534,45.93576565,14.36667908
6577,113.6186286,28.15504633,17.38548925
6578,95.08193344,21.34444719,14.7552597
6579,7.185531728,9.186032644,14.77212366
6580,16.59468911,40.66969894,14.34505225
6581,114.4090791,40.67045652,14.99684862
6582,-7.319690815,55.00675427,14.34465418
6583,-51.54167181,-21.4842548,14.34301617
6584,6.28780119,51.96250152,14.60556672
6585,-79.29542069,33.36750227,14.33584169
6586,105.8536923,21.58009533,17.12084455
6587,105.981116,9.597797334,14.7550454
6588,23.5788113,46.07812676,14.33023114
6589,117.5936284,28.41074808,15.83672715
6590,149.5783201,-33.41541173,14.68630439
6591,118.3692341,37.41567671,14.3280694
6592,-84.16083717,33.4308356,16.83342775
6593,-66.36446533,9.867895362,14.32218671
6594,5.099086799,43.64003809,14.31913712
6595,117.8812381,33.47791893,17.53935586
6596,-77.8681859,40.7988656,14.31765809
6597,-48.83194969,-21.75693997,14.31661178
6598,44.48332435,40.81022924,14.31524441
6599,-65.03652421,10.04534634,14.31460383
6600,-47.08426458,-21.77869923,14.31449105
6601,8.379916707,40.83068378,14.31089872
6602,20.58054753,46.15833509,14.30965513
6603,-66.88456335,10.16397378,14.30946003
6604,-68.89681817,10.16544437,14.30939589
6605,-0.276257189,33.54791892,14.30659819
6606,105.9615082,10.24779731,16.40963807
6607,65.41643755,28.59144982,14.3044281
6608,40.18307943,-10.28210383,14.30427879
6609,-65.9826026,10.33456201,14.30195722
6610,127.338937,43.71938591,15.85445765
6611,72.77036026,21.92500272,14.30017827
6612,2.958159348,48.38216833,14.58592868
6613,144.7204235,-37.57400283,14.97898615
6614,19.94057842,52.10756324,14.29393424
6615,15.61749218,48.40950166,14.57815429
6616,117.0699443,28.69320421,15.4189846
6617,-63.6856528,-22.02592144,14.29025141
6618,-46.97870902,-22.06110663,14.28678119
6619,119.099347,50.38012979,14.28576569
6620,153.2773989,-28.81117946,14.27504299
6621,-46.75926459,-22.19305107,14.27371715
6622,-96.55167,33.75208558,14.27333283
6623,-120.849804,37.76527987,14.60167519
6624,78.16494065,11.22279727,14.2608983
6625,22.27843394,43.90525547,14.25666162
6626,96.24582228,46.37326563,14.2543783
6627,-96.8652811,37.81567669,14.25249106
6628,71.11930814,41.11477468,14.25034542
6629,13.02395061,46.39514063,14.24874044
6630,141.6603132,43.93967576,14.24853051
6631,40.6644753,37.8486132,14.24623662
6632,-47.46296826,-22.48147698,14.24489947
6633,43.62807076,43.95706706,14.24442013
6634,-75.90706938,43.97482068,14.24022281
6635,110.4774007,29.12741472,15.35621206
6636,-0.699852851,52.30355089,14.23166015
6637,23.73388074,56.65139022,14.2298977
6638,41.93669747,37.93591478,14.22963494
6639,67.692252,37.94226399,14.22842604
6640,104.9909974,29.18750243,17.21901239
6641,103.9484536,29.18881822,16.09542014
6642,5.863454104,50.58782209,14.22379999
6643,15.99407111,29.2046077,14.22190487
6644,-46.90185718,-22.73749549,14.21902052
6645,22.1121296,44.08134242,14.21500832
6646,51.20810479,29.27259015,14.21265503
6647,38.68396561,50.6256426,14.21249507
6648,-60.10337781,-38.0315425,14.21141159
6649,123.0560776,50.63974516,14.20827817
6650,-68.23838166,-29.30810926,14.20781418
6651,129.1838644,44.12083517,14.20564826
6652,11.35157281,55.40503012,14.20311285
6653,18.52320634,53.97351335,14.20127132
6654,-101.7225031,34.1929189,14.20088526
6655,-51.11206656,-29.37258294,14.19901354
6656,-3.347090399,34.23083556,14.19461431
6657,116.1354048,34.2379189,16.67785812
6658,32.72638038,46.62118229,14.19036101
6659,12.87382562,48.78416832,14.47155687
6660,-54.20463466,-23.06434733,14.18557359
6661,21.28540862,46.64687673,14.1837105
6662,116.1390755,38.18988302,16.88259711
6663,-50.37685704,-23.10925473,14.18094235
6664,-49.97593113,-23.15740288,14.17596759
6665,-50.65000517,-23.18240288,14.17338064
6666,145.0450267,-38.23471709,15.52216302
6667,-49.38796819,-23.19536584,14.17203786
6668,120.3458213,23.21759526,14.16973391
6669,115.8587382,34.40250222,18.06227768
6670,51.64977144,29.6274147,14.16405254
6671,13.39761131,54.08660858,14.41601336
6672,28.55846867,55.51853586,14.16264269
6673,-88.92083698,38.31448619,14.15725748
6674,88.48054482,23.41759526,14.148912
6675,102.0791554,38.36805762,14.14696454
6676,142.4827252,-38.37519328,14.14559272
6677,-67.95833781,-46.79478619,14.14536981
6678,112.8648031,23.45185451,18.46765558
6679,104.8515237,29.7765375,15.26029783
6680,-88.17622916,13.47818934,14.14160844
6681,17.39315877,48.96983497,14.13591114
6682,114.5462184,38.43591476,14.47034705
6683,123.1948408,13.62377756,14.13316949
6684,119.6046176,23.57176192,14.13274495
6685,39.53169412,44.43424095,14.13111776
6686,15.38484067,41.68144133,14.12850027
6687,37.00616948,55.61422551,14.37213607
6688,-0.785523042,38.4771846,14.12595894
6689,115.4260847,29.90373047,21.93040176
6690,-107.8779791,38.47837508,14.1257294
6691,-99.31458656,34.65125221,14.12466408
6692,121.6110173,13.94044422,14.11450558
6693,33.23515814,49.04883497,14.39591173
6694,115.7386786,38.54424809,14.11302392
6695,109.7887384,34.72125221,14.11294249
6696,14.52168762,79.20455024,14.1109512
6697,20.30149199,49.0611683,14.11029907
6698,-64.79120831,-23.80231026,14.10837845
6699,-90.68048603,30.05066029,14.47654941
6700,-90.56995972,30.05943222,14.10414408
6701,115.9361724,30.07960766,14.84350483
6702,100.0893406,23.8893545,16.84030907
6703,30.282399,-23.89351396,14.09867737
6704,114.8116549,34.83041887,17.97038403
6705,115.7694326,23.93472486,16.8351003
6706,18.44349206,49.1201683,14.37555785
6707,60.38862675,41.84280496,14.09354508
6708,23.58008445,52.7449089,14.09078752
6709,178.0105016,-38.66130438,14.09040045
6710,-79.42264895,44.60887863,14.39567264
6711,125.7767735,38.67758142,14.08724934
6712,28.90739905,-24.00416211,24.65484914
6713,132.0716542,34.89416887,14.08389725
6714,-11.44584008,14.44828734,14.49793841
6715,-2.335423773,34.92458554,14.07877502
6716,-95.7620867,34.9312522,14.07765159
6717,-0.875701609,47.05937672,14.07654152
6718,115.8912382,34.95333554,16.18513835
6719,100.8654299,14.69779713,14.89574841
6720,17.55207543,47.10382116,14.06494958
6721,65.65495049,38.81885125,14.05985656
6722,-49.71852373,-24.26018061,14.05931715
6723,38.91649124,49.27350163,14.0506103
6724,20.60446728,52.8773163,14.04835572
6725,112.7326637,30.4598708,14.78730385
6726,41.1672013,44.7853279,14.04711172
6727,123.5098363,42.05947161,14.68512204
6728,76.58705114,30.48223922,14.41428391
6729,103.4300813,24.4152804,15.99290986
6730,114.1999882,35.15375219,14.7419802
6731,112.6365624,24.47083595,14.42637239
6732,-59.09750484,-35.17999499,14.0356028
6733,-59.33505385,-15.23161344,14.0340397
6734,-85.87837678,38.95774014,14.03284042
6735,-49.60025031,-15.31543696,14.02857385
6736,33.91356671,58.38830772,14.02540798
6737,-96.8323446,39.0259941,14.01953323
6738,19.29262023,51.26795027,15.36858796
6739,74.74538455,30.67522167,14.01736608
6740,108.4776845,15.57524807,16.48423498
6741,-92.75380784,44.96902354,14.30734575
6742,42.07840021,42.26439585,14.00168038
6743,-88.55178937,39.11924807,14.00131906
6744,27.54520775,53.0251558,14.00088598
6745,128.472071,35.38916885,14.35008008
6746,114.7962601,30.84364272,14.72998165
6747,104.3023034,24.89352112,15.54455562
6748,53.70177637,54.60416808,13.98744015
6749,103.1504516,24.93426186,15.92807624
6750,5.73172334,51.39230924,13.9819544
6751,84.00369314,24.96620631,14.37034561
6752,98.49489627,25.03287297,14.75094061
6753,118.4319325,39.27400997,13.97100863
6754,103.2987632,16.19240491,14.79133835
6755,76.50647122,25.09907667,13.9671209
6756,128.120821,42.43485039,13.96431812
6757,33.60017262,45.1298931,13.96414162
6758,18.30450596,47.49340448,14.25380391
6759,16.37608864,31.07566025,13.96006531
6760,-120.6800024,35.62333551,13.95999735
6761,-49.49730914,-16.36739771,13.95747907
6762,30.94450911,31.10767779,13.95545454
6763,29.02267682,-25.20832873,13.95489286
6764,-52.83785231,47.52430725,13.95484978
6765,103.5110181,16.43995392,14.36280918
6766,33.80722829,31.1318006,13.95197769
6767,45.25554655,25.24953963,13.95026993
6768,3.890056747,51.50288616,13.94848817
6769,117.41434,25.29629888,17.43091552
6770,128.4541543,35.7195855,14.64070526
6771,-119.2441691,35.77250217,13.93436932
6772,118.248453,31.26162516,24.5688178
6773,119.7328584,25.43009518,13.92992283
6774,114.6063479,31.28443217,13.92992063
6775,75.6384157,25.43935443,13.92887594
6776,43.13957441,47.63889058,13.92471274
6777,-85.77758313,39.52361313,13.92190478
6778,42.09721334,47.65104336,13.92151291
6779,38.06422739,47.65451558,13.92059845
6780,7.250409177,35.8758355,13.91655982
6781,125.5295332,42.67424432,14.22778064
6782,-1.127939254,53.31435332,14.16540909
6783,30.44538632,31.44057252,13.90725387
6784,79.5005331,45.39873367,13.89904466
6785,116.7499881,25.71111368,17.75906784
6786,39.26850975,25.71990998,13.89697584
6787,-106.0695863,35.99708549,13.89560396
6788,115.8487382,36.00291883,16.67451516
6789,89.24443367,25.75185442,13.893323
6790,-56.45417161,-25.78193981,13.88987872
6791,48.19012245,31.56294093,14.2549303
6792,84.72776719,25.78796553,14.660813
6793,114.1234531,31.56601111,13.88896934
6794,101.8851899,56.28232893,13.88881137
6795,113.6922502,39.696629,13.88771042
6796,125.8819322,39.70932741,14.21585925
6797,78.66543083,17.44583624,14.69635052
6798,117.8450278,39.75258137,16.51886495
6799,80.61248958,17.55318917,13.87180335
6800,-60.63009737,-25.94768055,13.87083502
6801,-71.83333766,-36.14457829,13.87002817
6802,128.8249876,47.8548628,14.15671401
6803,-55.98443479,-31.71512671,13.86714657
6804,1.32832608,36.16666882,13.8661896
6805,35.98617557,31.73706373,13.86392808
6806,-8.105927928,31.75899356,14.95512775
6807,-72.28447401,42.92841097,13.85542271
6808,21.04790862,47.91389057,13.85214916
6809,75.19582313,31.82302864,13.85129669
6810,-70.96887691,-17.87524078,13.84752504
6811,-77.24485705,17.96593425,13.84061018
6812,-48.52639415,-26.21619906,13.83973688
6813,-78.18068589,43.00151703,13.83920378
6814,11.56901408,45.67192206,13.83257166
6815,-86.44750374,36.38208548,15.55736559
6816,52.96685576,40.01210517,13.82502906
6817,120.5977821,18.1840715,13.82383891
6818,9.718665251,53.58595825,13.81993844
6819,27.8048528,48.03715446,13.81951757
6820,9.468047977,53.59027923,13.81853907
6821,8.534714681,48.05243223,13.81546809
6822,83.88846984,18.30465973,13.81448324
6823,130.3423121,32.09101109,13.81171871
6824,128.345821,40.08551787,13.81038107
6825,-69.65858284,18.445346,16.64534124
6826,19.80311701,48.09965445,13.80294609
6827,-7.357243748,32.15811635,13.8017611
6828,-47.20809355,-18.48161331,13.80064551
6829,-67.0277006,18.48701266,13.80022106
6830,26.4148727,40.1390893,13.79967789
6831,-8.852586211,40.1438512,13.79872624
6832,-88.07192397,45.81250177,13.7982407
6833,118.1726733,26.65370624,13.78842162
6834,-99.1909346,18.64289501,13.78791974
6835,-8.423221149,40.21091469,13.78530882
6836,29.55852336,40.2470258,13.77807623
6837,99.09288099,18.80318912,13.77516613
6838,-2.378247846,53.76003231,13.76349067
6839,5.337492587,45.96358872,13.76124794
6840,7.452909169,36.84166879,13.74789496
6841,84.86017459,27.00740993,13.74635058
6842,-71.3635913,46.0382264,14.34050811
6843,79.90924886,27.05231733,13.74097214
6844,17.70955092,-19.24729955,13.73927721
6845,121.5270713,36.90916879,16.48299622
6846,14.71332554,36.91458546,13.7350005
6847,35.30635104,32.62127423,14.8167634
6848,45.38582432,36.95875212,13.72717932
6849,47.86130041,40.50178769,13.72689131
6850,36.23924574,32.6870637,13.72260401
6851,37.79165795,37.01208545,14.06070183
6852,43.85794559,43.54659277,13.71754963
6853,119.9016547,37.01416879,13.71735414
6854,113.315997,32.72653738,14.79934618
6855,119.396238,37.02250212,13.71587513
6856,120.3191547,37.03541879,13.71358277
6857,24.34618748,46.15779161,13.71355375
6858,137.8549873,37.03666879,13.71336114
6859,17.01770045,48.43680722,13.99904427
6860,-68.5256989,48.44548777,14.56782904
6861,74.65807805,19.62475772,13.70813506
6862,36.49100011,32.79320404,13.70657797
6863,-51.60694958,-27.35184716,13.7048811
6864,9.178197561,52.30897587,13.70289821
6865,-72.20564157,19.73946359,14.90732704
6866,79.9124896,37.12333545,13.69796111
6867,82.17869322,27.43102102,13.69527924
6868,-70.69289653,19.7889734,13.69440334
6869,-111.7484676,32.88443211,15.49445176
6870,105.7713121,19.81642438,14.49763675
6871,30.61407888,40.67520039,13.69189222
6872,29.52499162,37.16208545,13.69106477
6873,-119.9045314,46.25416842,13.68982445
6874,-43.66985839,-19.89141717,13.68578067
6875,40.58124118,37.19208545,14.02788558
6876,27.75240397,-32.93705649,13.68478351
6877,34.47479301,40.73472419,13.67984934
6878,34.76405391,-0.102079729,13.67672415
6879,104.4609261,0.913024397,13.67505554
6880,-7.626103386,33.00460754,14.39433371
6881,44.21512261,33.00504614,13.67445191
6882,-97.23241072,27.60602101,14.05382978
6883,111.466655,1.220316051,13.67372642
6884,124.8286336,1.32239938,13.67320007
6885,130.3291543,43.74394124,13.67318986
6886,-40.18799579,-20.04435834,13.67282753
6887,-8.572427492,40.77043848,13.67261543
6888,132.200531,46.32771914,13.67168839
6889,11.566659,1.597399369,13.67157262
6890,18.05155458,1.600524369,14.09878364
6891,-44.28701523,-20.0624956,13.67128538
6892,103.8932178,1.74062853,13.67060336
6893,-61.17434686,-33.05153017,13.66737782
6894,9.737194791,55.56458471,14.63452056
6895,5.787492569,43.81666851,13.65680006
6896,26.63788856,40.85218451,13.65604041
6897,-76.80258349,40.86369244,13.65370431
6898,117.8813477,33.14276543,15.80947022
6899,116.1993303,33.14539701,17.24575754
6900,22.9347141,54.10787181,13.90320492
6901,-85.49226569,40.88591466,13.64919301
6902,57.92540715,37.40333544,13.64799063
6903,-102.7742678,20.34730671,14.04826967
6904,69.35137891,40.9005972,13.64621071
6905,19.4871297,46.4367771,13.6447542
6906,-76.20521249,4.087503437,14.49555634
6907,-97.24166998,27.88287286,13.63998116
6908,45.51989839,27.90694693,13.63701112
6909,-97.8107489,33.26074788,14.71178352
6910,-75.91562916,4.749482577,13.63103407
6911,17.02499212,-4.818746207,13.62969169
6912,105.4671761,-5.145308694,13.62310146
6913,72.0950296,41.0240099,13.62110711
6914,-97.05324406,28.04305803,13.62017408
6915,37.50733257,41.0303591,13.61981394
6916,-69.95833774,-28.06203231,17.02211589
6917,-80.74844147,-5.423433683,13.61714643
6918,24.02764335,43.99356245,13.61684238
6919,-87.40924283,46.55271913,13.61606422
6920,100.4124888,5.535420045,22.97474637
6921,77.35464657,20.73799297,13.61287786
6922,20.6668398,46.56866116,13.61211481
6923,0.185409459,5.764586703,15.31053617
6924,13.05624228,-5.831246167,14.03308966
6925,76.68503875,20.80269885,13.60718498
6926,76.60600825,28.20278025,13.60031929
6927,142.6721538,50.85416823,13.60004863
6928,-77.44305966,41.1319464,13.59909901
6929,1.586971903,6.235940851,14.44785229
6930,151.3212587,-33.50503892,13.59788347
6931,174.8478033,-41.14146301,13.59715576
6932,-90.18750359,33.51820401,13.59585327
6933,-81.28981876,28.24074321,14.72866984
6934,24.14542834,41.15020037,13.5953721
6935,-47.77672098,-21.02671125,13.58734392
6936,108.2489468,-6.735933631,13.58484069
6937,37.65988713,-6.821350294,13.58249735
6938,71.74631346,21.1066204,13.58021637
6939,8.947561887,48.94409886,13.5773976
6940,20.54929753,48.94895998,13.57609057
6941,110.6328009,-7.08645445,13.57503638
6942,-95.53311741,33.66381804,13.5733501
6943,-78.51458739,-7.16041278,13.57290458
6944,115.9610993,28.4282432,14.32593774
6945,5.585930077,7.192190812,14.84429969
6946,124.2458212,7.212503312,13.57138972
6947,-47.60025039,-21.21151516,13.57082094
6948,20.82655447,-7.378121105,13.99043716
6949,173.2466129,-41.29225665,13.88931097
6950,125.8046753,7.450524135,13.56432878
6951,-70.9058377,-37.89207822,13.55997605
6952,150.8071104,59.56465176,13.55793943
6953,122.9315355,41.3414702,13.55623676
6954,110.2512139,21.38260078,15.54897632
6955,111.47603,-7.867183585,13.97492236
6956,121.7795514,41.36527972,13.87405978
6957,123.4581228,41.37639083,16.1303927
6958,3.589055156,7.972399114,13.5480488
6959,119.6402658,41.39940671,14.18923391
6960,9.801381297,28.65185431,13.54393032
6961,-70.8270877,8.229169938,13.96274992
6962,123.3105037,41.42480353,15.79563365
6963,17.56804765,-28.69768044,13.53812945
6964,135.1602944,33.89583558,13.53731176
6965,-48.8183876,-21.59926024,13.53570147
6966,51.59670126,33.93530926,13.53115822
6967,16.07759632,8.570836591,13.52803104
6968,34.77042792,41.47916861,14.17215573
6969,9.681723182,52.87820661,13.52777053
6970,-51.07819143,-21.68651514,13.52771383
6971,113.2177514,33.97215136,15.66103248
6972,24.9890543,-8.739579384,13.52212646
6973,115.5510298,-8.74843355,13.52181333
6974,-72.07956781,41.51766067,13.52004996
6975,120.7333213,28.86111356,14.64392146
6976,76.5963439,8.889065744,16.89603249
6977,-83.33598871,44.43485031,13.51658217
6978,-77.90285496,34.04451978,13.51409868
6979,17.90089788,46.96467563,13.51366121
6980,1.139055254,8.988024074,13.51322444
6981,9.246787302,52.92596302,13.51301501
6982,25.73635541,44.45265334,13.51252037
6983,13.47915893,51.15916822,13.51186371
6984,42.08749112,34.06162504,13.51142357
6985,135.1291541,34.08574785,13.50764711
6986,-47.62328961,-21.90906415,13.50720111
6987,12.6470161,41.58472416,13.50624227
6988,-120.5512705,46.99547273,13.50597692
6989,146.5366536,-38.19124487,13.50560806
6990,123.296342,9.316149061,13.50108712
6991,-49.44779934,-21.99827983,13.4989213
6992,-0.025327712,52.97628353,13.75710472
6993,100.7894496,22.01642429,13.49723324
6994,-60.60417144,-22.02622101,13.49632152
6995,74.88994078,22.04828703,13.4942659
6996,120.5729046,49.25833496,13.49268482
6997,11.74871028,53.00224507,13.48942482
6998,20.38645032,-9.662496014,14.33077546
6999,21.57341148,57.3941105,13.48561392
7000,86.02022745,56.08184659,13.47952759
7001,115.0745715,38.35166873,14.82380736
7002,-2.993596824,53.05352712,13.4735517
7003,-97.66333663,38.37250207,13.47248591
7004,73.38062712,22.30024781,13.47065699
7005,113.9232726,22.30367918,13.47033365
7006,6.260159216,51.30316821,13.47009038
7007,129.268647,47.14040027,13.46976105
7008,113.8073957,29.25278021,13.84122946
7009,-3.16369755,56.12440612,13.9454803
7010,8.965468632,56.13631088,13.9415542
7011,126.9101068,41.80972415,13.45977827
7012,69.017392,22.41691447,13.4596378
7013,-50.58162282,-22.41935825,13.45940625
7014,124.8722704,47.18387852,13.75153424
7015,105.4286344,10.38594068,15.56158614
7016,115.7601734,29.32592835,16.07464098
7017,18.63568046,47.21829881,14.03515996
7018,6.42715921,51.37150155,13.45023663
7019,-63.80270073,-22.51837785,13.45000966
7020,77.24946888,10.58854484,14.29057411
7021,105.8588427,10.59062818,13.44984998
7022,10.85315903,51.37916821,13.44800783
7023,112.1634142,29.4189839,16.43377284
7024,133.9388032,34.48487064,13.79865127
7025,33.85491569,44.7534109,13.4436952
7026,19.21514355,44.75909272,13.44239127
7027,-74.75885838,10.76510734,13.44232816
7028,78.79113548,10.778649,13.44174025
7029,-97.96294188,34.50987064,13.44085959
7030,119.2726732,29.45926168,17.17329346
7031,68.32540673,38.57000206,13.43623998
7032,87.72856072,56.21190611,13.43436902
7033,10.206053,44.80454726,15.26281138
7034,-46.77721121,-22.70906412,13.43180233
7035,-42.62819177,-22.71053471,13.4316614
7036,112.5583216,29.53102094,13.80422967
7037,-45.59191714,-22.73749549,13.42907484
7038,12.1378711,44.84469878,13.42272931
7039,20.97122212,42.00575589,13.41912415
7040,43.51110217,29.63703945,13.41732001
7041,-87.52042037,38.67541872,13.41682701
7042,87.80379364,47.36395098,13.4137238
7043,82.07688346,44.88674423,13.41306092
7044,115.66434,29.68611352,15.64633319
7045,112.1366111,34.7260987,14.46496518
7046,-44.30711327,-22.98945626,13.40476184
7047,-61.17969225,-11.6822876,13.40079312
7048,151.1175793,-29.7638841,13.4007299
7049,39.57840031,44.94621392,13.39937352
7050,29.73798181,-23.09484842,13.39451638
7051,-55.23162264,-23.1100445,13.39303517
7052,41.67479272,42.14543842,13.3900578
7053,26.29727436,47.46648721,13.38795078
7054,126.9664732,47.46757417,13.38767723
7055,-62.03015178,-23.17426018,13.38676634
7056,110.4912384,38.83875205,13.72144525
7057,7.824992487,45.01136544,13.38436164
7058,15.02851784,53.34102711,13.64171826
7059,117.7931898,34.86908115,16.90626551
7060,-122.6982166,42.19226382,13.38029592
7061,78.15051051,12.12760728,14.63374023
7062,-99.32166989,38.88375204,13.37832635
7063,13.99999224,49.68402939,13.37725617
7064,107.5419003,23.32916933,22.02396477
7065,141.1329038,38.93458538,13.70319133
7066,16.93801296,-12.3921834,14.61952035
7067,7.940753352,47.55380605,13.36596784
7068,35.26082472,51.66283487,13.36536826
7069,18.41729976,53.4035271,13.36491859
7070,-99.15231805,30.05509499,13.36239411
7071,70.62498998,30.05926166,13.36184298
7072,112.2314698,30.06342832,15.95962048
7073,-40.30156809,-12.52447507,13.35969648
7074,76.89061472,12.52708643,13.7770611
7075,142.8499871,49.75347383,13.3583533
7076,15.98349216,51.68750153,13.35816686
7077,125.9724878,38.99541871,13.35761605
7078,113.9668742,35.04539693,15.81521691
7079,-88.43988461,42.31170826,13.35535321
7080,78.28610078,30.11574314,13.35436681
7081,103.2355279,23.52328697,13.74500663
7082,74.1916565,30.15046536,13.72066952
7083,42.38312603,42.34742254,13.34788268
7084,12.43015897,51.72650153,13.34677451
7085,-68.58625446,-39.09124484,13.33980231
7086,36.68158855,49.83680716,13.33564301
7087,109.5966989,35.1739057,13.33480375
7088,77.54813785,30.27083572,13.33377006
7089,131.1405179,45.25644118,13.3277325
7090,-47.8105445,-23.7816131,13.32665475
7091,106.9249885,30.33194683,13.69588763
7092,119.4525521,53.54006556,13.32239855
7093,50.78008336,30.3611135,13.32173721
7094,-0.815507167,51.81516819,13.32084994
7095,4.972825934,51.83550153,13.84747274
7096,82.80959094,47.76141473,13.31357258
7097,112.1869981,23.92524774,15.27028752
7098,14.30415889,49.93576549,13.30863634
7099,-72.41118851,-35.35240727,13.3059853
7100,7.536405542,47.80380604,13.59227137
7101,31.34119525,30.51620608,13.30098635
7102,103.8143405,30.53333571,19.5779868
7103,121.5602152,45.38409269,13.29813713
7104,-83.9244086,42.60575586,13.29369712
7105,-49.33897581,-24.11102485,13.29343093
7106,-60.17829427,-35.43267042,13.29298553
7107,-70.66091707,42.61964475,13.29077598
7108,-82.53487232,35.47697587,13.98531593
7109,24.02784272,35.50811621,13.28074156
7110,107.7860996,30.67037274,15.49406671
7111,-88.27361478,42.67678761,13.27874949
7112,27.70971391,42.67758126,14.85924172
7113,118.899988,39.42500202,15.60080462
7114,59.71963327,42.68472411,13.27707782
7115,29.95611905,-24.2786719,14.05726364
7116,112.5759142,30.70370608,14.01340294
7117,-53.84436779,-24.28602484,13.27560353
7118,104.5462849,30.70740978,14.38132944
7119,-112.1601879,30.71528015,13.2742088
7120,16.33659929,56.67708467,13.27225968
7121,12.37533953,50.07916826,13.26942818
7122,119.6471371,35.59408112,14.31415057
7123,-123.0916689,45.51969875,14.47265592
7124,22.30089771,47.95887849,13.26357054
7125,-118.9871401,47.96467559,13.26209876
7126,31.24999155,30.84722459,14.72925879
7127,8.82408665,47.98967559,13.25575739
7128,-101.3883803,35.67302849,13.25389667
7129,-83.72044036,42.80059713,13.25264551
7130,-76.99125412,39.57083535,13.25008069
7131,46.46249094,30.89768755,13.24953182
7132,10.36649239,52.06550152,13.24747713
7133,116.4866109,35.72258989,15.68634304
7134,65.26220283,58.04870817,13.24571671
7135,7.566478005,48.03170458,13.24508822
7136,-16.23802738,14.65885718,13.24291604
7137,120.6573292,42.8502003,13.24216939
7138,101.4197804,14.71614884,13.23953244
7139,-80.89057414,35.78180041,13.23613016
7140,-8.535125906,42.88472411,14.18017775
7141,111.5677515,35.79232673,14.6273358
7142,78.4085681,24.69191438,13.23378318
7143,90.22121935,42.89226379,13.23327734
7144,43.13957441,14.83229467,13.23263356
7145,113.740729,31.02315051,15.07021136
7146,20.84915863,39.66625201,13.23211723
7147,97.93748888,24.713483,13.23154234
7148,77.99946885,14.92239884,13.2272448
7149,-76.56885334,42.93115268,13.22505075
7150,128.8238912,35.89451971,13.91361053
7151,104.3255095,15.11979466,13.6283357
7152,114.7953313,24.90956143,16.31953077
7153,114.8997689,35.95153725,14.94589979
7154,75.76619347,31.22176161,13.20535818
7155,-111.6620125,25.03211044,13.19822401
7156,-87.80208702,15.40260715,13.19798451
7157,66.87082346,25.04485554,13.19688257
7158,14.25459749,36.04057233,13.19366916
7159,78.47446883,15.48229465,14.01761825
7160,118.8791547,31.32870605,27.47719039
7161,77.26873971,15.63437797,13.18353684
7162,-1.534943036,53.99230913,13.18100131
7163,5.286937033,59.41222345,13.83883213
7164,25.67817805,-25.21641696,13.17876611
7165,102.5061162,25.24044377,13.17621933
7166,112.2944328,31.43796531,14.63987644
7167,98.65662466,55.56311866,13.17109436
7168,118.2855273,25.3232869,17.42778893
7169,73.37961949,31.53194678,13.52825775
7170,28.86973802,48.37518282,13.15762081
7171,111.9094181,36.26250215,13.15703696
7172,6.70766797,36.26250215,13.1570368
7173,28.68676701,48.38206688,13.15586303
7174,68.70905868,25.46985552,13.15178921
7175,30.97180529,-25.47671107,14.69839159
7176,121.399062,31.63287271,16.43592213
7177,77.34842721,16.21094045,13.14667839
7178,69.65832335,40.12208533,13.14578764
7179,26.31031783,48.42409587,13.14512564
7180,116.2471373,36.33530916,16.25773715
7181,-3.230135276,54.11538605,13.14237186
7182,-0.048965531,16.27708628,13.14236618
7183,33.93924583,36.37653723,13.13813666
7184,18.04415874,40.16875199,13.13690147
7185,64.93290687,40.17291866,13.13610783
7186,-4.054967355,43.35893044,13.13414165
7187,-80.97956745,43.36805742,13.1321945
7188,-71.29924677,46.0984866,13.42975657
7189,32.38644984,50.58958491,13.12917528
7190,34.03567984,48.49366108,14.26879607
7191,-50.38125518,-16.51666241,13.12660381
7192,114.6831022,36.44890565,14.1622449
7193,105.3128358,50.61632102,13.12179881
7194,84.14680316,25.76691433,13.11984383
7195,-81.60880023,31.85416899,13.11793793
7196,22.51082523,40.27333532,13.1169554
7197,3.420825997,43.46170821,13.1121881
7198,152.4606348,-31.8990692,13.11167119
7199,9.255970691,48.55779151,13.11091981
7200,116.7431899,36.55680038,15.52292901
7201,-78.91958738,40.32416865,13.10724366
7202,18.85307176,48.57916832,13.10544449
7203,13.91543342,25.92230648,13.10299361
7204,79.55623962,16.87083626,13.10288937
7205,-82.18574953,36.58925652,13.1027394
7206,37.83821592,48.59003789,13.10265956
7207,-119.4519761,36.59715126,13.10142217
7208,17.96082541,40.36625199,13.09919517
7209,15.27574976,46.23712296,13.0986318
7210,118.6783611,43.53750186,13.09597137
7211,42.85624109,16.97708625,13.09567911
7212,52.90503454,36.63969512,13.09431927
7213,15.16561719,50.71736268,13.09389397
7214,24.58024544,48.6306176,13.09225756
7215,62.9105295,26.02475746,13.47692507
7216,35.72267656,32.04629861,13.09106239
7217,29.36029864,36.67083547,13.08911568
7218,83.17572477,26.06446334,13.08749456
7219,-96.46759593,32.08565046,13.08553937
7220,25.30453724,46.3140169,13.08050048
7221,5.895463579,48.68315383,13.07878047
7222,131.5004505,32.14120602,13.44095101
7223,45.32320527,43.63393043,13.0753049
7224,-49.02917191,-17.30416237,13.07320615
7225,-52.15833845,-32.18425437,13.43482746
7226,84.34925413,26.22573785,13.45426339
7227,4.597275225,48.71938571,13.06947938
7228,25.79734025,46.36288053,13.06896615
7229,101.5554712,36.79451967,13.0684079
7230,5.193742592,50.81701546,13.06633293
7231,1.366478253,48.73424078,13.34977548
7232,72.34536028,32.30185416,13.05508475
7233,9.710409078,50.86701545,13.05248855
7234,33.96144977,17.60208623,13.05237157
7235,141.2124872,40.61125198,13.05220339
7236,114.8668742,36.90460739,13.73673293
7237,24.4950315,43.77440661,13.04513074
7238,29.46249162,-26.46053456,13.04388997
7239,62.10323106,32.38148379,13.04382102
7240,76.72278385,26.4796594,13.04176893
7241,59.99693484,59.76833454,13.04165917
7242,36.19582469,36.95723896,13.04107502
7243,23.19015854,52.76983482,13.03963488
7244,31.30121704,-26.50612279,13.03883138
7245,-104.2416697,32.42453934,13.03772011
7246,29.98209944,-26.52278946,13.0369799
7247,61.88094271,57.35119178,13.03571715
7248,74.11063798,32.44305786,13.03509398
7249,115.4092474,32.45185415,15.56791096
7250,126.3800316,37.00109861,14.40578659
7251,46.60207427,40.70791864,13.03359445
7252,148.7835653,-26.56249534,13.03256444
7253,-3.580928109,37.01557229,13.03124945
7254,109.6820963,26.58112999,13.03049022
7255,18.97082537,46.52954719,13.02955053
7256,68.66790672,40.7295853,13.02941833
7257,21.88382526,52.80816815,13.02826372
7258,27.41512328,37.03837931,13.37016109
7259,41.58114193,43.85932724,13.0268506
7260,-100.9291698,37.04320387,13.02659092
7261,-79.72996433,43.87400978,13.6440234
7262,84.90758744,26.6546594,13.02229197
7263,7.591659163,51.01770989,13.01070033
7264,-60.16204183,-32.6199025,13.00994528
7265,-80.28625399,40.85041863,13.00609432
7266,74.43239723,32.65926155,13.0043311
7267,-64.91615044,18.33906537,12.99934411
7268,50.00503466,37.20899334,12.99857382
7269,120.007586,26.88946331,16.43608198
7270,31.38205676,49.00742918,12.995344
7271,26.42863758,-18.39687066,13.80717806
7272,109.8645717,18.40885703,15.02449709
7273,131.0527049,49.02409584,12.9910432
7274,-50.45417185,-18.45416233,12.99087124
7275,117.2921177,32.76574303,14.0715099
7276,-69.19013601,-37.27258263,12.98779852
7277,77.5703022,18.55833619,12.98315802
7278,143.5311379,44.06369231,12.98273876
7279,128.5554364,54.62339885,12.9822566
7280,40.73749117,37.32390562,12.97908984
7281,6.212095726,44.08908914,12.9772451
7282,-87.49583703,37.33662491,12.97692956
7283,19.6161152,49.07880598,12.9769208
7284,-76.85708746,41.03791863,12.96978317
7285,111.0198413,27.12426722,13.7324433
7286,81.96003854,27.14583585,13.72988319
7287,35.29073213,32.92083562,13.32705482
7288,119.9651196,37.40285298,15.01314737
7289,57.72598255,44.15178755,12.96367158
7290,31.84626346,37.4247828,12.96194191
7291,131.8990616,32.96018747,12.96120404
7292,114.4923128,37.44583544,14.32250787
7293,78.2213132,27.22328682,12.95817208
7294,-115.53241,32.98426154,12.95773829
7295,-110.7912065,33.00231709,12.95513757
7296,-83.18417054,41.11500196,12.95481643
7297,25.40540845,41.11875196,12.95408759
7298,-81.6329206,41.12250196,12.95335858
7299,20.80665863,41.12416862,12.95303477
7300,-72.6743464,-37.50635455,12.94804603
7301,127.5094574,46.88371385,14.4168794
7302,15.56422829,51.26701544,12.9413629
7303,105.6437386,19.15469033,13.7468904
7304,26.06804731,44.27043834,13.24607116
7305,12.74670282,37.57916876,12.93561962
7306,116.7927513,37.64671262,14.96504047
7307,12.58968528,37.65811613,13.26215849
7308,114.3975759,37.66688806,14.28057781
7309,25.85415843,51.34201544,13.45905223
7310,-95.45899461,37.67565999,12.91911945
7311,113.0018401,33.25324301,15.07191327
7312,-58.03333821,-33.25601359,12.91845765
7313,-74.1679209,41.32458528,12.9139977
7314,46.56922171,54.84070653,12.91343963
7315,110.4656134,51.36736266,12.91338206
7316,24.03836903,37.71250209,12.91280985
7317,30.86690333,27.64191426,13.6696897
7318,-105.6407437,33.33935412,12.90635199
7319,-88.42375366,41.37000195,13.55029614
7320,-8.162016677,27.6860319,12.90505377
7321,10.48332571,33.35139115,12.90460185
7322,7.456159168,53.2308348,12.90248468
7323,84.67399735,44.43432722,12.90230667
7324,109.1860178,27.72867896,13.27961497
7325,111.3021942,27.74289465,14.4160376
7326,115.886611,37.79978279,13.91621925
7327,-103.4682322,19.70260698,13.70173375
7328,-91.04875356,41.42541861,13.86184331
7329,6.05033978,51.45139043,12.88991999
7330,-84.45509641,33.45787263,12.88909049
7331,-42.14219301,-19.78697478,12.88900793
7332,-90.51469656,37.85592314,12.88819547
7333,0.148603905,44.51051769,12.88570378
7334,49.05832417,33.49352078,12.88388762
7335,113.1712602,37.88969507,13.22140775
7336,-44.9906304,-19.87551644,12.88199721
7337,52.22020676,56.44429147,12.87659001
7338,23.09494802,37.92873015,12.87566892
7339,-3.570493168,51.51041821,13.40978969
7340,25.91884097,44.58393039,12.86968363
7341,5.99061756,51.52847376,13.67263309
7342,14.66624221,41.56625194,12.86671171
7343,1.638742734,41.57708527,12.86458654
7344,-84.19408278,37.99890559,12.86357506
7345,116.6152659,33.63333559,15.36490903
7346,-93.52727619,47.23333504,12.86186073
7347,115.1935067,33.64629855,16.07706855
7348,-101.1838573,20.13229446,12.86149352
7349,129.6016543,41.5954186,13.18251168
7350,119.1237625,28.0723064,16.26477077
7351,7.904853595,51.55868209,12.85992083
7352,-86.72250373,41.60958527,12.85820847
7353,35.71362774,47.25189565,12.8574112
7354,74.43176066,20.25416946,12.85167258
7355,39.96050707,44.67916848,12.84886922
7356,39.50302152,47.29431989,12.84723537
7357,-69.97292107,41.68375193,12.84363676
7358,76.24426058,20.35989862,12.84310625
7359,35.85999137,41.69375193,13.48402001
7360,117.7124881,28.31544364,13.20889394
7361,72.92030238,20.61510694,13.62365583
7362,113.2958216,33.92268743,12.82085621
7363,-77.72139298,0.811392456,13.24805236
7364,-73.11750428,41.80291859,12.82017822
7365,106.4760302,20.67396111,12.81740609
7366,-92.93409439,47.41969867,12.81712028
7367,-75.6097264,1.616392424,12.81698341
7368,114.6848566,38.27215119,12.81629836
7369,44.36712065,33.95463187,12.81613597
7370,-62.84240665,-28.45955409,12.81439111
7371,99.82693325,2.099725738,13.66781686
7372,-48.78554446,-28.47131879,12.81299372
7373,22.46304746,2.186392401,13.66705698
7374,115.4935993,-2.207496312,53.38659815
7375,8.243973952,33.98842817,12.81113744
7376,115.2424882,-2.439718525,12.81063685
7377,99.79693325,2.96639237,12.80522718
7378,76.45467724,20.84635693,12.80313799
7379,-94.88636704,47.47916837,12.80281371
7380,8.844635303,44.89266053,12.80207717
7381,17.3774921,-3.324162934,14.08107199
7382,36.68138022,-3.375829598,12.80029399
7383,119.3407288,34.09213187,18.83823405
7384,119.642488,-3.777496249,12.79483459
7385,79.79778373,28.63112991,13.17032337
7386,39.75058645,44.93313672,12.79318565
7387,70.64582331,28.65269853,13.16757193
7388,112.8904295,28.68603186,14.66802584
7389,-74.80972643,4.302503428,12.78677831
7390,81.02811456,21.10104442,12.78184923
7391,40.59899911,44.98789863,12.78114509
7392,114.6780438,4.819170074,12.77782793
7393,116.0322798,51.86076541,12.77520509
7394,37.48900645,47.6000017,12.77370201
7395,-81.10305951,-5.093607307,12.77266267
7396,85.60768168,55.28397575,12.77246423
7397,-59.47269001,-34.25369873,12.771747
7398,-122.79759,38.53048451,13.10742338
7399,-49.24191699,-28.83210309,12.76989331
7400,3.893445025,45.04702561,13.07214054
7401,-91.00811759,38.54978276,13.10401552
7402,-51.89142669,-28.85024034,12.76771335
7403,6.148477403,47.62613806,13.0575488
7404,42.81082442,42.08333525,12.76475299
7405,9.476128785,47.66212291,12.75871252
7406,60.0524904,42.11708525,12.75806142
7407,0.890826098,5.855836699,14.03251031
7408,28.18088248,59.37083456,12.75567803
7409,11.45653996,45.10416846,12.75554054
7410,-0.984173827,5.925281141,13.1804321
7411,95.37707232,21.46823191,12.75071782
7412,76.0370268,34.40972445,12.74844981
7413,33.60923059,49.96069001,12.74758527
7414,-122.8573436,45.1470256,12.74608946
7415,-57.84167155,-34.45369873,12.74186632
7416,42.19999111,42.19916858,12.7417671
7417,-73.87333758,42.22833524,12.73597112
7418,-41.03438056,-21.6666622,12.73367793
7419,1.746381619,6.867503325,12.73239204
7420,11.89344471,45.21567639,12.73093419
7421,130.2962376,42.25625191,12.73042007
7422,-47.27917198,-21.70624553,12.73026202
7423,3.994714862,6.970281099,13.15403198
7424,110.2398032,34.55046518,12.72735308
7425,-70.76250437,7.084169983,13.15087719
7426,22.69290856,42.28791858,12.7241199
7427,4.684714835,45.2502002,12.72330608
7428,40.10042223,59.46422536,12.72078998
7429,-86.49452128,38.86337924,12.71299428
7430,-1.940840456,7.583058852,14.40787181
7431,76.30758779,29.32083576,12.71070184
7432,11.43604307,50.10525522,12.70969113
7433,41.09798498,56.93997046,12.70951767
7434,-48.00938028,-21.95103719,12.70899734
7435,15.99496342,59.51163915,12.70306382
7436,135.8509133,-34.72129131,12.70164269
7437,16.23705355,38.92829152,12.70156827
7438,103.5536651,29.42916909,19.04368915
7439,105.3226738,34.75324295,12.69682104
7440,77.30219559,29.44926713,12.6949938
7441,112.6735994,-8.18527385,12.69477461
7442,95.13384316,22.12291938,12.69392925
7443,114.3708216,-8.219162738,14.38621875
7444,-96.6754663,34.77592813,12.69339559
7445,48.12637976,34.78333554,12.6922766
7446,16.85605273,47.94356229,13.26710749
7447,110.2343634,22.16719021,12.69002968
7448,-105.0559241,39.0046073,12.68811385
7449,-79.32583736,42.47541857,13.00380017
7450,-114.6050952,34.8388911,12.68387708
7451,25.15971402,52.19305707,12.6815915
7452,-48.12760944,-22.28072468,12.67999581
7453,-35.59528355,-8.659718276,12.67962563
7454,11.93034947,58.35744174,12.6791145
7455,69.74478168,22.33698187,12.67500555
7456,17.11117633,39.08794063,12.67339616
7457,111.7512138,29.64583575,14.90697829
7458,-59.83958814,-22.39009967,12.67028254
7459,-71.92194877,9.001392129,13.9350304
7460,-62.05806027,9.075281015,12.66566168
7461,8.454537916,48.06591077,12.66090394
7462,-73.84125425,42.62041856,12.65772701
7463,-42.98021381,-22.53332883,12.65749366
7464,43.5032318,35.01342813,12.65741084
7465,116.2517038,29.75514947,18.24125017
7466,126.7152655,35.01944664,12.65649573
7467,9.793174226,48.09886531,12.65289243
7468,77.06998972,42.65375189,12.65104711
7469,114.4300808,35.0625022,14.05584858
7470,-94.90564066,29.84632594,16.36564807
7471,118.7441547,9.758058765,12.64130486
7472,109.4041551,22.74739852,12.63823431
7473,9.5445437,55.70416804,12.63808978
7474,71.59998994,42.73125189,12.63549865
7475,-107.861114,35.15926145,12.63520633
7476,41.53153876,58.48065602,12.63516411
7477,106.1139378,50.39293637,12.63403324
7478,-105.5480102,50.39329869,12.63393784
7479,-71.13028213,9.964725424,12.63358739
7480,56.69582387,59.69899546,12.63292955
7481,36.8889406,50.40742912,12.63021294
7482,-52.3757404,-29.97769128,12.62969428
7483,11.10665902,42.77041856,12.6276325
7484,-68.82194889,10.25139208,12.6226162
7485,125.2747894,45.70853352,12.62158429
7486,-82.48208723,42.80375189,12.62093182
7487,116.2966987,39.43618623,19.91213214
7488,127.4775671,45.75694621,14.41268652
7489,121.6780676,50.49221173,12.60784779
7490,-53.57966192,-30.16445598,12.60635798
7491,-76.25917082,-10.6797182,12.60564847
7492,75.11457313,42.88625188,12.60433253
7493,-82.65220978,30.1870122,12.60353048
7494,-64.32500463,-23.13905797,12.60254597
7495,0.129159462,35.40277996,13.64775516
7496,20.46447611,45.82996208,12.5944952
7497,29.85832494,48.33939561,12.59428963
7498,24.96884101,45.83908907,12.59245658
7499,21.76950947,39.55504588,12.59039723
7500,86.35780185,23.33750267,12.58424091
7501,22.90971411,45.87639065,12.58412218
7502,16.22120427,48.383335,12.58355938
7503,73.37964673,30.35171807,12.95296067
7504,-84.17250383,42.99583521,12.58224112
7505,27.6106801,50.59221172,12.58143183
7506,40.3486023,-11.35249595,12.57760805
7507,-74.99958753,43.02041855,12.5772787
7508,-71.2420498,48.41666833,12.57541394
7509,47.30082424,43.03583521,12.57416532
7510,74.71207314,43.04375188,12.5725662
7511,0.086356433,48.43144106,12.57180266
7512,72.34631344,30.44877689,12.57057466
7513,101.5074887,54.34250143,12.56819429
7514,121.5762561,50.64909578,12.56638753
7515,122.4987198,50.65851607,12.56389491
7516,12.30971453,45.97043827,12.5630841
7517,112.7310068,35.63055773,12.56288244
7518,76.17082309,39.71688798,12.56144111
7519,27.24693615,-11.7691626,13.39670444
7520,-47.01146365,-23.61770379,12.55813977
7521,88.12290594,23.64948182,12.55516105
7522,-15.94167323,23.70833599,12.94184642
7523,24.03582517,54.40650142,12.54879723
7524,45.61124098,43.16208521,12.54863601
7525,24.01200164,-30.65465204,12.54447086
7526,-71.95059956,46.06051763,12.84153144
7527,-68.27139336,12.151392,12.54210985
7528,27.32249171,12.15583645,12.54190601
7529,-86.38925813,39.83925639,13.19942939
7530,76.21788191,30.70809061,12.53766866
7531,19.13900719,48.57235014,12.53731362
7532,6.481242541,52.72395982,12.79223836
7533,-93.40227619,48.60341075,12.52970052
7534,9.451507573,48.64356226,12.51985349
7535,34.79820569,46.17361286,13.11370776
7536,10.95524598,50.84655954,13.60197136
7537,-54.24896336,-24.09062044,12.90446668
7538,54.25896499,56.09839879,12.51137142
7539,118.3291547,30.9203455,15.45431094
7540,8.123098536,48.6984865,12.5063734
7541,-39.26083896,-12.97027366,12.50324961
7542,102.9249887,24.20000263,12.89370241
7543,76.10137864,13.0097253,12.50131423
7544,32.56336869,40.07653708,12.49672963
7545,30.46935433,31.03358079,13.59863979
7546,33.92971367,13.1447253,12.49464764
7547,-71.624171,43.44666853,12.49086085
7548,-80.06898548,36.11157623,12.48818298
7549,28.65733292,46.30853349,12.48716687
7550,144.7462833,-36.12730977,12.83261453
7551,-65.11771293,-24.38228709,12.48540702
7552,49.22313898,36.15416882,12.48152563
7553,30.11543277,31.14681608,13.94976329
7554,18.70455554,46.35059698,12.47769079
7555,45.12591692,36.1819466,12.47718017
7556,14.60126033,50.98967547,12.47604478
7557,72.77394822,24.47969012,12.4759824
7558,125.6670711,43.52833519,13.40986189
7559,-47.85052612,-24.49895375,12.47411473
7560,12.80867284,52.92639037,12.73352438
7561,-83.2958372,36.21157623,12.47254177
7562,131.9266542,43.55375186,12.46903881
7563,113.9801353,31.25318862,12.46766028
7564,-120.8384639,56.24230904,12.46495912
7565,7.953696186,36.289354,12.46034977
7566,99.87359992,13.82861416,12.45983373
7567,75.69748977,13.84250305,12.4591085
7568,116.1593632,24.65625261,15.18492755
7569,-79.38180227,40.30373006,12.45559237
7570,34.30906006,31.35122784,13.18772923
7571,106.0566062,31.35367882,14.28624804
7572,121.1402657,13.9480586,12.45357493
7573,75.37474469,31.37916901,12.4513191
7574,45.12040766,43.69041852,12.4411244
7575,89.36457256,24.85885677,12.43895632
7576,28.85226437,48.97689558,12.43786129
7577,37.52947848,56.34455263,12.67105411
7578,108.0069329,14.3602808,13.67483267
7579,-67.62679021,-46.55733581,12.43101444
7580,-68.02440924,-46.56805009,12.42859088
7581,7.39304806,53.08854314,13.20412522
7582,-70.94425039,-46.58392311,12.42499965
7583,-94.65564067,31.61348273,12.42076507
7584,33.22193592,14.6963919,12.413157
7585,142.0893811,49.08295618,12.4116816
7586,32.28415818,14.77194745,12.40896049
7587,86.09426019,25.18646093,12.40652967
7588,9.742795441,49.10985012,12.40503619
7589,119.4692589,25.21666926,13.17860973
7590,43.09319283,40.60109847,12.40144795
7591,111.8419001,31.7781886,12.76393834
7592,140.5988907,40.6462739,12.71925081
7593,29.28354426,40.65285285,13.04422724
7594,42.50582443,43.94083518,12.38978827
7595,129.9085194,46.73948586,12.38975135
7596,58.80949045,54.94016807,12.63426693
7597,82.56353116,25.40000258,12.38517666
7598,34.72817769,31.89240429,12.74847877
7599,77.65363553,25.42812758,12.38235152
7600,35.00611885,31.90760036,12.74631241
7601,0.739304365,51.34800879,12.91851672
7602,118.2390506,25.49583591,15.08268727
7603,128.6231358,36.82639102,13.06314993
7604,23.12082521,60.38922532,12.3733296
7605,119.6990621,36.85324287,13.74594384
7606,30.73749157,40.79408092,12.36612772
7607,-60.31201459,-32.03112257,12.36579118
7608,0.509861201,40.80285285,12.36451845
7609,120.539681,40.80723881,13.3404042
7610,-87.95028146,15.59583631,13.59809608
7611,17.39961332,49.29886526,12.63904353
7612,0.729884075,51.43351604,12.62639162
7613,2.698098753,49.32007738,12.63369053
7614,-86.7891704,15.7758363,12.35120143
7615,126.7328581,36.98009471,16.468273
7616,-53.06667174,-25.75312037,12.3494917
7617,-43.31306102,-15.8108291,12.34912077
7618,102.6606368,58.00694572,12.34651937
7619,28.72915832,-25.7989537,12.7305319
7620,48.79360196,15.94750296,12.34095161
7621,15.67565007,40.94276512,12.33881709
7622,115.0185067,37.06944656,13.0222993
7623,-117.7357481,40.96864231,12.33405591
7624,43.3258244,44.2216685,12.33192781
7625,40.51775434,41.0199581,12.32460563
7626,50.28563894,37.14722434,12.32433937
7627,41.80624113,53.45069591,12.3232969
7628,-90.88750356,32.35220819,12.32307684
7629,33.22313962,37.17963174,12.31914654
7630,-94.87132693,32.3884827,12.31822801
7631,-96.84583666,32.40612975,12.67807297
7632,115.0347104,37.21990952,12.99656833
7633,0.549235202,49.48409253,12.31226845
7634,-81.77720981,32.43407093,12.31212578
7635,118.4262136,32.44240426,18.46871283
7636,5.529159246,51.61395081,12.57696208
7637,21.07999196,44.34208516,12.30702486
7638,151.133075,-32.48259314,12.30562222
7639,127.4722099,37.27268729,12.30421281
7640,-73.69145162,41.13837915,12.30275825
7641,16.41249214,41.1440809,12.30170527
7642,20.96249196,44.37000183,12.30124367
7643,-53.64063005,-26.25937035,12.29751926
7644,42.97360219,16.69528071,12.29503613
7645,22.19809797,49.5598501,12.2934233
7646,114.5176966,26.33125255,13.44243839
7647,-70.28194883,-37.36990231,12.28857691
7648,81.51693398,16.81805848,12.28730089
7649,74.20072513,32.64779641,12.28341339
7650,3.226507822,49.61098646,12.28069013
7651,116.009884,26.45312754,17.26609785
7652,-62.10809295,-32.69778921,12.27667239
7653,87.27082264,26.47239837,12.65900145
7654,-72.66689026,41.28969493,13.24397907
7655,-39.53972784,-17.03916239,12.27323065
7656,82.1513784,17.06750292,12.27141424
7657,-122.3186427,41.31425633,12.27021261
7658,86.26073496,41.33881774,12.26565853
7659,54.90051144,26.57812754,12.264305
7660,21.54977264,41.34671247,12.26419412
7661,19.19506779,49.67954707,12.26360267
7662,6.075409224,44.55916848,12.26199029
7663,50.63582411,55.36083472,12.25763351
7664,77.89165635,26.69739837,12.25178041
7665,-122.5914705,47.34623186,12.25137423
7666,113.6981364,37.60555765,12.25052598
7667,-49.17500523,-26.72968283,12.24838041
7668,22.64319365,41.4423265,12.56885988
7669,27.65915836,44.63833515,12.24552168
7670,12.08651192,32.92818856,12.24548443
7671,123.6225756,41.49013352,14.49212885
7672,132.9320953,32.98897287,12.23722316
7673,9.737889236,47.41408901,12.23581143
7674,-112.0173273,41.51030896,12.23379487
7675,78.321823,55.44816805,12.23080962
7676,-100.0254662,37.7574095,12.22589507
7677,-99.95341229,49.83863797,12.77952586
7678,22.38423104,51.93279138,12.2234953
7679,-50.59639406,-17.81527347,12.22242212
7680,-81.18981877,37.78750209,12.22100371
7681,38.62406533,37.79027987,12.22055213
7682,6.9007501,49.85416827,12.21999844
7683,-96.11005238,33.12083561,12.21925373
7684,113.3390508,27.01094002,12.21860309
7685,8.780825782,44.78000181,12.21599231
7686,1.332420283,51.96250152,12.21548323
7687,140.7735983,-37.823606,12.21513078
7688,15.92301848,41.63399316,12.21074441
7689,74.41748982,18.00250288,12.20983454
7690,119.6442588,27.09479418,13.35428655
7691,132.5639581,33.22328658,12.20524766
7692,118.1840567,33.22818855,12.56349748
7693,-67.14750451,18.08361399,12.2043417
7694,48.7961865,52.01612471,12.20101365
7695,86.09582269,55.54650138,14.15223393
7696,-93.23995445,33.27181599,12.19859966
7697,35.92347621,49.94431978,12.19744197
7698,41.09344354,47.58115249,12.19741775
7699,11.06749236,44.87708514,12.19571156
7700,8.956810624,49.95606221,12.19450141
7701,-66.44250454,18.33805842,12.18695397
7702,9.506936864,53.92465422,12.18665413
7703,-117.2458358,33.37328658,12.1846706
7704,-67.1763934,18.39028064,12.18335637
7705,109.9703831,41.78443175,12.18263014
7706,-51.22292182,-27.39791197,12.17715373
7707,-54.75306057,-18.51471788,12.17474302
7708,-53.94115088,-27.45364114,12.17113871
7709,9.007100283,33.47426697,12.17077014
7710,5.590753446,52.15344354,12.69266783
7711,18.51328571,47.75416836,12.15754336
7712,11.55852408,47.76131121,12.15589454
7713,119.6168998,33.59142383,13.94174388
7714,-83.85956267,33.6066199,12.86733351
7715,20.05574597,47.79940645,12.14709815
7716,-103.8780586,18.91583618,12.14659452
7717,-76.52434624,41.98355455,12.14528511
7718,18.78089483,54.08993199,12.39170575
7719,-69.94805996,-19.02749564,12.13865443
7720,0.713579728,52.24800876,12.4022531
7721,69.02714521,61.01020231,12.13815735
7722,60.70815704,55.7568347,12.8638078
7723,9.668325747,45.17125179,12.13404117
7724,0.722492771,45.18791846,12.13053758
7725,114.5262137,33.79191401,12.48348749
7726,-98.77916992,38.36527984,12.12642747
7727,-71.63706574,42.0901335,12.12523487
7728,-70.5297266,19.2241695,12.5287387
7729,11.79670285,42.09802823,12.44272234
7730,140.2722094,38.38194651,12.12368066
7731,-81.84427476,27.89010665,12.12363464
7732,-97.15364915,27.89896082,12.50142158
7733,80.7739479,27.94843998,13.25327816
7734,-61.1071126,-33.89582838,12.11233255
7735,-75.73292084,45.27958512,16.35113569
7736,130.2670709,45.28666846,12.10975508
7737,18.80124205,45.28791846,12.10949185
7738,40.96092866,28.03125248,12.10812257
7739,2.48880849,42.18662472,12.10704598
7740,114.4484257,28.10468998,14.74685758
7741,43.96468402,42.22522121,12.0997606
7742,12.84449229,55.87616803,13.06655702
7743,125.4074153,52.43677686,12.08712137
7744,-56.22328926,-34.09680876,12.08423956
7745,113.3999883,28.24843997,14.35039601
7746,127.1554044,45.41166845,12.08339516
7747,77.84998969,28.2583358,12.46067831
7748,-40.27417226,-19.82582894,12.08056425
7749,23.55371993,42.33662471,12.07870059
7750,41.00756692,50.41969855,12.07797883
7751,47.03137981,-19.86749561,12.07746883
7752,-47.4475053,-19.87305116,12.07705573
7753,29.41249162,38.67361316,12.07544406
7754,108.2159198,34.16348263,12.07488697
7755,14.39090132,50.43447128,12.34884083
7756,128.3291543,45.45666845,12.37579591
7757,-98.48000326,45.46208511,12.07274686
7758,23.03074585,48.14464453,12.06713143
7759,-71.68794293,42.43048436,12.06092073
7760,-62.71593606,-34.2664166,12.06041545
7761,77.67915636,28.46354413,12.81386625
7762,-76.06805971,38.77500205,12.05860144
7763,18.60098412,48.20853342,12.0522833
7764,-79.01845642,48.24543818,12.04369927
7765,-76.64361525,20.37416945,12.44064444
7766,6.951778236,48.27996199,12.03566443
7767,-6.356025464,38.92083538,12.70295896
7768,-116.5589311,48.28789849,12.03381661
7769,-110.5662528,45.65583511,12.03173547
7770,106.4530441,20.54361389,12.02636126
7771,-0.328757187,45.68208511,12.02616841
7772,7.033325852,50.62992582,12.0248737
7773,63.32886958,61.30905287,12.43892173
7774,109.9507237,34.53112967,12.02301966
7775,19.66606344,48.33591437,12.02263289
7776,-1.865284903,38.99907611,12.35514281
7777,113.4786647,34.54632575,12.02086505
7778,-51.1069496,-20.63582891,12.01926317
7779,117.099743,34.58603163,12.01522949
7780,-44.83028318,-20.70138446,12.01419818
7781,76.55860085,20.71472499,12.01316555
7782,-112.3218164,34.6022081,12.01293427
7783,5.745101266,52.71141454,12.27352912
7784,14.5318104,50.68219854,12.01164304
7785,-71.36299454,-34.62769109,12.00931376
7786,105.9880441,20.77861388,12.00821087
7787,39.19225314,48.40139055,12.00736838
7788,-77.33701391,34.66054143,12.35764326
7789,78.35415633,42.73092294,12.00378694
7790,27.18610282,39.10972426,12.00272662
7791,29.86197077,-29.00780774,11.99879529
7792,113.1701272,54.57639031,11.99733897
7793,38.99874124,45.81791843,11.99731795
7794,88.65371732,42.79671241,11.99123084
7795,-83.25548633,42.79978259,11.99064378
7796,-0.159608643,52.79329859,12.25065035
7797,123.1958212,45.85291843,11.98987361
7798,-42.84194993,-21.01638445,11.98964356
7799,47.11512249,42.82171241,11.98645513
7800,125.6837841,39.20740944,12.31938837
7801,106.1174886,21.07361387,11.985144
7802,132.8649385,34.80416887,11.98417666
7803,-45.56361649,-21.09194,11.98370095
7804,128.4213112,34.84387476,12.33066565
7805,65.14767538,39.25463166,11.9784082
7806,0.142394755,34.84877672,11.97780437
7807,8.043651899,52.84402323,12.23655452
7808,128.7080759,34.87720809,12.32596992
7809,-78.26250407,0.236908352,11.96705272
7810,118.5428802,34.9252473,13.726613
7811,105.6141552,21.31250275,16.75328166
7812,100.6696316,-0.803567796,11.96600644
7813,-79.66190878,0.95357499,14.52960995
7814,124.8166545,1.159527363,11.96476673
7815,99.26903645,1.380360688,11.96377237
7816,45.72995129,48.58988261,11.96333425
7817,33.79701526,-1.511901101,11.96309764
7818,-48.23361638,-21.3630511,11.96220793
7819,109.9737979,-1.841662993,11.96113609
7820,-76.05595654,1.855955907,11.96104245
7821,42.2827292,1.899408286,11.96075268
7822,21.50237289,2.156551133,11.95890314
7823,36.72482466,56.33250135,12.19659598
7824,112.3999883,29.37291909,13.45177337
7825,78.13280217,29.38281492,11.95588647
7826,-43.55528324,-21.46138443,11.95434679
7827,-47.56639419,-21.47360665,11.95336713
7828,45.48987193,2.798813012,12.38015538
7829,-95.24635756,29.41666909,12.3254122
7830,78.26693411,21.49083607,11.95198508
7831,86.92582266,21.50750274,11.95064795
7832,-92.43889239,39.42268721,11.95010758
7833,25.68415844,-21.52082887,12.34789694
7834,-7.560752512,43.01601065,12.89225503
7835,25.72995209,48.65297784,11.94856439
7836,107.9685996,21.53805829,14.33770658
7837,103.8285601,-3.274996269,11.94812993
7838,99.45415549,3.28690823,11.94799162
7839,-84.20231865,39.43611313,11.94784207
7840,-83.82037422,39.44120573,11.94698274
7841,115.5624882,35.07720808,14.05299649
7842,98.87320313,3.561908219,11.94465192
7843,-1.347576591,54.76250141,11.94297981
7844,122.2154641,-3.866067674,11.94064572
7845,-80.1449114,39.47916869,11.94057254
7846,-76.30178986,3.904170111,11.9401215
7847,113.3588424,29.53489825,11.93833889
7848,3.531810841,50.97651671,12.20837876
7849,75.08971202,21.6991694,11.9351936
7850,15.77677788,4.258336763,11.93499661
7851,78.64364907,52.99583481,11.93470724
7852,-74.37798042,4.338098665,12.3599972
7853,18.60177777,-4.54940098,11.9304525
7854,13.68392082,4.576193893,13.20823518
7855,7.930944864,4.642860557,13.20699965
7856,173.0918976,-35.20514205,11.92663642
7857,-3.100764652,51.01780459,11.92645163
7858,29.77721383,62.60138998,12.32380213
7859,-91.10729522,29.65833575,12.66907524
7860,9.93511145,4.954170069,11.92363465
7861,8.802909115,46.17000175,11.92221714
7862,-9.739590144,29.69583575,11.91967844
7863,112.4057175,29.71823158,13.77894836
7864,-119.7791691,46.20708509,11.9142799
7865,-78.55298025,-5.639281889,12.33615438
7866,-78.68869453,-5.655948555,11.91044037
7867,-0.229173858,39.6638909,11.90930599
7868,1.158326087,51.08712277,11.90880269
7869,102.6339173,5.75297956,11.90847934
7870,0.737492771,5.778574797,12.75853616
7871,-6.594649793,5.783336702,14.88481452
7872,-2.937854305,54.89201529,11.90507323
7873,-50.52135935,-29.83072437,11.90396581
7874,-91.38333688,39.70648349,11.90207907
7875,-56.52972716,-22.11305107,11.90137257
7876,35.9330796,35.38063944,11.90126614
7877,-3.865483236,6.110717641,11.90096101
7878,-75.36964704,6.155360497,13.17494062
7879,103.8590573,35.39534532,11.89913577
7880,52.80103235,29.87760657,11.8984892
7881,101.8208221,6.426193819,11.89395555
7882,141.8703819,43.33136152,11.88859278
7883,-85.7708371,39.79444645,11.88713222
7884,47.42737186,6.775598567,11.88578678
7885,3.439278377,6.798217614,45.42108898
7886,20.41627986,51.19280458,11.88186034
7887,111.4464169,-6.989281835,11.88057849
7888,46.17719684,35.52328649,11.88056323
7889,144.9521929,-35.52622047,11.88013676
7890,18.14332541,46.38125174,11.87693365
7891,107.3508218,22.41805826,15.43970683
7892,16.42540881,46.38708508,11.87568091
7893,82.69964227,54.99826529,12.61619534
7894,126.853174,35.57426688,11.87314604
7895,28.15854431,43.41469485,11.87249944
7896,112.521802,35.58848257,12.22015776
7897,-63.03214754,-7.514281814,11.86709896
7898,116.1156132,30.15937739,13.34825963
7899,48.92962047,39.94583534,11.86134137
7900,16.99082545,46.45416841,11.86126458
7901,123.5015229,43.51469484,11.85315356
7902,114.3140507,30.27031489,11.85230242
7903,26.52477244,43.52960712,11.85026546
7904,-71.4550482,43.54276502,11.84771589
7905,77.71582302,22.75916936,12.2422966
7906,-80.5363135,8.244050889,11.84674809
7907,43.29239303,35.7585806,11.84624952
7908,-35.03155342,-8.285710354,11.84552972
7909,6.935680928,53.32155944,11.84535954
7910,12.14319407,43.56206326,11.84397673
7911,-47.60972752,-22.84471771,11.84008231
7912,8.517849602,8.501788974,13.53039502
7913,-80.26495497,35.81740413,11.83764044
7914,2.233545342,43.59583519,11.83742903
7915,103.4588428,30.41771072,15.90372058
7916,47.11989832,40.10277977,11.83451456
7917,-70.40714724,8.770241344,11.83091099
7918,48.0759168,40.12453903,11.83078793
7919,18.85082538,46.61000174,11.82771119
7920,-79.90548646,43.64627378,12.13894058
7921,68.25992597,58.19903973,12.28046062
7922,70.2086011,23.01694712,12.21949742
7923,-92.9725912,43.67039659,11.82295805
7924,29.90582494,-23.04860659,11.8226623
7925,-47.83639418,-23.05416214,11.82218561
7926,-89.90613105,35.92377667,12.16972322
7927,27.72540836,46.64000173,11.82124172
7928,65.15091612,40.18102051,11.82110773
7929,126.259247,40.18379829,11.82063121
7930,72.68228156,30.53958571,11.82031111
7931,-52.53385927,-30.54530768,11.81962852
7932,127.4313474,43.70153694,11.81690788
7933,50.60758881,35.96054138,11.8166376
7934,16.67823287,40.2074094,11.81658069
7935,-76.00357559,-9.300591266,11.81396357
7936,-64.35655224,9.309527037,11.81366969
7937,-65.32559983,9.357146083,11.81209821
7938,94.03026682,23.20194712,11.8094636
7939,45.53391955,9.525598457,11.80647502
7940,48.65988669,30.65833571,11.80611993
7941,-51.40156764,-30.66562017,11.80524749
7942,13.90534939,49.26369211,11.80483272
7943,-89.38603304,36.04142373,11.80473661
7944,51.58176157,30.67708571,11.80387417
7945,-117.1750025,46.7291684,12.09695234
7946,44.27499103,40.29953903,11.80075398
7947,57.9897127,23.30472489,12.193924
7948,115.2012137,36.07769824,12.84053124
7949,-119.5576005,36.08063941,11.79895736
7950,12.33749231,51.52235002,11.79757772
7951,-70.18267983,43.80241413,11.79728541
7952,43.67304661,-23.35027324,11.79661674
7953,107.0041552,40.32963162,11.79557994
7954,70.98239737,40.34444643,11.79303069
7955,118.3390032,51.55492578,11.78922411
7956,5.688472965,36.15367862,11.78817987
7957,-78.15178979,-10.07797219,12.20830175
7958,54.33405925,36.16838451,11.78600761
7959,7.148742514,46.80416839,11.78577879
7960,6.171806279,36.17181588,11.78550065
7961,5.692416815,51.57424396,11.78426805
7962,110.0203588,40.40092791,12.11056282
7963,5.853720636,43.87565974,11.78301364
7964,-49.24806079,-23.53305101,11.78067826
7965,5.329916829,51.58825911,11.7806723
7966,-84.43452763,10.33333652,11.77812824
7967,16.64106356,49.37996194,11.77731002
7968,-74.88393278,10.36309842,11.77703964
7969,51.10594314,10.42024128,17.24206687
7970,-62.47619518,-10.43690074,11.77432851
7971,109.6547106,23.61028043,12.16638951
7972,-1.256825332,51.6166682,12.30863159
7973,13.71362862,51.63030457,11.76987943
7974,-46.33861646,-23.65916212,11.76961182
7975,-66.85774262,10.60655079,11.76802277
7976,107.0333219,10.6363127,19.33166002
7977,105.8859261,30.99271069,12.13349674
7978,-62.25655233,-10.71904359,11.76378575
7979,76.65058497,10.78214603,12.18145459
7980,-53.07583841,-23.788051,11.75824382
7981,120.2030435,23.80028043,11.75716203
7982,-2.542665828,49.47480321,11.75482413
7983,30.65103324,31.11875236,11.75061769
7984,118.5749881,31.14791902,14.68384527
7985,20.78934382,40.61944642,11.74556404
7986,17.56394137,53.69728406,11.74180141
7987,46.53980575,40.6509279,11.74011328
7988,46.64119464,40.6509279,11.74011316
7989,11.46021961,51.75644092,12.00413789
7990,-80.61740594,36.49828645,12.08224989
7991,18.12874207,47.02916839,11.73701268
7992,113.7984731,51.78863789,11.72917692
7993,51.98896131,36.5674041,11.72676481
7994,11.07499236,11.71012218,13.81824543
7995,-86.36157782,40.75139086,11.72269269
7996,-72.49496044,44.18487025,11.72254984
7997,23.28526965,24.1941693,11.7220378
7998,9.451128786,51.82841062,11.7189381
7999,-51.67694958,-24.24305099,11.7176406
8000,59.11445122,36.64632566,11.71497896
8001,123.9161915,40.79676123,11.71481311
8002,2.734551514,36.64975704,13.09278086
8003,12.18640536,53.79837101,11.71384945
8004,15.04294092,58.54294998,11.71199779
8005,29.65304717,-24.30749543,11.71183057
8006,-86.32215287,44.24583516,11.71058764
8007,65.7463137,36.6786786,11.71014111
8008,18.94624204,47.15625171,11.70938633
8009,30.14693604,-24.34805098,11.70816626
8010,-85.36845617,12.10536026,11.70793897
8011,135.0545927,44.27565972,11.70473049
8012,-53.51972728,-24.39693987,11.70374204
8013,119.706238,31.50833567,24.13724248
8014,-3.36446785,36.7409335,11.70082112
8015,120.6619324,24.44305818,12.47976523
8016,69.03980485,40.88472419,12.02444821
8017,9.238682907,49.71408891,11.69794198
8018,73.46873986,31.57864817,11.69442001
8019,86.68693378,24.49972484,11.69441244
8020,34.76092891,31.6119815,12.05560558
8021,7.162871301,51.94166819,11.9555478
8022,113.9989466,31.6213565,11.68916277
8023,142.4638029,44.36030884,11.68808875
8024,-100.3563628,44.36425621,11.68731214
8025,9.615825749,47.26000171,11.68678801
8026,25.70832511,12.65833643,11.68379128
8027,-39.10655325,-12.67142446,11.68320681
8028,79.27856106,12.67619357,12.1002254
8029,-89.1416703,31.68750233,11.6810074
8030,22.77479348,49.78710478,11.68054273
8031,34.73957474,31.74739816,11.67360906
8032,-48.12083861,-24.72860652,11.67350281
8033,40.37915785,47.32333504,11.96476704
8034,79.66308485,13.08809831,11.66428876
8035,28.68455048,36.98554134,11.66406636
8036,-68.33667113,47.37625171,11.6614206
8037,-57.1394657,-37.00367139,11.66133374
8038,20.44923441,52.05341061,11.66090482
8039,127.255625,37.01054134,11.66029778
8040,54.45905925,37.01740408,11.65926311
8041,16.88907943,49.87678732,11.65914504
8042,19.22241267,49.87996192,11.65838693
8043,19.50336504,49.88472383,11.65725008
8044,37.97180501,37.03161977,12.34289023
8045,-95.6218171,37.0394629,11.65593544
8046,18.52082539,44.53881761,11.65290883
8047,-97.0394641,37.06103153,11.65267989
8048,-84.6139744,37.077208,11.65023615
8049,1.088683233,49.91766033,11.64938326
8050,27.37038644,44.56864217,11.64701992
8051,74.2166565,31.97916899,12.00882876
8052,69.46989743,41.20416862,11.64372233
8053,100.9422507,13.56488401,17.46285076
8054,113.6280438,25.08694704,11.64039502
8055,-1.151980838,44.63004567,12.55331208
8056,121.1477821,37.18701192,11.9757215
8057,61.39949034,57.36950131,11.63327315
8058,-50.98194961,-25.21193984,11.62874175
8059,7.866659152,52.18295606,11.62740674
8060,98.12677459,13.96488399,11.62250933
8061,45.46447511,50.034327,11.62148524
8062,152.5077992,-32.17968261,11.6198371
8063,26.80207506,-32.19530761,11.61788116
8064,98.19939363,14.0916697,11.61624747
8065,11.0049166,52.2284106,11.61563816
8066,-75.71190893,-14.17023393,11.61233871
8067,42.18651072,37.33456093,11.61125086
8068,10.51915905,57.4405013,11.61092503
8069,29.91923764,50.07877144,11.61084467
8070,43.31844345,14.20357446,11.61067421
8071,-7.115158431,52.25189545,11.87344433
8072,-7.84271522,32.27812731,11.60749845
8073,12.49408952,55.90139025,11.60748355
8074,-54.40806058,-25.44193983,11.60715289
8075,97.37327322,37.36789426,11.60618385
8076,-64.60564187,-37.37524,11.60506675
8077,75.97684161,41.4305575,11.60396252
8078,-96.62969083,32.32968981,11.60102244
8079,123.0800317,44.80943163,11.59935605
8080,41.35464801,37.42720799,11.59715772
8081,11.0755876,50.15059683,11.59363296
8082,73.89842734,32.39635647,12.67954918
8083,0.48003664,44.84671233,11.59195762
8084,30.58209942,37.46593347,11.59125781
8085,26.52591766,41.50324268,11.59115629
8086,13.84977295,44.86732637,11.58786439
8087,28.5219361,-25.66360648,12.74471868
8088,115.7247431,37.51054132,13.62886733
8089,6.629159202,44.89846672,11.58167828
8090,33.06189624,14.8279792,11.99227404
8091,-97.26250331,37.55269818,12.25902882
8092,14.85892078,50.21607302,11.57792601
8093,24.70786218,41.57963157,11.57767861
8094,36.48176217,32.5328148,11.57541806
8095,73.0549502,50.23115238,11.57430694
8096,-94.36823259,32.5421898,11.57423288
8097,120.4833213,14.98452681,11.98378496
8098,14.31685731,50.2517873,11.56935227
8099,114.3843632,32.60208563,11.92810265
8100,31.18790822,47.81666835,11.5648674
8101,10.43968536,44.9875018,11.56397216
8102,-62.69271303,-32.62707843,11.56348629
8103,144.4281733,-37.6620047,11.90122694
8104,124.013365,45.00592285,11.56030516
8105,-92.66054271,37.67279621,11.55965081
8106,88.8430448,25.94139145,11.55963305
8107,2.478696405,41.69027971,11.55811807
8108,26.8668568,50.30139048,11.55743665
8109,128.8317585,32.68906479,11.55562309
8110,-72.20787468,41.72361304,11.55221651
8111,-63.31972689,-26.0369398,11.55044257
8112,23.92817812,37.73309033,11.55040989
8113,117.2134685,37.73309033,13.58916188
8114,13.54304781,50.33194603,11.55009215
8115,125.2991545,47.88750168,12.12673623
8116,28.312075,47.89125168,11.54844658
8117,10.62874237,47.89666835,11.83598474
8118,39.95112757,52.49280453,11.54703513
8119,12.48332563,32.78958562,11.54284236
8120,32.47638039,26.11750256,11.54266885
8121,-54.30298122,-15.55356721,11.95219852
8122,48.90219673,37.80122758,11.53995089
8123,32.41193595,26.15472478,11.92373396
8124,5.717795602,52.52954695,12.06176878
8125,-46.43095772,-15.62975768,11.53584861
8126,-1.368188963,52.54545604,11.79556045
8127,60.13656447,41.83796489,11.53194137
8128,-49.33512427,-15.75118625,11.52915331
8129,28.16963453,-15.75475767,11.94067216
8130,14.26963509,50.4299619,11.80085887
8131,-42.23155313,-15.81190053,11.52578659
8132,36.9777691,56.18264024,11.52388876
8133,53.4748095,54.48641446,11.77312533
8134,41.50491538,52.59091059,11.52151406
8135,92.67971132,26.35916921,11.51921368
8136,78.28915634,26.36972477,11.51818446
8137,114.3515507,33.00312728,12.59524663
8138,23.51249186,37.96103149,11.51535676
8139,17.97360319,50.48512063,11.78738081
8140,19.3910008,45.24978249,11.51164622
8141,106.1992533,37.99436483,13.20323861
8142,79.50137851,26.46472476,11.50890489
8143,112.9333216,33.05677311,13.30705147
8144,119.5508214,26.49694698,13.04010955
8145,75.69046596,16.19107438,11.50447395
8146,88.7169337,26.53305809,11.50221045
8147,42.67161808,50.53234285,11.50183846
8148,-4.530562574,42.00787229,11.5017294
8149,11.29249235,48.10625168,11.50099672
8150,24.17138072,-26.59860645,11.49577384
8151,15.92439692,50.57004126,11.49274477
8152,49.95915747,26.65750253,11.48997752
8153,-15.703578,16.46726485,11.89892242
8154,43.03193552,42.10185377,11.48497391
8155,-70.68055993,42.10555747,11.48431119
8156,-75.83881996,45.40153687,11.78333778
8157,-90.3977977,38.2208354,11.47517857
8158,75.554712,26.81194697,11.47472061
8159,40.60415784,33.36510643,11.46898353
8160,18.68550793,50.67242221,11.46802203
8161,76.33582308,26.89805808,11.84839127
8162,-24.98155382,16.88155054,11.46439371
8163,49.69113665,33.40260643,11.46413054
8164,-122.4752474,38.29975697,11.462926
8165,-65.3486157,-26.93082866,11.46291994
8166,99.81903643,17.01726482,11.45632357
8167,38.43405989,38.3453452,11.45583858
8168,141.602193,-38.34729879,11.45553422
8169,150.1479035,-33.47812006,11.4543432
8170,28.52278578,38.35563932,11.45423713
8171,35.51874138,48.32416833,11.45273311
8172,-89.62454065,42.29444635,11.45053867
8173,69.29827434,38.39044324,11.44882004
8174,79.61725152,17.14643149,11.44858398
8175,78.5819341,27.11305807,11.4447365
8176,9.392700758,56.45312634,11.44321854
8177,115.836998,38.42720795,13.46252296
8178,100.8267045,38.4330903,11.44217598
8179,-0.646976871,52.91174391,11.43780821
8180,4.942651332,50.80615236,11.43567203
8181,115.1280438,27.20972473,14.48336495
8182,-50.37917185,-17.39166237,11.43373274
8183,-48.63528303,-27.23860642,12.5754227
8184,-71.17333769,48.42125166,11.43117604
8185,40.59304673,50.82877141,11.43019401
8186,6.382667983,45.66469476,11.72921049
8187,-111.0445203,45.67522107,11.4262432
8188,36.10936636,33.72396058,11.42234076
8189,10.56514389,52.9712136,11.68175114
8190,-1.26845953,50.86448569,11.69344539
8191,8.296264398,45.69890528,11.42146953
8192,60.55049038,58.04883461,11.41868134
8193,-81.33542061,48.47833499,11.41848511
8194,123.4097101,42.50602042,15.53521084
8195,-0.642331736,45.74320352,11.41253627
8196,-46.17976726,-17.74344807,11.41206913
8197,38.06575215,54.89909561,11.65509083
8198,-64.85972683,-27.49805086,11.40594138
8199,95.34804454,27.49972472,11.40577153
8200,115.4833215,33.86614808,12.82915935
8201,17.30058735,50.94027934,11.40316093
8202,9.785929909,33.88958558,11.40066145
8203,-77.10417078,17.92738384,12.21489199
8204,-99.4261937,17.9565505,11.39874022
8205,30.81526935,27.56916916,12.91863768
8206,-109.9352806,27.57083583,11.39854926
8207,81.07871763,45.82215089,11.39659777
8208,-0.801522319,53.06969845,11.39646021
8209,-119.6875024,45.83574738,11.39385053
8210,25.79231633,45.86425615,11.38808806
8211,-65.82143314,18.15119335,11.38643031
8212,12.1638081,45.88837896,11.38320954
8213,51.48019907,34.0588564,11.37840568
8214,114.1869674,34.1026064,11.72799134
8215,42.37134527,34.1088564,11.37181181
8216,-116.4276067,34.1104189,11.3716064
8217,36.77568577,56.69965411,11.36946066
8218,110.6213773,27.85583582,11.36942765
8219,112.653692,42.75277967,11.36805842
8220,-97.32083664,27.88472471,11.3664607
8221,-78.1968178,38.92622753,11.36488639
8222,115.9311156,38.92720793,12.0331116
8223,109.3078009,34.16406473,11.7197731
8224,-55.75861608,-27.91082862,11.3637767
8225,-110.8986139,27.91805804,11.36303293
8226,100.4521947,38.94387459,11.36210475
8227,-122.6276984,38.94534518,11.36187263
8228,-84.14114967,34.18802307,13.49172558
8229,-60.73594227,-34.1994742,11.35984124
8230,-110.8102805,27.9647247,11.35822797
8231,-48.69583859,-18.59999566,11.35755415
8232,-98.46964612,18.60000286,11.35755368
8233,66.679647,38.98161969,11.3561514
8234,-0.173781703,38.98210988,11.3560738
8235,116.0914097,38.98701184,12.02310004
8236,-111.3255236,34.24114806,11.35432609
8237,11.80693677,51.15297774,11.35147236
8238,105.4190362,18.70952666,11.35040271
8239,73.4083232,18.75416952,11.34747624
8240,108.9109011,51.16964441,11.3474151
8241,-2.513264675,53.25681965,11.34736077
8242,-60.25365062,-34.29739086,11.34687355
8243,35.73228304,34.32552306,11.3431414
8244,132.6807167,34.33021056,11.34251946
8245,10.04106383,51.19107298,11.3421975
8246,112.9556255,39.07034517,11.34213725
8247,-56.71875493,-34.34062003,11.34113778
8248,10.76758496,42.9273167,11.3364536
8249,-70.67303069,46.12127368,11.33600678
8250,-70.41131391,18.93750284,11.33538688
8251,39.78003507,46.13530877,11.33315608
8252,131.4005084,34.40833556,11.33214009
8253,-0.180364336,51.23750155,11.33088669
8254,-115.2745396,42.96065003,11.3304054
8255,30.71249157,28.31639136,12.45387873
8256,9.016878404,46.19276491,11.32147808
8257,117.0135298,34.51875222,11.31743394
8258,50.19506655,53.37272874,11.31688258
8259,24.79714093,46.22346666,11.31523352
8260,114.7666549,34.55781472,12.37289232
8261,-44.40655304,-19.28511468,11.31215127
8262,126.2896807,46.26250175,11.90258796
8263,11.83029536,53.43181964,11.30132755
8264,24.71341774,43.14444632,11.29698563
8265,-2.371237264,51.38115234,11.29584218
8266,76.42128604,43.17037224,11.2922623
8267,-53.10306063,-28.63305081,11.28859027
8268,28.21218303,61.05262461,11.28603367
8269,105.1291553,34.75833554,11.28537999
8270,97.21129844,19.68274091,11.28506987
8271,76.31017493,43.23055743,11.28128736
8272,78.35089546,55.35561733,11.27849631
8273,26.56804729,43.25139076,11.27748554
8274,-43.48691022,-19.93987655,11.26727173
8275,44.46725293,51.50337456,11.26596712
8276,29.07723523,59.87916787,12.34946001
8277,127.5942585,34.91146054,11.26478815
8278,33.22630099,68.15178659,11.26345306
8279,16.20653977,51.51527932,11.531287
8280,124.5823952,43.34398335,11.26056975
8281,19.56855262,53.58901661,11.25988355
8282,111.474155,28.90750244,11.25954869
8283,39.05678948,46.52785262,11.25314007
8284,-51.07528293,-28.96860635,11.25304799
8285,104.6395719,34.99948137,12.30781707
8286,-78.76152366,39.64191378,11.25119759
8287,21.82241256,51.56885074,11.51783346
8288,-43.80476735,-20.25535273,11.24512993
8289,-82.24528169,29.06805799,11.24243987
8290,-88.82917031,43.4620389,11.23895834
8291,15.31130171,51.62242217,11.23681698
8292,-43.42500546,-20.3815432,11.23617893
8293,117.3078006,35.13646053,11.23438419
8294,113.1102661,29.14750243,11.98285328
8295,-122.1943651,39.74975691,11.56422082
8296,29.93266704,46.62346665,11.23356663
8297,-95.42528116,29.17250243,11.60555489
8298,-6.152611121,35.18385636,11.22795854
8299,78.95360075,29.21583576,12.34928214
8300,117.5601071,51.66408884,11.22660226
8301,11.16029937,46.66337893,11.22538804
8302,109.9928806,39.81740397,17.82526393
8303,3.118865224,39.83112946,11.2208408
8304,22.26341784,43.57129815,11.21891368
8305,36.58176217,35.25989802,11.21763136
8306,120.4052658,29.30805798,12.71249585
8307,41.71819289,46.70679998,11.21648294
8308,46.74622109,51.70773963,11.21589495
8309,75.33987074,20.67083611,11.21545635
8310,105.2847108,29.34694687,12.70746949
8311,-48.05595766,-20.7333289,11.21094279
8312,14.64106364,51.73750153,11.20859043
8313,136.0338415,35.34218969,11.2064329
8314,97.03867939,20.79702658,11.20632843
8315,11.97638121,51.74980312,11.20557042
8316,-40.72560081,-20.83749557,11.2033901
8317,116.0369326,29.4602802,11.20027403
8318,85.14284654,20.95238371,13.19393055
8319,117.2536646,39.99387455,11.19463201
8320,143.148995,51.80099359,11.19299688
8321,-58.82292151,-35.44322415,11.19265187
8322,134.2550313,46.82697541,11.19180184
8323,-49.88972743,-29.54416188,11.19118788
8324,114.0408216,29.5452802,11.56407031
8325,-79.15989987,35.46510635,11.53942178
8326,47.07915758,40.0247569,11.1896476
8327,-55.12694944,-29.56305077,11.18913888
8328,50.51082411,29.58528019,11.18672539
8329,-86.47426845,40.0497569,11.18561115
8330,11.57876218,51.86091422,11.17826781
8331,44.99860211,51.87519994,11.17475434
8332,-80.83854563,35.58698134,12.5695615
8333,10.50693682,43.84907592,11.1677648
8334,10.97134653,35.64010634,11.16569667
8335,-58.06361599,-29.79082854,11.16433125
8336,106.0580441,29.8363913,17.85454877
8337,38.66937531,55.7784434,11.15877139
8338,7.984317877,51.94742216,11.15698041
8339,107.7252663,29.87139129,13.0147469
8340,-47.37262435,-21.4869003,11.1554812
8341,71.81784707,21.53809798,11.15164382
8342,37.08749132,35.7458355,11.15116644
8343,60.06908762,57.42534853,11.61596275
8344,108.3541551,21.6291694,11.14479582
8345,-3.460546277,40.30612944,11.14408792
8346,119.3833214,43.98935369,11.76101344
8347,113.3255835,52.0200412,11.13909058
8348,-4.222229253,57.47639019,11.1356366
8349,38.56144959,35.85937717,11.48349093
8350,-52.11429083,-21.77201934,11.13399954
8351,-51.96750512,-30.12138408,11.12801608
8352,106.7648695,21.85535987,11.52513432
8353,5.998603671,44.07314999,11.12630857
8354,-42.69107692,-21.88094791,11.12572076
8355,7.001381409,52.07877136,11.38942899
8356,62.92603195,35.94635633,11.12350346
8357,17.01407942,52.08512056,11.12304217
8358,94.89473538,55.90489267,11.12284284
8359,31.02138045,30.17528017,11.86362461
8360,13.15733354,52.09067612,11.12167159
8361,-96.10677419,35.99843966,11.11629582
8362,128.4062377,35.99896049,11.46376336
8363,-115.6803056,54.13825901,11.11438795
8364,-59.102609,-36.02030746,11.11326683
8365,9.607909082,49.83875161,11.11259334
8366,39.63877327,-0.457368177,11.11201105
8367,30.65287619,-0.606086119,11.53912649
8368,29.51056854,0.70096511,11.9662801
8369,-46.57679105,-22.07261456,11.11105709
8370,-70.18393296,-22.07678123,11.11073633
8371,103.8669331,30.29805794,20.73207504
8372,25.53669813,52.14623167,11.10795884
8373,11.04967185,-1.865060428,11.10662643
8374,-61.11955604,1.883657371,11.10651138
8375,97.81937295,55.96576223,11.1055276
8376,111.5188986,2.116349669,11.10497846
8377,42.27531162,2.33109325,11.10340545
8378,36.1469358,30.34416905,11.10333191
8379,26.64454302,-2.583650143,11.95530689
8380,32.96717898,36.11093966,11.4475856
8381,76.14137864,30.38083572,11.09925327
8382,-50.8958385,-22.23154313,11.09880498
8383,-53.35238602,-22.25118599,11.09728479
8384,33.61445224,40.59975688,11.09625152
8385,-53.8321479,-22.3029717,11.09327084
8386,-85.41204082,44.25648331,11.09226019
8387,37.55519963,36.19114799,11.08954662
8388,-60.03155242,-22.35535265,11.08920173
8389,74.50693426,30.4797246,11.08823045
8390,47.74190265,40.65024707,11.0879961
8391,50.16926163,36.22031465,11.08548726
8392,151.6569312,-30.51027296,11.08481855
8393,121.9054366,-4.129803927,11.08427066
8394,9.766659076,49.97458493,11.0816925
8395,18.62726478,54.26174385,11.58552862
8396,43.78153867,52.26131103,11.07951944
8397,68.81150966,40.71152158,11.07796525
8398,0.581120228,40.71348236,11.40346199
8399,11.85931772,52.27043802,11.07726194
8400,-74.27981192,4.676605977,11.5023625
8401,63.0534625,57.67222352,11.07634333
8402,45.20287561,4.736862385,11.07541229
8403,-76.22917082,36.29479381,11.07510765
8404,27.11903933,-22.55237645,11.07381413
8405,2.576844549,44.36018701,11.07294892
8406,29.32290829,36.32135631,13.14719349
8407,116.5652659,30.64028015,12.91539035
8408,-43.70833879,-22.61785264,11.06867137
8409,77.7595135,22.61905031,11.06857746
8410,97.13620686,5.177888008,11.06821645
8411,96.69902739,5.201605956,11.49349471
8412,-4.380455743,5.324682874,11.49127973
8413,6.656723303,5.353529027,12.76756099
8414,0.711103883,44.40416849,11.06474773
8415,-45.01131492,-22.66844787,11.06468827
8416,17.5656667,52.32440627,11.59075272
8417,109.2666551,22.69405031,11.85284974
8418,14.69069734,-5.504803872,11.06247024
8419,112.2226074,22.69940745,13.43274113
8420,31.66804709,30.72361348,11.79825555
8421,-42.72262454,-22.73213835,11.05966164
8422,-72.01620802,44.43703886,11.05861321
8423,10.8958257,5.729170038,11.05832356
8424,-82.31691567,40.86544314,11.05271158
8425,-8.139429951,6.069554639,11.05171705
8426,127.130196,36.46250214,11.39695794
8427,74.24760888,22.84821697,11.05046518
8428,6.970184829,6.187503353,11.04933898
8429,1.496467099,6.216349505,11.04875064
8430,-83.97083717,30.83972459,11.04782317
8431,8.108646322,6.319554629,11.47150522
8432,30.69957491,50.13291826,11.87383747
8433,-3.88237884,6.383657191,11.04528301
8434,68.38013712,40.91495294,11.04457068
8435,9.550898215,56.18025498,11.04440733
8436,1.209287623,6.428528984,11.04433802
8437,-71.74391459,6.458016162,11.04371316
8438,-2.315712236,6.462503342,11.46838598
8439,4.781082352,6.504170007,13.16638591
8440,14.50475412,-22.95475739,11.04198582
8441,101.5369679,36.53333547,11.38680931
8442,113.525367,54.41288021,11.04123961
8443,-69.87660697,-6.654803826,11.03946955
8444,20.7128888,52.42996182,11.0377569
8445,111.0374884,-6.749675617,11.03737862
8446,130.8243297,47.57609819,11.61770813
8447,10.8536382,36.57500214,11.03588796
8448,49.391978,7.052246908,11.03051214
8449,6.266979729,7.071477676,13.57549124
8450,26.82433383,47.62039643,11.027585
8451,111.5619675,36.65156463,11.36964932
8452,72.34288206,41.04191372,11.02365817
8453,111.6352661,31.07028014,11.02171576
8454,-76.2433865,41.0566196,11.02123224
8455,101.2557179,36.69375213,11.01918664
8456,112.2362063,-7.542624303,11.44254256
8457,-72.67404275,-7.628521736,11.01660584
8458,104.1674886,31.12805791,15.78873095
8459,69.53071919,36.7369813,11.01309489
8460,73.14582321,23.3160741,11.01294656
8461,35.69390163,-7.777880704,11.01282409
8462,52.64637958,31.16416902,11.01103294
8463,53.92759481,36.7588563,11.01000946
8464,8.026381368,44.70000181,11.00940962
8465,-2.818757087,36.78333546,11.00655516
8466,112.1650524,-8.099034538,12.27413949
8467,139.938008,36.79948129,11.0042758
8468,-83.41593524,41.16152156,11.00390569
8469,120.2482023,23.46428838,12.96545607
8470,-71.76699151,8.322759677,10.99840951
8471,-51.68631466,-23.52380498,10.99605496
8472,11.18082569,50.35500159,10.99480768
8473,110.3934408,23.55000266,10.9939145
8474,-4.279729251,31.33028012,10.99205978
8475,116.5637702,-8.662496054,10.9889308
8476,103.2849887,50.38500158,10.98793381
8477,-51.98083845,-31.3680507,10.98773278
8478,-72.52819057,41.27328626,10.98540443
8479,53.70534779,23.66905027,10.98415916
8480,-64.71442769,8.853528887,10.98343534
8481,14.53176305,36.94948129,10.98305734
8482,7.719899899,44.84768699,10.98167126
8483,-47.42143387,-23.7148764,10.98039151
8484,41.87439589,52.66408879,10.97961594
8485,18.38172283,9.142631439,11.81906866
8486,117.3916548,23.78571693,12.54178377
8487,11.41712197,44.89074255,10.97357042
8488,38.83332458,44.89768699,10.97226318
8489,40.11790786,50.45541825,10.97178909
8490,50.80804632,31.51139123,10.97126759
8491,-50.19643376,-23.84701926,10.96948794
8492,18.97399998,52.70575546,10.96924865
8493,77.93034683,23.85833598,10.96855161
8494,113.5339168,23.8648836,11.75147758
8495,-70.78878642,9.42916989,10.96615543
8496,87.52260835,23.91250264,10.96406343
8497,102.827072,58.04340406,11.42021405
8498,64.34971245,31.58305789,10.96300983
8499,78.58620761,9.553528859,10.96228068
8500,71.47376445,41.41397253,10.96205478
8501,124.6201801,-9.600957554,10.96078929
8502,131.3835987,31.60528011,11.32576625
8503,120.9636784,23.97143121,11.35061996
8504,85.36070367,23.99881216,11.3482184
8505,61.10807859,41.44681567,10.95659408
8506,60.24691068,56.49474772,10.95449896
8507,77.9605666,9.826605771,11.37489389
8508,84.0618942,24.04583597,10.95297429
8509,37.31040797,37.16614795,10.95227356
8510,13.80986067,47.98179993,10.95205902
8511,10.17696608,47.98574729,10.95123176
8512,117.8270714,37.17448128,14.37350004
8513,37.24626324,47.98925607,11.23863097
8514,17.60679034,47.99890519,12.10128778
8515,-84.73942689,9.984939098,11.36954885
8516,104.0640511,37.20364795,10.94692924
8517,125.8638036,48.02916835,10.94212673
8518,34.47749142,50.58666824,10.94164972
8519,39.75884538,37.24114794,11.62561067
8520,-70.97361547,-31.77749513,10.9405193
8521,106.374027,10.25160575,11.36035457
8522,30.13115826,59.56316788,11.80884695
8523,105.9778732,10.46699036,10.93227265
8524,-66.11186353,10.49199036,10.93141349
8525,-59.03417151,-31.86582846,10.93026007
8526,59.82278452,41.60759997,10.92980812
8527,46.64827525,41.6164235,11.24977679
8528,28.14217917,37.33802294,10.92774108
8529,115.9645715,37.34948127,12.63290256
8530,129.2431894,48.12258939,10.92251496
8531,88.97737019,24.42024072,10.92152174
8532,-83.7730594,31.96416899,10.91880789
8533,77.06761792,10.8932724,10.91734079
8534,94.6857529,58.19722349,10.9167187
8535,79.82659217,10.93622111,10.9158033
8536,39.22823197,45.21666846,11.51817843
8537,77.99518199,11.09775957,11.32957244
8538,30.3565392,-24.55832875,10.90980436
8539,136.6437373,50.7308349,10.90847582
8540,31.06487251,-24.59880494,13.24346388
8541,33.48999146,50.7420849,10.9058841
8542,75.78492567,11.26058007,11.74282337
8543,140.3968622,37.5078146,10.90340781
8544,17.41029912,48.21601044,11.18985695
8545,115.2406132,37.52552293,11.24157522
8546,65.744261,37.52552293,10.90086466
8547,0.081242797,50.78375157,10.89628126
8548,-69.98603381,41.82279604,10.89381995
8549,9.500455383,45.31435364,11.19609363
8550,55.17962022,45.31990919,10.89247598
8551,8.855036305,48.26557184,10.89244095
8552,31.06189632,-24.78987636,11.27895255
8553,7.712029529,45.33379808,10.88984115
8554,-49.06635139,-11.73493183,10.88612452
8555,9.322214649,45.35370549,10.88606328
8556,10.85554792,45.35509438,10.88579966
8557,9.680085005,45.35879808,10.88509666
8558,-0.383661031,11.784298,10.88422223
8559,33.4018854,67.58093524,10.88217051
8560,3.170826007,41.90710977,10.8796779
8561,79.58510866,24.91309784,12.04524994
8562,-1.698965465,37.67708543,10.8790531
8563,116.2624881,37.68906459,11.89713406
8564,114.0571311,24.95416927,11.26426661
8565,74.34860094,32.33805786,11.23747363
8566,-6.360840279,32.33972453,10.87477597
8567,22.2101771,45.41620549,10.87419356
8568,103.3386791,53.09424751,10.87229732
8569,-87.01861483,32.41972453,10.86533562
8570,22.56863225,48.39846658,10.86442616
8571,126.3359004,53.13075544,10.8631595
8572,23.99092321,42.03014898,10.85899621
8573,11.88915899,32.47694675,10.85857031
8574,38.09899921,53.14980306,10.85839062
8575,51.43360185,32.48361341,10.85778135
8576,4.190697761,12.45673387,12.94556897
8577,124.2773026,45.50787215,10.85676105
8578,127.0583211,37.83333542,11.87467738
8579,-6.701395821,32.50416897,11.21719287
8580,68.88124004,37.85885625,10.85279201
8581,-92.63805905,32.53361341,10.85185973
8582,-84.58073298,37.88281458,10.84932317
8583,116.5338423,37.88698125,11.52679755
8584,28.41761987,12.6926313,10.84781156
8585,69.24760908,25.28809783,10.84683947
8586,-79.23456285,42.10269799,10.84677749
8587,12.48645063,37.90573125,10.84600272
8588,124.731806,55.15568321,10.8420641
8589,100.488084,25.35000259,11.61583048
8590,115.5847104,32.64028007,16.25780829
8591,12.49401404,56.89982016,11.54504734
8592,114.9315358,25.38809782,15.09541399
8593,-114.4180582,32.65916896,13.36554954
8594,7.487492501,48.53311569,10.83598032
8595,-120.3812524,37.98125208,10.83504778
8596,30.53987253,25.45000258,10.83263313
8597,140.6301955,38.01146041,11.50734002
8598,28.33236346,-13.09903434,11.24723937
8599,4.708325945,51.06916822,11.10113872
8600,38.99838868,-13.12403434,10.829584
8601,-60.54455606,-13.12531639,10.82952895
8602,140.1463414,38.06146041,10.82339193
8603,-78.89271238,38.07083541,10.82202832
8604,111.9386788,25.59285972,11.97944519
8605,33.41130099,69.05988179,10.8183873
8606,12.4899923,51.12166822,10.81818207
8607,100.0009503,13.40224665,12.06564661
8608,151.3535979,-32.83193953,10.81635651
8609,8.060299495,48.63794025,10.8137919
8610,31.83094391,-25.67142394,13.90231657
8611,35.32415805,32.85972451,11.17345831
8612,-72.88622223,-13.63236765,10.80733499
8613,-71.95463395,45.7671314,10.80730215
8614,130.3938601,42.34730583,10.8054496
8615,44.77749101,32.93139117,10.80445543
8616,-57.69219239,-38.19843237,10.80343779
8617,44.76144934,38.19948124,10.80328467
8618,37.20467881,38.20208541,10.80290478
8619,32.76249149,25.79166924,11.18818392
8620,-63.64226656,-25.79225727,10.8023188
8621,39.74582454,32.9497245,10.80225766
8622,15.16249219,45.80972399,10.79915492
8623,44.20832437,25.86071685,10.79620999
8624,-50.40119566,-25.86844775,10.79551928
8625,-121.3026065,38.26718957,11.13059818
8626,16.29270048,38.2692729,10.79309202
8627,114.5347104,33.0347245,10.79205469
8628,32.30287612,13.99840048,10.79079835
8629,81.98987047,25.92500256,10.79045919
8630,-76.49387669,42.44044308,10.78966065
8631,26.1944362,45.86018695,10.78949396
8632,-46.35737714,-14.09134199,10.78653055
8633,-104.7447947,38.3177104,10.78601004
8634,-52.57321938,-25.99344774,10.78432125
8635,102.8990271,14.14455432,10.78407479
8636,-98.5819477,33.10139116,10.78403627
8637,13.15756803,55.37803169,11.02706043
8638,39.04165791,55.37803169,11.51708936
8639,-41.67212092,-14.20608558,10.78122372
8640,3.115924048,42.49436465,10.78050591
8641,88.46427498,26.0380978,10.78030912
8642,107.3330441,33.15028005,12.21523714
8643,69.76101942,42.52181562,10.77584223
8644,-0.964359013,45.94398324,10.77343349
8645,124.1448408,42.54534504,10.77184232
8646,21.90709977,42.54779602,10.77142563
8647,30.63044029,14.42404148,10.77102606
8648,8.497413095,53.50337448,10.76963365
8649,47.86151049,42.56740386,10.76809071
8650,15.90884633,38.44948123,11.10310102
8651,-40.36635174,-14.52788043,10.76611441
8652,-7.589729119,33.26750227,11.48166546
8653,47.06249092,38.47604373,10.76280299
8654,-76.18505317,42.5997568,10.76258557
8655,-52.35545382,-14.66762402,10.75944922
8656,43.89582438,33.33472449,10.75585482
8657,89.43689398,26.32559779,10.75431848
8658,14.03259028,42.65122738,10.7538192
8659,38.17915794,46.04676102,10.75370216
8660,36.53044006,-14.79839324,10.75315513
8661,21.90064982,48.93355427,10.75101794
8662,-66.74904299,-14.86313683,10.75001913
8663,32.36633766,14.87083634,10.74964503
8664,120.7612059,14.9349389,10.74652432
8665,31.78570581,26.4619073,10.74190168
8666,89.95547166,48.97653673,10.74186582
8667,50.28137968,33.45472448,10.74129149
8668,140.3019609,48.98092269,10.74093127
8669,123.347782,42.73897248,12.9500162
8670,-75.61042084,38.64114789,10.73851463
8671,-78.77143262,26.52381206,11.11966253
8672,32.69454277,15.16314402,10.73531006
8673,133.9102652,33.50528004,10.73514189
8674,-81.72250393,33.53972448,10.73094653
8675,111.8553455,26.59583587,14.17927574
8676,73.95736164,15.28429786,11.14197905
8677,79.47975153,26.64524063,10.7251063
8678,19.86151161,42.82622738,10.72395054
8679,67.99046627,26.66488349,10.72330019
8680,133.0893393,46.20740916,10.72278955
8681,-97.13916998,33.63250225,10.7196293
8682,-44.36763363,-15.48429065,10.71924499
8683,16.69820642,53.70416812,10.71903811
8684,12.98999228,51.5616682,10.71590432
8685,-80.9255992,26.74524063,10.7158991
8686,112.1112978,26.79226443,11.85921738
8687,21.54499194,51.5854182,10.71036492
8688,-88.14191544,42.91152149,11.02433212
8689,125.5062378,38.84114788,12.38267948
8690,-58.30119534,-26.86487628,10.70484125
8691,16.35415881,49.15767707,10.70322662
8692,102.0265913,15.80929784,10.70265034
8693,141.5760288,38.90156454,11.36905686
8694,-44.85801823,-15.95031627,10.69534504
8695,112.3720121,26.97381204,12.60466567
8696,66.30571931,38.93750204,10.69469111
8697,-116.6763914,33.84361336,10.69376992
8698,15.09675146,46.3643536,10.69250597
8699,-49.80160777,-16.02531627,10.69143363
8700,60.27621588,43.02377639,10.69011063
8701,118.3154643,27.03928823,11.83386624
8702,123.4166545,46.39768693,10.68606313
8703,6.244436995,46.40000174,10.6856154
8704,-85.63021211,39.00677287,10.68440587
8705,42.53804665,33.92916891,10.68324931
8706,113.6458216,33.93639113,10.68235985
8707,43.35780357,39.02812704,10.68123209
8708,111.0718634,39.03021037,12.01605692
8709,80.64133573,16.23942603,10.68016894
8710,80.04069473,16.24263116,10.6799994
8711,-56.63109468,-16.25993165,10.67908259
8712,-48.50655288,-27.16190008,10.6771868
8713,44.1441577,34.01472446,11.02850442
8714,10.56994852,49.30109812,10.67255699
8715,-80.82262301,27.22738346,10.67105152
8716,24.91860291,-34.04471726,10.6690012
8717,135.2019318,34.0491689,10.66845179
8718,88.86543042,43.15073717,10.66829336
8719,79.88620755,16.4939132,10.6665897
8720,-60.1025048,-34.06749504,10.66618804
8721,-88.72720953,43.19044305,10.66145918
8722,-72.74583762,46.54814989,10.65693547
8723,-68.0304532,-16.67852137,11.4763637
8724,23.88332518,46.55092766,10.95248089
8725,107.1919757,16.74711831,10.65287362
8726,13.28793087,49.40065952,10.65122488
8727,10.77874237,51.83875153,10.65115932
8728,109.6767741,27.44702631,11.03077426
8729,-90.57750358,34.1991689,10.64988907
8730,74.35582316,34.21250223,10.64823548
8731,55.51092808,39.25052286,10.64808792
8732,127.3588419,39.25781453,10.64699795
8733,0.554159445,51.87250153,10.64325532
8734,19.28934388,46.6254647,10.64193948
8735,10.51494336,43.31348226,10.64024838
8736,-71.61250434,-16.99518803,10.63923781
8737,52.87082402,43.32230579,10.63872538
8738,29.30665829,51.90166819,10.90236632
8739,74.26313086,17.05609266,10.63585996
8740,142.3904283,43.35171755,10.63364681
8741,42.79261929,17.10096445,10.63336375
8742,113.739274,27.63750249,12.91055084
8743,-119.068058,34.35139111,10.63097587
8744,6.09332589,51.93375152,10.62890134
8745,-70.53799457,43.3958352,10.62602341
8746,77.57787431,17.25929778,11.03311463
8747,-122.9694467,46.72176099,10.9182383
8748,-48.28301809,-17.30288032,10.62205227
8749,-71.08472658,-34.43582836,10.62045227
8750,140.4843622,39.45833536,10.61696979
8751,40.91749116,34.46528,10.616776
8752,-76.51054336,43.45416853,10.61593401
8753,106.6124885,17.47532341,11.42867524
8754,-88.20160624,17.50224649,10.61075636
8755,106.5656937,17.52468239,10.60947718
8756,37.62638018,34.53305777,10.60830557
8757,2.463013535,39.52239785,10.607348
8758,-107.7906279,39.53021035,10.60617409
8759,110.591655,27.91131201,12.12146388
8760,-83.43750386,39.53437702,10.93703471
8761,44.08019937,39.54791868,10.60351168
8762,-52.92321937,-27.94880481,10.60254345
8763,6.461021953,43.53358029,10.60218049
8764,126.4763766,46.83564987,10.60107012
8765,144.9855262,43.56299205,10.59708116
8766,45.32582432,34.63027999,11.65579045
8767,20.55045494,46.86898321,10.59457509
8768,-119.2510441,39.60781452,10.59449883
8769,21.16819371,49.67039635,10.59326376
8770,-81.63631346,28.11666914,10.58636207
8771,80.79133572,17.94840032,11.39922694
8772,-93.37852911,17.99006698,11.80366938
8773,-122.1525023,52.13791818,10.58096328
8774,100.1009503,18.0580157,10.5786007
8775,-96.13301618,18.08365672,10.57709361
8776,-64.38306018,-34.84360612,10.56930318
8777,142.0428793,43.72328616,10.5692406
8778,-49.73942829,-18.21698285,10.56922308
8779,109.4119329,34.85916887,10.56733987
8780,26.96388061,47.0189832,10.56530156
8781,128.6213765,34.89416887,10.56292323
8782,105.899027,18.34968235,11.7800329
8783,-3.175385861,56.19091044,10.56130743
8784,61.68133091,57.85742882,10.79062998
8785,17.27582544,52.22666818,10.56008148
8786,114.5676966,39.83958534,10.55951218
8787,36.73249133,34.93639109,10.55758919
8788,78.09939444,28.4130977,10.55756637
8789,-75.68906667,39.85573117,10.55706823
8790,35.02010009,57.88279114,10.55358566
8791,119.2333214,39.88854367,12.86087876
8792,37.05082465,35.0175022,10.54732641
8793,42.13900627,56.24242559,10.54724131
8794,33.22811647,39.92135617,10.54712666
8795,-110.7052805,35.03083553,10.54563738
8796,-63.01417135,-35.03193944,10.54549745
8797,12.7865119,43.86103126,10.54524863
8798,48.3676992,39.93958534,10.54436251
8799,23.88749184,47.1439832,10.54085048
8800,6.918325857,52.31166817,10.54005717
8801,-81.65139282,35.0775022,10.53972092
8802,76.93236152,18.71699003,10.53920577
8803,102.7606771,57.93858824,10.53733162
8804,78.91441272,18.79711823,10.53432186
8805,-71.23237615,18.80737464,10.5336953
8806,116.6839167,28.6928596,13.16238549
8807,-78.1713276,43.9674038,10.52667829
8808,54.53927633,28.75655007,10.52385038
8809,-63.59806021,-35.23693943,10.51945452
8810,-84.62552465,40.10416866,10.51935751
8811,144.2654282,44.01348223,10.51862228
8812,7.14670304,50.03311563,10.51493956
8813,-75.76642574,44.03456066,10.51493496
8814,52.56070498,28.84881197,10.51472891
8815,8.618931849,56.36591044,10.51348769
8816,-71.32500435,-40.14999479,10.51237959
8817,29.9906166,40.15156449,11.16896565
8818,34.37655392,40.16302283,10.51039451
8819,111.9559407,28.91428816,13.13569739
8820,38.71476398,56.39356195,10.98353965
8821,117.5880833,28.94345482,12.7562015
8822,3.069355422,44.09975674,10.50352039
8823,23.35733314,54.55773951,10.75241053
8824,27.25906034,44.10907046,10.50188856
8825,-83.36875387,40.24062699,10.49855871
8826,33.02342898,40.24062699,10.49855862
8827,54.64908482,58.07663171,10.49707535
8828,127.3819321,35.41472441,10.49675894
8829,47.22134508,40.25416866,10.49649106
8830,7.138603626,35.43139107,11.19439344
8831,-84.61194826,35.44805774,10.49249234
8832,35.88280386,40.30260615,10.48909182
8833,50.95415743,35.47527996,10.48900531
8834,142.4017028,44.18456066,10.48865198
8835,42.65905972,44.18750183,10.48813581
8836,-86.45028152,35.48639107,10.48758137
8837,-62.98250468,-35.48916165,10.4872262
8838,-71.07917102,19.55416948,10.48717908
8839,21.39489935,47.44490911,10.48177424
8840,-58.08750488,-29.18987618,10.48077336
8841,-100.9675032,35.54639107,10.47988489
8842,54.31963348,29.19881196,10.47987878
8843,113.7395716,40.36302282,10.47985159
8844,50.07551163,40.36614782,10.80691107
8845,-105.518753,40.37031449,10.47873556
8846,10.0874924,50.20153668,10.47842293
8847,41.40121663,44.25171752,10.47686084
8848,77.14069484,19.72404127,10.47635298
8849,84.867582,47.47639059,10.47557673
8850,36.25369505,47.47685355,10.47548554
8851,34.40878772,47.48194615,10.76536448
8852,-120.6505232,40.42083532,10.47099847
8853,-61.3680603,-35.63193942,10.46889144
8854,31.20832489,29.34226433,11.96046962
8855,29.30363746,40.48854365,11.11457467
8856,23.41633802,-19.98877765,10.45930007
8857,69.04061504,40.50729365,10.45773778
8858,115.2224882,35.73527995,10.45558001
8859,21.26092945,40.52187698,10.45549938
8860,44.75676184,40.52291865,10.45533833
8861,47.51613673,40.53281448,10.45381992
8862,-51.1035308,-20.08364944,10.45313526
8863,113.2773692,29.47381194,10.82546697
8864,106.2426168,20.11827203,10.45087807
8865,131.1477817,44.40024692,11.98780315
8866,58.20058571,54.76012046,10.45071646
8867,126.948272,44.40809006,11.06397033
8868,65.68853184,40.56406448,10.44901865
8869,115.4769326,35.79472439,10.44790712
8870,7.385270282,35.79916883,10.44733335
8871,14.47959748,50.35987001,10.71883501
8872,-99.20481092,20.23814382,10.44303592
8873,-103.2125031,40.62500198,10.43964702
8874,73.13213273,29.61190718,10.43824376
8875,72.61015656,61.09516782,10.85352286
8876,-50.5738147,-29.64880474,10.43449868
8877,-101.1939134,20.39070791,10.43298929
8878,-42.90417215,-20.41249558,10.43154861
8879,18.12828155,50.42653667,10.42949248
8880,29.51874162,40.69218947,10.42930023
8881,73.16353154,40.69218947,10.42930021
8882,72.53927561,29.70655003,10.80114881
8883,-45.96314639,-20.46954686,10.42776896
8884,21.49515861,61.12416782,10.6350789
8885,46.71561593,40.71041864,10.42649021
8886,45.88860208,35.99750216,10.42164899
8887,-49.65865906,-20.62403404,10.41748318
8888,49.69526859,36.07250216,10.41190361
8889,-76.17552499,40.81093947,10.41097702
8890,18.30196575,50.51776474,10.40960567
8891,-46.7618643,-20.75031608,10.40901977
8892,46.20780345,40.85156447,10.40469822
8893,128.1180432,36.13027993,10.40438379
8894,-72.51667097,40.87187697,11.05154321
8895,35.45780388,40.8739603,10.40123465
8896,-85.50750378,36.15916882,10.40061957
8897,68.71427577,29.99762145,10.39887925
8898,27.96445247,44.69387436,10.39886103
8899,43.24637996,36.1769466,10.39830187
8900,-51.31369562,-30.01487615,10.3971067
8901,77.31441278,20.93173353,10.39677396
8902,-54.96635116,-20.93621351,10.3964702
8903,-47.65673606,-20.99005966,10.39281502
8904,111.4869328,36.22805771,11.77727377
8905,17.28853378,40.9552103,10.388655
8906,17.99258467,47.91620539,10.38865314
8907,-49.68430008,-21.05736735,10.38823326
8908,44.88082434,36.25527993,10.38807817
8909,123.4999879,47.91944613,10.38801028
8910,129.3203001,40.96041863,10.38784789
8911,28.16526945,36.28916882,10.38364878
8912,-51.10737695,-21.13749555,10.38276026
8913,-96.39762239,30.15655001,10.38252233
8914,114.5124882,36.30250215,10.38190384
8915,111.7690359,30.17797858,13.71673826
8916,22.87790855,52.99041815,10.37929533
8917,21.33228361,41.02864779,10.37726673
8918,106.198386,21.28173352,13.56447273
8919,-54.92381453,-30.25356662,10.37249814
8920,122.1809403,30.27083572,15.55584911
8921,71.30159251,21.34840018,10.36825934
8922,108.0333218,30.30357382,11.10789958
8923,30.88034871,30.30833572,10.73702342
8924,38.15464814,44.87475671,10.36676879
8925,95.50780148,41.10468946,10.36545632
8926,-99.40472545,36.43361325,10.36472923
8927,37.28644964,41.12031446,11.01079223
8928,6.258048105,36.45416881,11.05297921
8929,101.504711,36.47250214,10.35962401
8930,114.9435993,36.47750214,11.04947744
8931,137.8535984,36.50027992,10.35597453
8932,-42.65032601,-21.53236733,10.35549717
8933,-55.16891525,-21.62082887,10.34932281
8934,114.8058215,36.55527992,11.03870366
8935,124.2936282,50.79846648,10.34824416
8936,104.6752664,36.56361325,10.3476444
8937,7.029992519,53.13625147,10.34455565
8938,114.6393401,48.14074242,10.34403235
8939,-82.61042056,41.24791862,10.34315999
8940,19.81935475,45.00759984,10.34313222
8941,37.30554686,48.14814982,10.34255767
8942,52.1513796,36.60250214,10.34252312
8943,108.60095,21.74583606,10.34055623
8944,111.6112063,21.75801555,12.32811022
8945,13.11249228,41.27187695,10.66253569
8946,2.888683161,30.57202619,10.33938442
8947,74.81189457,30.58988333,10.33751826
8948,-54.54840245,-21.79711091,10.33694636
8949,6.835270304,36.65194658,10.3360048
8950,39.07608773,50.86206297,10.33430611
8951,-78.76314508,21.84006683,10.33391591
8952,121.4698409,45.0620116,10.33343427
8953,31.82915819,30.63214523,10.33309719
8954,1.263013583,41.32239778,10.33153907
8955,73.5009514,21.87468221,10.3314694
8956,43.4330793,45.09877631,10.32687621
8957,118.4059404,30.69166904,12.90849862
8958,68.86082338,36.72639102,10.32617598
8959,139.6997094,36.72805769,10.32595586
8960,9.179714655,36.73305769,10.325295
8961,48.52394919,41.36354361,10.32511277
8962,-91.86305908,36.73694657,10.32478084
8963,-95.56190814,30.71904999,11.06149696
8964,-72.47639319,-36.74527271,10.32368028
8965,-84.12552467,41.39739778,10.3198205
8966,126.45971,36.78305768,11.00673936
8967,17.2675847,48.28379796,10.31551841
8968,75.46844216,30.80000237,10.31548305
8969,-45.05737719,-22.12146987,10.31392113
8970,107.0676167,22.13942579,10.70932788
8971,59.94304596,60.15868175,10.52684718
8972,11.91064047,48.30740908,10.59718886
8973,76.05736155,22.17852835,10.30983701
8974,32.14939628,30.86904998,10.30821133
8975,75.47274619,22.22596425,10.30643384
8976,119.4172499,30.89345475,15.45883379
8977,-43.7060952,-22.24390577,10.30514476
8978,7.848018802,50.99758928,10.30455837
8979,71.74530243,41.50104361,10.30359505
8980,28.63665832,53.3083348,10.56103579
8981,15.13582553,36.90083546,10.30307466
8982,-109.4640653,41.51458527,10.6234856
8983,46.72274734,22.30288732,10.30090039
8984,13.86374225,53.32000147,10.30068508
8985,60.34165705,41.53437694,10.29836984
8986,77.08941279,22.34775912,10.29766418
8987,-122.6963258,45.26446257,10.60013806
8988,115.9980437,36.95694657,12.69754299
8989,13.07165894,53.36000147,10.29112021
8990,27.48888059,48.40602018,10.29110436
8991,6.558603649,36.99305768,10.29082359
8992,73.21505397,22.44455398,10.29066158
8993,-93.20595585,31.04762141,10.28933698
8994,-43.82724904,-22.47082883,10.2887559
8995,-97.46309854,31.0630976,10.28769614
8996,6.323018863,51.07829103,10.28681763
8997,109.8791551,31.08333569,10.28555001
8998,112.9613772,37.05694656,10.96779615
8999,60.02238623,41.64687693,10.28070719
9000,9.115562611,51.11118577,10.27958006
9001,118.216377,37.08916878,11.64823818
9002,12.50103397,41.67656443,10.27603999
9003,31.63392011,31.2226214,11.73817661
9004,27.88526946,37.14472434,10.61292853
9005,72.44261811,22.73173346,10.26971551
9006,-58.49583819,-37.15360603,10.2694312
9007,-47.50930017,-22.74198267,10.2689633
9008,104.4136791,31.25476425,11.36751985
9009,9.691659079,53.46625146,10.26568856
9010,116.0708215,37.20805767,11.63029115
9011,136.65854,51.19890506,10.26026232
9012,-51.1756996,-0.038190843,10.25755689
9013,100.584711,-0.444440827,11.11203014
9014,29.51943606,-0.66666304,10.25688317
9015,-80.100004,-0.697218594,10.25682007
9016,-78.87569849,-0.861107477,10.68378502
9017,41.21102056,45.49436453,10.25603552
9018,100.7812388,-1.052079691,13.24715281
9019,13.21527005,-1.554857449,10.25388334
9020,16.04165882,1.613892424,10.68083087
9021,79.18492553,22.95352832,10.2533637
9022,-63.05476658,-31.41785229,10.24988543
9023,32.89165815,2.249309066,10.24986715
9024,-48.01378733,-23.01570061,10.2487526
9025,120.8285991,37.31194655,11.27269799
9026,102.8388776,2.498614611,10.67506614
9027,111.741655,-2.59582963,10.24731436
9028,119.6453312,45.54436452,10.24704584
9029,-56.73819937,-2.63680185,10.2469891
9030,-50.07532571,-23.04326471,10.24670458
9031,24.73957514,2.806253488,10.24558692
9032,101.503461,2.813197932,11.09932224
9033,12.48980712,48.63935351,10.52889092
9034,-114.0024149,51.28706295,12.93671845
9035,104.2388775,-3.43402404,10.66629354
9036,102.3423498,3.465975684,10.66592552
9037,12.34435505,45.59093315,10.84115305
9038,12.86641385,45.59534491,10.23787153
9039,-84.63542048,41.92500192,10.23686925
9040,-102.8695544,23.17660524,10.63047827
9041,68.17637896,37.40639099,10.23558251
9042,27.66794041,62.89230878,10.43222724
9043,29.23749163,48.68657573,10.23488006
9044,-4.49782448,55.60773947,10.23264592
9045,121.6138768,-4.066662904,10.23242158
9046,72.49518221,23.24134882,10.62548777
9047,129.1735987,37.44139099,10.23088018
9048,-55.99167163,-4.268051785,10.22987133
9049,73.22723346,23.28814369,10.22840608
9050,4.162492634,51.34978225,10.22697751
9051,-71.17202816,-31.63630466,10.226406
9052,17.07723571,-23.31890572,10.22609476
9053,117.5097103,37.48194655,10.22542643
9054,-47.6977617,-23.35223906,10.22358649
9055,-73.94444869,4.957642291,12.77526533
9056,19.58263091,-4.959718424,10.22017467
9057,20.26731655,51.38179979,10.21990462
9058,57.43172127,23.41506677,10.21884925
9059,-40.66528335,-5.178468415,10.21680607
9060,97.93364273,23.45865651,10.21555592
9061,29.80992751,-23.46249546,10.21526565
9062,-1.020840493,5.276392278,11.06655128
9063,-51.80545385,-23.48236726,10.21376192
9064,-52.23036225,-31.75475703,10.21361205
9065,-93.08988443,31.75714519,10.21335389
9066,30.08091265,51.41162435,10.75108795
9067,105.6360997,-5.495829514,10.21166096
9068,108.8074884,37.60083543,10.20940873
9069,124.9223836,42.09896025,10.20932467
9070,69.8765525,42.10052275,10.2090767
9071,2.769263523,42.11823108,10.20626718
9072,48.52249086,37.62527987,10.20610988
9073,49.86606223,31.83452614,10.20497206
9074,101.9687387,6.025697803,10.20239042
9075,8.862492445,51.46337873,10.20186807
9076,6.255913602,51.46513312,10.20147954
9077,46.07439572,31.86904994,10.20122629
9078,14.44582556,42.15000191,10.20122432
9079,139.0541539,37.66583543,10.20063265
9080,37.76434314,48.86018683,10.19996072
9081,85.00159196,23.66763086,10.19968465
9082,-119.4125024,45.81544294,10.19816778
9083,100.4229055,6.254864461,10.62304617
9084,17.38602152,45.83014883,10.19551001
9085,-4.362507026,6.472225563,10.19391783
9086,-1.218757151,6.622225557,10.19093633
9087,-60.92917143,-31.96487607,10.19081036
9088,-45.41186436,-23.7913416,10.19022523
9089,-43.02361659,-6.77360724,10.18785826
9090,20.09403962,32.00952613,10.18594729
9091,100.9235999,6.881947769,10.60998659
9092,3.923603754,6.9465311,10.18425741
9093,9.438418348,48.93981646,10.46671796
9094,-61.2226238,-32.03451893,10.18322244
9095,28.19925638,45.90367823,10.18220806
9096,39.98679676,7.111808871,10.18073116
9097,125.7385294,42.28073108,11.13487977
9098,111.8840161,-7.150690558,11.02819248
9099,-60.62738573,-32.06606655,10.17978018
9100,79.84651738,7.221531089,11.0265488
9101,119.3160595,32.08869279,10.17730947
9102,119.306238,42.30468941,10.17662532
9103,86.37551018,42.32031441,10.17413636
9104,107.1833218,-7.453468324,10.17318016
9105,18.72652714,51.59627347,10.17244089
9106,1.13054831,7.524308855,10.17157037
9107,128.7521935,45.97867823,10.1686225
9108,25.62261082,-32.1732094,10.16806644
9109,-72.36111542,7.700697736,10.59115471
9110,-34.83472803,-7.74999609,10.16633989
9111,48.25772896,32.20416898,10.16467488
9112,52.72659325,24.12275905,10.16465358
9113,-11.19514564,7.875697729,13.97456548
9114,47.53693534,37.94083542,10.16335594
9115,118.8430436,37.94639097,10.16260046
9116,-3.070443585,55.87837438,10.64654574
9117,-91.76805908,37.95139097,10.50067625
9118,39.12499124,7.958336615,10.16137634
9119,-8.535125906,32.2482166,10.15984481
9120,-2.802784866,8.037503278,11.4293369
9121,44.8300836,49.06157571,10.15933307
9122,-70.90805992,-37.97360599,10.1588977
9123,-3.21513865,51.66206294,10.15785162
9124,77.4249897,8.184725495,10.15583348
9125,48.41903848,32.28750231,10.155531
9126,-4.151103525,51.6796068,10.4212683
9127,1.471752,49.09352015,10.43498171
9128,-73.61667092,8.312503268,10.15263687
9129,-70.57292104,8.361808821,10.15139007
9130,-10.13681235,8.561808813,10.14625787
9131,113.399393,32.37321659,11.23305149
9132,32.91151109,46.11838411,10.14326812
9133,25.51249178,-24.40736722,10.14242444
9134,28.77707498,60.70486228,10.14122771
9135,74.34879935,32.47857373,10.49642948
9136,72.89641846,32.48333563,10.13395999
9137,-2.105099708,49.18750163,10.13386308
9138,102.0316554,54.01458477,10.13385695
9139,3.675587891,32.48869278,10.13336821
9140,146.2680425,-38.17916154,10.13085846
9141,11.14231692,51.79232609,10.12892417
9142,-82.91369436,32.53690706,10.48981735
9143,99.59234993,9.257642119,10.1274626
9144,70.76040664,42.6156269,10.12694956
9145,105.7229052,9.290281006,10.54847799
9146,151.1678439,-32.55237605,10.12632649
9147,14.16090493,56.03710453,10.12128451
9148,125.8479044,42.65364773,10.12085442
9149,8.143194229,51.82960679,10.12063516
9150,102.1676169,24.68878466,10.89871031
9151,77.62985081,9.520836553,10.11997309
9152,-77.52986521,-9.530551574,10.11969271
9153,77.17290638,42.66146023,10.1196014
9154,4.148457546,51.83443135,10.65228113
9155,144.5202648,-38.26360598,10.79393137
9156,124.8923489,-9.618746015,10.11713381
9157,14.25832556,32.65178801,10.11530921
9158,84.36569455,24.75801543,10.11469595
9159,28.32624167,54.1004181,10.11313316
9160,26.34915841,38.31527985,11.46086893
9161,111.2759499,24.82532312,10.10933041
9162,116.2240266,24.87596414,12.04855892
9163,77.47846192,10.02361431,10.94723729
9164,-73.23750427,10.03611431,10.10470733
9165,-87.7636148,38.39750206,10.10092966
9166,-79.7827421,32.78869276,10.10008654
9167,151.4654629,-32.80832842,10.09789871
9168,113.6414356,51.93355415,10.09750007
9169,73.86665651,32.81250229,10.09743338
9170,-121.8297245,38.45361317,10.76624356
9171,115.4613771,38.45972428,10.09237382
9172,107.2617941,10.49305874,10.09050199
9173,117.3785992,38.47583539,10.42663267
9174,17.5002114,51.96908047,10.35518815
9175,119.1246675,25.07468208,10.08933148
9176,13.59634642,42.85260605,10.08888473
9177,42.26205251,51.98355415,10.08635945
9178,115.1935993,38.50861317,10.42173511
9179,32.73364534,25.12660516,10.08514371
9180,25.38818623,-10.67360708,10.08471636
9181,-97.39166997,42.87864772,10.08469092
9182,72.84463274,32.93690704,10.08354148
9183,-89.13361475,38.52639095,10.08319315
9184,-68.32847669,10.77153095,10.08153713
9185,31.12531207,-25.1727518,10.46916728
9186,6.865433702,46.45808998,10.08135816
9187,36.21070564,32.9565499,10.4413678
9188,39.43332456,-10.85416263,10.07883221
9189,-109.534725,38.55916872,10.07867385
9190,-74.1869834,42.94166855,10.0745333
9191,-95.26917006,38.60639094,10.07215779
9192,116.0558215,38.61416872,10.07108372
9193,-0.41917385,54.27625143,10.57460399
9194,141.563008,42.98593938,10.06739021
9195,124.9979045,11.22153093,11.74432295
9196,-83.24405149,33.09345466,10.06599223
9197,31.35340064,57.99204673,10.06428264
9198,16.64582547,52.08399274,10.06395668
9199,-116.2851216,33.11369275,10.06371807
9200,7.61073811,52.09188748,10.06219437
9201,36.61573208,49.54074236,10.06214614
9202,76.86906867,52.09627345,11.12049626
9203,-94.97083673,33.15595465,10.05896475
9204,44.55936602,43.04062688,10.05855809
9205,-0.469173848,38.70527983,10.05848945
9206,44.22186603,43.04375188,10.0580532
9207,85.69710476,25.47404104,10.44372249
9208,-61.29250475,-38.71749485,10.05679937
9209,7.307631397,11.52291981,10.47519949
9210,-93.56028124,38.73639094,10.05418311
9211,130.0374876,33.20476418,10.05346828
9212,-108.0630584,38.74250205,10.05333716
9213,41.49638003,38.74527983,10.05295239
9214,36.50138023,49.58981643,10.05215154
9215,39.3368502,25.54198976,10.05134329
9216,39.37201503,56.30654897,10.05109644
9217,18.01295504,49.59629791,10.05083084
9218,40.61092868,43.10260604,10.04853712
9219,128.9161335,43.10677271,10.04786289
9220,35.21903901,33.26250227,10.04695687
9221,5.554159245,46.67279585,10.04204091
9222,57.79197767,25.65673334,10.04191393
9223,79.4902674,11.94791979,10.04110221
9224,28.72403011,-25.6907005,10.8115333
9225,100.5554375,25.7131436,10.42328705
9226,66.24249015,38.85916871,10.03715912
9227,-92.44730742,46.71152134,10.03493378
9228,-89.2260453,43.18698104,10.03487559
9229,52.36844309,33.37024036,10.03477939
9230,125.2235989,38.88916871,10.03299214
9231,68.65095159,25.7734,10.03228546
9232,122.8987624,46.72671742,10.0321438
9233,-116.9958359,46.73112918,10.03133368
9234,6.46851106,49.69305717,10.03109936
9235,32.82851713,25.8484,10.02607391
9236,44.15296722,33.4630975,10.0242554
9237,85.77659193,25.87211795,10.02410606
9238,-86.88333706,12.43472532,10.85841252
9239,84.26387832,49.73935346,10.02164894
9240,74.65095135,25.91955385,10.02016512
9241,11.41468533,52.28136116,10.01983969
9242,115.406719,25.96250256,12.32821906
9243,9.508788716,49.76990902,10.01540748
9244,124.3322795,43.3114602,10.95366718
9245,-38.53889455,-12.67152367,10.01417355
9246,43.72787567,26.00224615,10.01327899
9247,-119.7352802,39.03972426,10.01203849
9248,40.3105304,46.85122722,10.00925555
9249,125.305717,43.3473977,10.32170925
9250,124.4360172,46.85907035,10.30218613
9251,42.04827543,46.87377623,10.00510531
9252,76.62238557,43.37656436,10.00409806
9253,44.39225293,33.64702606,10.36049575
9254,79.73684858,26.12532307,10.00299139
9255,-84.85528158,39.10639092,10.00273742
9256,-84.64635798,43.38854353,10.00214954
9257,42.73471331,13.00208641,10.00135121
9258,101.1548499,13.00764197,11.25125109
9259,3.193742672,13.05069752,9.999438539
9260,-86.35833708,13.09305863,9.997765697
9261,103.2041553,13.09305863,12.49711071
9262,53.90159321,63.5935908,9.991138024
9263,5.471346748,43.45781436,9.990873401
9264,35.2486025,-13.30485698,10.82176748
9265,-106.8341696,39.2041687,9.989071282
9266,-89.81071789,33.77440701,9.988779445
9267,77.10901749,13.33680862,9.988036328
9268,4.66197178,43.49427269,9.984931925
9269,106.7708219,39.23527981,9.984716935
9270,-59.51310006,-33.81606648,9.984009528
9271,-84.79305936,39.25027981,10.31531318
9272,-62.62083803,-39.26582816,9.980438303
9273,-99.01250324,26.40288716,9.979622349
9274,-73.39653204,-13.65763474,9.974960707
9275,101.0687388,13.68403083,12.05178841
9276,18.01837443,47.04975662,9.972659572
9277,5.408080819,47.05612917,9.971483193
9278,82.77170002,52.49846641,9.971168318
9279,113.9547501,33.95476415,9.968089006
9280,20.82846419,13.83264194,9.967698923
9281,-72.97500428,43.60729352,9.966489528
9282,50.67618125,33.98869272,9.964187533
9283,31.93266696,52.53311553,9.963386749
9284,6.818865076,47.10073701,9.963242709
9285,15.44582552,50.03102012,9.961951776
9286,107.9979051,13.98403082,12.03659307
9287,-118.8125024,34.02321652,9.960212501
9288,-75.23583752,39.42916869,9.957511664
9289,44.60891959,34.06488319,9.955410067
9290,4.127075968,43.67916852,9.954740411
9291,72.61844228,34.074407,9.954311679
9292,111.8188986,26.70545125,9.953883007
9293,13.89187821,52.57829097,9.953235359
9294,132.0642732,34.08928795,9.95259477
9295,25.15138068,50.08148308,9.951595957
9296,-1.052090491,43.70833519,10.26079777
9297,17.69397357,50.09259419,9.949314761
9298,-53.185582,-26.77146969,9.948230217
9299,-63.39643324,-34.1291617,9.947991024
9300,1.841659393,50.10509419,9.946747916
9301,7.414575837,43.73802268,9.945107517
9302,63.84193469,39.51750202,9.945078669
9303,99.90207214,14.38750302,10.35842511
9304,27.79925639,47.21152132,9.942750089
9305,3.401381553,50.12685345,9.94227845
9306,-107.338614,39.54805757,9.940772175
9307,-48.45000526,-14.46735693,9.940598427
9308,7.490096667,43.78073102,9.938110494
9309,26.94082506,39.56861313,9.937873621
9310,72.32260895,34.21904985,10.64747728
9311,-117.6077406,34.22262128,9.93718145
9312,127.1036642,47.25318798,10.81186442
9313,114.2387703,26.95801534,9.932186024
9314,120.5423491,14.67708635,9.931380676
9315,47.58213375,34.27857366,9.930697212
9316,30.79197875,-27.01505942,9.927258944
9317,112.5487978,34.31012128,10.99082573
9318,119.8629782,47.30612916,9.925219591
9319,49.70415748,58.49924368,10.1479466
9320,101.7180443,14.88680856,9.922032825
9321,-89.530956,34.36428794,9.920745429
9322,-59.83155243,-34.37975693,9.918946983
9323,115.3190358,34.45238317,10.97231024
9324,-61.19263296,-27.21570044,9.909851095
9325,-107.798151,50.28796455,9.909139645
9326,33.82082478,27.24006661,9.907728563
9327,108.4285599,34.48512127,10.2605129
9328,4.102307451,50.30139048,9.906374438
9329,12.5015548,43.98385601,9.90475554
9330,110.396417,34.52857365,9.901608575
9331,17.20635176,52.80767693,9.901591396
9332,108.6881829,15.40486409,10.31076907
9333,18.33971429,39.85583534,9.897236315
9334,62.03233159,56.90496164,9.89438405
9335,74.56633597,27.39327173,9.894343479
9336,11.1572292,52.85372956,9.891203102
9337,-65.62083791,-27.43108505,9.891029411
9338,-76.62694858,39.89972423,9.891005008
9339,19.90366847,47.49828601,10.47129124
9340,-85.36805934,39.91805756,9.888399994
9341,-93.23073264,44.083856,10.19732067
9342,-48.19653305,-15.67777355,9.885606104
9343,24.99270013,44.1104185,9.883908139
9344,-116.1232869,47.5375017,9.882229316
9345,134.7624874,47.53897229,9.881955513
9346,-122.0370121,47.54485464,10.46207656
9347,18.09915874,39.97139089,9.880816102
9348,48.45971308,15.84375297,9.877727498
9349,26.88160937,47.5620115,9.87766546
9350,23.41526964,50.44398306,9.876970865
9351,108.3215162,15.8895863,11.11004198
9352,66.76193457,40.02305755,9.873460713
9353,27.04304727,40.02861311,9.87266969
9354,17.02964898,47.59436444,9.871638355
9355,16.87474703,47.5992664,9.870724818
9356,24.27499183,50.47824232,9.869896809
9357,12.17180604,47.60612915,9.869444769
9358,26.19426259,44.20521017,9.868261413
9359,70.81471219,40.05972422,9.868236227
9360,109.5446313,34.83750221,9.865401098
9361,112.2092832,27.74134864,9.863672084
9362,13.48251914,79.41505419,9.862430277
9363,43.01405358,44.2416685,9.862236392
9364,115.1110993,50.51805713,9.861671383
9365,-54.24135118,-27.77916196,9.860318226
9366,4.641138448,44.25677266,9.859738982
9367,43.74530355,44.261981,9.85887774
9368,77.43172047,27.79583582,9.858837851
9369,112.8589169,34.89404982,9.85874221
9370,117.6559405,34.90297839,10.56173066
9371,34.96923743,57.04861243,9.856595706
9372,-97.07019562,27.83429736,9.855420172
9373,39.87915787,-16.36944019,10.26276167
9374,-120.8427107,44.30468933,9.851811677
9375,-75.53750418,40.18527977,9.850314356
9376,74.37568427,16.40903072,9.850284898
9377,107.6729052,16.42014183,9.849736032
9378,-39.08333897,-16.43332908,9.849084174
9379,9.339054926,44.32187683,9.84896639
9380,127.5851067,34.97738315,10.20072122
9381,-61.0428619,-35.00178071,9.846029552
9382,-65.90662221,-47.73945527,9.844569269
9383,8.962982638,47.74485463,9.843560706
9384,-120.4898833,35.02857363,9.842862262
9385,-78.73906655,44.35989766,9.842669256
9386,2.474529738,50.6171312,9.841181436
9387,40.22026897,40.25416866,9.84046068
9388,74.94582314,28.0028871,9.840387257
9389,-58.76250485,-35.05416166,9.839835577
9390,-81.86250393,40.26416866,9.839028997
9391,-54.35673579,-28.03172605,9.837807124
9392,-67.96875448,-16.72430129,10.65408029
9393,34.07030394,44.42552266,9.831789618
9394,67.95915675,40.31805754,9.831309151
9395,135.0499874,35.15416886,10.17895085
9396,-69.53064167,47.83063894,9.827524237
9397,94.87082234,16.86875293,9.827271923
9398,-58.24226678,-35.16606642,9.826575274
9399,47.7970147,35.17262124,9.825797359
9400,30.23044031,-28.16954656,9.825442819
9401,61.20736215,28.21955375,9.820942509
9402,0.339685769,53.16469446,9.820883057
9403,-80.21614982,44.49896015,9.819599175
9404,-71.9965321,-17.03471794,9.818812324
9405,-71.71180989,-17.04791238,10.22724743
9406,12.3712886,50.73240898,9.817301776
9407,71.92915659,40.42361309,9.816162088
9408,-49.94391546,-28.28813629,9.814758384
9409,68.42723365,28.2907076,9.814526255
9410,70.12146435,28.31186144,9.812615702
9411,29.61837397,47.93603109,9.80779107
9412,5.468974063,50.78102009,9.807219933
9413,102.1765913,28.38109221,9.806353309
9414,-81.90178964,35.347026,9.805052261
9415,26.39974665,47.95612913,9.804024135
9416,12.3874923,50.81481638,9.800206151
9417,-52.82147945,-28.46377731,9.798856806
9418,12.54165897,50.82361268,9.798380152
9419,-0.770840503,50.83379786,9.796265454
9420,85.18797959,48.01642325,9.7927158
9421,-90.17083693,44.66666848,9.79169778
9422,25.56665844,44.66823098,9.791437442
9423,83.10832281,17.59166956,9.789829661
9424,-120.6630976,35.47916885,9.789272995
9425,-80.58917064,40.6197242,9.787930524
9426,7.84113832,44.69427265,9.787096953
9427,26.45184359,50.8833349,9.785975685
9428,127.2124877,44.70937681,9.784578789
9429,15.42952117,60.48605191,9.996803208
9430,-71.50655196,-35.52559022,9.783717295
9431,26.92879607,60.48822582,9.783675154
9432,-65.13173536,-28.64134141,9.782687859
9433,134.8220112,35.54166884,9.781791679
9434,68.16749007,40.66750197,9.781034812
9435,5.138963183,48.10122717,9.776791458
9436,111.1174884,40.72694642,10.09818307
9437,108.6519329,40.72805753,10.09810278
9438,-51.61699231,-28.7862132,9.76942622
9439,47.4899909,55.51375138,9.768517261
9440,-87.3765662,44.83177264,9.764145683
9441,-51.28558207,-28.84711063,9.763832954
9442,153.5541533,-28.85993114,9.762654344
9443,59.84582374,35.70416884,9.76228502
9444,121.0578583,51.00139045,9.761422981
9445,51.87856215,35.7285736,9.759348697
9446,-0.78095955,35.73393074,9.758703665
9447,35.65026915,40.82305752,9.758535813
9448,0.548207064,35.73750217,9.758273912
9449,31.55276932,-18.18124567,9.758158397
9450,137.939273,35.74166884,10.45493507
9451,-71.10208769,18.21041954,9.75656481
9452,56.96010957,57.42797749,9.756489449
9453,-51.55096668,-28.93877729,9.75539333
9454,11.51156641,51.03055711,9.755350415
9455,-10.06827603,28.99327167,9.750364152
9456,-93.19514236,18.41875286,11.7753392
9457,-53.84199223,-29.08236703,9.742122802
9458,7.122016325,35.87738312,9.741405019
9459,12.68047475,53.52083479,9.739978824
9460,31.40672231,-29.12018754,9.738616671
9461,115.1059406,35.90595454,11.82517008
9462,34.48378772,51.11852007,9.737020413
9463,13.11295524,51.12407563,9.735861897
9464,76.01526754,18.5881973,9.735704418
9465,39.93651081,48.32818794,9.73406472
9466,77.88818413,18.65764174,9.731824648
9467,128.9357019,35.96607359,10.07818259
9468,12.05832565,45.04739763,9.728037336
9469,-116.4436429,53.58355409,9.725690045
9470,116.1977446,29.27596397,9.724133811
9471,-97.17708665,18.81111396,9.723200031
9472,34.33310546,53.60416812,9.720991021
9473,31.12971378,41.08250196,9.720847829
9474,30.68860268,41.10472418,10.0415737
9475,-1.487970103,51.21157563,9.717603188
9476,114.6464168,36.07678787,9.7172556
9477,6.261103661,51.21574229,9.716732981
9478,18.56851058,51.22453859,9.714896151
9479,76.88300255,29.38878448,10.087204
9480,-50.54514407,-18.99513453,9.712768321
9481,6.357135403,36.1178593,9.712267807
9482,52.42126263,53.64276461,9.712189224
9483,105.5938988,29.41057935,14.19397547
9484,10.28210023,48.45171735,9.710743466
9485,-81.24528173,41.1619464,9.70926666
9486,-50.57660774,-29.44390548,9.708438972
9487,37.70058653,36.16309739,9.706767156
9488,-51.73681069,-19.11805119,9.70574544
9489,8.695825786,36.17381168,9.705463564
9490,-94.53928913,36.17797834,9.704956531
9491,8.870825779,51.27500155,9.704353266
9492,72.17415658,41.19639084,9.704239394
9493,-45.44792205,-19.16319008,9.703155393
9494,46.30850544,60.76286349,9.701248995
9495,104.6644117,29.52916909,10.81978031
9496,19.96512358,53.70109794,9.954193657
9497,110.4638773,19.24583616,11.31469714
9498,-51.36955643,-29.58621317,9.695074351
9499,11.11822152,45.25573096,10.90493905
9500,-73.67972647,41.28139084,9.691817722
9501,-49.95096674,-29.63429009,9.690545751
9502,-73.79528203,41.29639084,9.689623851
9503,25.0499918,45.28021012,9.688892222
9504,33.89701525,36.32083548,9.687539782
9505,-52.79263329,-29.67531573,9.68667613
9506,37.15624131,55.8483347,12.35004755
9507,112.4847105,51.36620525,9.685278798
9508,-122.9640648,45.30260595,9.987681965
9509,1.684159399,41.33194639,9.684420728
9510,146.3124869,-36.35416161,9.683467912
9511,48.3570742,55.86291803,9.924425031
9512,37.51665797,36.37559738,9.680847163
9513,110.6444328,51.38796451,9.680724053
9514,43.5069355,19.55625282,9.68034963
9515,-71.82917099,41.36194639,10.32539722
9516,-105.5845268,36.38393072,9.679827607
9517,120.6982023,36.41726405,13.82507744
9518,38.20155377,45.35833512,9.675719569
9519,-51.86635128,-29.79582854,9.675280001
9520,-50.1986163,-19.72569006,9.67038221
9521,45.09415766,41.4380575,9.668867944
9522,71.29518226,29.88686138,9.666643368
9523,22.98442171,53.84539618,9.92031939
9524,8.770825782,36.507145,9.664734026
9525,-119.5595262,36.52143071,9.66298102
9526,120.3253085,29.92660497,13.37941013
9527,46.20475286,36.52262119,9.662834947
9528,60.2786015,41.47972416,9.662751876
9529,41.56179669,19.85486392,9.662726324
9530,11.29721457,51.47453858,9.662588888
9531,18.53455088,48.71005067,9.661821654
9532,115.2827263,36.53869261,10.35086111
9533,109.6826273,19.91528058,10.46407025
9534,-4.567923684,55.96750136,9.656549441
9535,-43.41181102,-19.96805116,9.655978264
9536,17.83749209,48.75858008,9.652608777
9537,-47.7548664,-20.04096782,9.651611349
9538,-102.7173642,20.0562528,9.650693964
9539,118.5791547,30.06570753,11.13411408
9540,115.3387702,30.06891265,10.0203872
9541,77.12568416,20.11944724,9.646893948
9542,-90.90993946,30.10160496,9.646172573
9543,32.86205289,53.94846635,9.64231498
9544,29.97229552,48.81691341,9.641525156
9545,24.53651143,48.81740361,9.641431837
9546,-119.5642881,36.70238308,9.985028273
9547,-3.329173734,51.58333487,9.907609704
9548,142.1916538,-36.71189969,9.639551361
9549,-42.03750552,-20.26249559,9.638249719
9550,69.94137889,41.64805749,9.637989084
9551,-49.19236634,-20.28263448,9.637028075
9552,-73.33750427,45.58750178,9.636972752
9553,-91.00224715,30.19839983,10.378313
9554,-69.13301726,-30.20864904,9.635918433
9555,60.23124039,56.05208469,9.635608085
9556,138.3595111,36.74524023,10.3238263
9557,-90.92532408,30.22404085,10.00500836
9558,30.05693604,-20.32569003,9.6344121
9559,110.1694328,20.33194723,10.03545653
9560,-90.40536073,36.75774022,9.633896262
9561,20.04582533,45.61198094,9.632824589
9562,75.83556669,30.24904085,10.00248439
9563,0.318048343,51.62500154,9.631015554
9564,-51.34097737,-20.42221781,9.628527664
9565,-89.40729529,45.64010594,9.628056206
9566,108.9362064,30.2977588,10.73831899
9567,73.05736167,30.29839982,9.627294621
9568,-89.36058055,30.30865623,9.62630761
9569,16.64999213,-20.46249558,9.626064535
9570,31.14838899,30.36186136,11.47161354
9571,85.12134356,45.69271011,9.619131405
9572,-94.87381293,36.87916879,9.618886503
9573,17.43147358,51.70046449,9.882220285
9574,31.09403918,36.91666879,10.30097395
9575,-73.02321856,-36.93154254,9.612398887
9576,140.2083205,51.72268672,9.610480109
9577,29.813472,48.98701144,9.60914674
9578,117.1934405,36.9761926,12.35186969
9579,132.9697791,45.76562677,9.906974018
9580,27.35103337,45.76823094,10.20635968
9581,19.1150962,45.7692726,9.606126868
9582,115.2642739,36.98214498,13.37936394
9583,25.79141334,49.01397223,9.604006645
9584,-73.81472647,-41.8802725,9.60369009
9585,111.4201807,30.54327161,12.55903382
9586,49.18620878,30.55224597,9.602775508
9587,-7.941078311,37.02083545,9.601319941
9588,136.9690349,37.03809736,9.599175309
9589,-122.0232166,37.05000212,9.597695844
9590,9.663087652,37.05238307,9.597399637
9591,81.86457286,20.97291943,9.994194775
9592,-71.54250434,-41.96638361,9.590930126
9593,110.5263773,21.04791942,15.18360117
9594,117.2163343,30.70160494,11.80087879
9595,121.0477821,49.09975654,9.58763727
9596,46.08570524,37.14583545,9.585770589
9597,31.80095307,30.73429724,9.953719628
9598,18.32229599,49.1169134,9.584360648
9599,49.70095235,30.75737416,9.582824386
9600,77.3013786,21.17291942,9.581847124
9601,10.05857083,49.13210948,9.581457945
9602,-46.98056088,-21.18332889,9.581188383
9603,13.42415893,42.0402797,9.579962733
9604,-92.90972571,42.04361303,9.579467595
9605,59.38471265,42.04861303,9.578724875
9606,133.73905,45.93593926,9.57775676
9607,83.36950701,54.23004529,9.577700815
9608,-104.1858364,42.06194636,9.576743828
9609,14.52082555,37.22916878,9.575378628
9610,78.57846188,21.28403053,9.574799808
9611,55.42846281,-21.28471777,9.574756161
9612,-96.98750332,37.23750211,9.574338386
9613,120.8156931,30.8983998,10.30516711
9614,5.582399984,51.92639041,10.36510395
9615,-8.817506847,42.12694636,9.567078871
9616,63.78634082,67.57198366,9.566727037
9617,19.29827634,49.22181536,9.564307585
9618,80.18748959,21.46389163,9.563316728
9619,72.94512877,21.47361385,9.562693357
9620,11.08945314,49.24338398,9.560180472
9621,-124.8022081,49.24583496,9.559711297
9622,47.43172167,31.02019467,9.557081938
9623,13.40467976,46.07916842,9.553309056
9624,127.3999877,46.08021009,9.553131529
9625,35.02723499,31.07404082,9.551783415
9626,31.44141311,49.28750163,9.551734056
9627,49.9202289,37.42559734,10.91502691
9628,105.0913348,31.08878441,9.550331041
9629,-3.453340395,56.39916801,9.788097005
9630,-45.92014425,-21.68332887,9.549180862
9631,16.53749214,49.30465849,9.548447691
9632,35.81368184,37.45059734,9.547666434
9633,71.93748992,21.7291694,9.546210273
9634,-72.67639318,42.26805746,9.546053879
9635,38.30594365,37.47440686,9.544678031
9636,-50.88194961,-21.79791219,9.541744562
9637,34.05892001,37.51309734,9.539818239
9638,127.2685988,42.33194635,9.536515211
9639,77.89582302,21.90555828,9.931985392
9640,74.05928471,31.3112203,9.528342265
9641,27.67186669,46.22604342,9.825915014
9642,61.25810438,54.44715054,10.02914077
9643,25.92128806,52.11620522,9.527461258
9644,-86.27083708,42.39416857,9.527213589
9645,14.36040889,46.23333508,9.52692679
9646,-8.644729076,42.42805746,9.522142931
9647,-50.18125519,-22.10207885,9.521821707
9648,61.97201413,37.66131162,9.521160838
9649,-85.67417044,42.45194635,9.518566373
9650,7.530721665,46.28750175,9.517640403
9651,-64.36891488,-31.46185412,9.513370296
9652,-45.70833871,-22.24721773,9.512221562
9653,78.51526744,42.50416857,9.51074189
9654,-46.3743109,-22.28193995,9.509916066
9655,70.34637887,42.53639079,9.505910111
9656,129.0002654,42.54416856,9.504743321
9657,14.8327303,37.79226399,9.504622923
9658,46.12531147,31.56314336,9.503265354
9659,47.17082425,31.59198952,9.500382425
9660,67.58927581,37.82976399,9.499877718
9661,-120.2552107,46.40312674,9.49778797
9662,65.69710556,31.63045105,9.496534355
9663,27.59046789,37.87202589,9.494525001
9664,116.1553453,37.87262113,11.19015382
9665,-121.6029785,37.90357351,10.50713359
9666,24.80804736,42.64027967,9.490310552
9667,43.3983244,56.636668,9.490272223
9668,70.94096218,22.62291936,9.487091284
9669,118.1009496,31.72596387,11.31134575
9670,-54.8326439,-22.63402327,9.486342404
9671,30.29522968,37.93988303,9.485919693
9672,21.80986035,54.63706282,9.483875878
9673,9.442492422,42.68416856,9.483710306
9674,22.21011096,37.98035922,9.480780207
9675,47.55915756,42.70750189,9.480199808
9676,23.15304743,42.71694634,9.478778145
9677,-50.38681074,-22.74721771,9.47868819
9678,120.7528726,31.82596387,19.31771734
9679,-124.9811297,49.68358004,9.475643057
9680,5.516659246,22.7923638,9.475625209
9681,107.2297962,31.92147668,11.28811627
9682,12.15508491,52.40648299,9.465923076
9683,57.53540717,22.94375268,9.465311418
9684,116.313877,22.96944713,9.463554538
9685,116.4860993,22.98403046,9.462556377
9686,51.28492665,31.96827155,9.462552154
9687,30.54582491,38.1238116,9.462526819
9688,27.20023681,49.75808985,9.461276554
9689,-71.67250433,42.83416855,9.461111803
9690,60.8033237,56.76750133,9.930441092
9691,121.6259495,32.05801514,13.81691818
9692,24.89337416,49.80269769,9.452667427
9693,128.5851067,38.20238302,9.452503591
9694,106.413183,23.14444712,10.23925411
9695,111.772905,23.1534749,9.844749969
9696,-48.42639415,-23.16041214,9.450437616
9697,87.64512818,23.16389156,9.45019626
9698,83.4051978,46.6916684,9.448073162
9699,-7.902891499,32.12596385,9.446576451
9700,88.35276704,23.23264156,9.44544922
9701,19.84842951,46.71093923,9.444744263
9702,20.14999199,46.71406423,9.444204228
9703,-55.54028276,-23.27430102,9.442565314
9704,44.10351668,32.16634847,9.442473059
9705,46.04326019,32.17981001,9.441104815
9706,21.38020028,46.73750173,9.440153687
9707,130.7567183,32.21763052,9.437256727
9708,130.1341543,42.99750188,9.436428581
9709,24.53877387,-32.25416178,9.433535816
9710,17.67915876,46.77656423,10.02291333
9711,72.45223349,32.28557923,9.430332711
9712,-80.87528174,43.04527966,9.429193078
9713,11.93072149,46.80312673,9.428803156
9714,47.67380042,38.39821635,9.427443119
9715,103.4041553,23.51111377,9.818827191
9716,99.07846106,23.5631971,13.74062856
9717,20.42915865,49.9747565,9.696374513
9718,-59.79583814,-32.39390536,9.419266719
9719,19.14631556,49.97867807,9.418646552
9720,104.3374886,23.61736377,9.811086026
9721,41.95608087,32.42981,9.415591474
9722,23.11633803,32.45352794,9.413161477
9723,35.29133754,32.46442538,9.412044771
9724,-100.4009647,32.47083563,9.411387488
9725,-61.58173551,-32.47467459,9.410993875
9726,0.156474275,52.66666816,9.672027621
9727,117.159924,32.47916897,10.13455168
9728,20.82274838,32.49263051,9.409152246
9729,112.0233858,32.52404076,9.405928012
9730,31.73749153,-0.332950932,9.829999776
9731,-76.99735261,-0.459466079,9.829853784
9732,36.43673377,-0.717799402,9.402044408
9733,45.28428586,32.56378435,9.401844902
9734,131.2783966,-0.878405456,9.401687053
9735,103.4170341,1.000382348,9.828702199
9736,133.2458208,43.23250187,9.400777225
9737,-80.5867464,-1.354920588,9.400203941
9738,-49.80625521,-23.87916211,9.400137531
9739,-78.00492832,-1.491284219,9.399663035
9740,86.13790602,57.00000132,9.399419612
9741,-55.86098981,-1.765526632,9.398418167
9742,51.443901,32.59904076,9.398218252
9743,9.775371197,1.859473223,14.95131147
9744,89.12221146,23.91111375,9.397867489
9745,113.7488519,-2.027647834,9.397032735
9746,102.2746099,-2.071587226,9.396781598
9747,-54.29306058,-23.936801,9.396040314
9748,102.0943069,2.345079264,9.395098378
9749,16.10296835,38.69107348,9.389757874
9750,116.6327262,38.6976211,9.724200981
9751,73.94710523,32.70801511,9.386988311
9752,45.28124099,24.07500264,9.386177764
9753,-79.9655343,-3.454162929,9.386136864
9754,131.8730431,43.33472409,9.385218942
9755,10.60503624,55.06425578,9.384862562
9756,115.2506826,24.10486375,10.16602238
9757,15.48059563,79.2317533,9.383899088
9758,12.90971451,43.34416853,9.383779944
9759,128.1746089,-3.695829586,10.66334443
9760,9.341280305,4.081442831,9.805888035
9761,102.4215165,24.17500263,10.16071646
9762,30.31494257,50.18358002,9.378918457
9763,-53.03056063,-24.18610654,9.378209923
9764,-98.10481097,32.80609203,9.376851721
9765,10.44193683,43.39250186,9.376411497
9766,142.7124871,50.20073689,9.375586521
9767,7.164007665,4.425382211,11.50625673
9768,-61.40032526,-32.82211047,9.375193503
9769,-64.87361572,-24.23471765,9.76534241
9770,109.3547961,32.83237408,10.81635573
9771,47.3749909,24.24514152,9.373961888
9772,27.20544043,-32.83428996,9.373932268
9773,120.8208213,24.24653041,10.1551957
9774,110.4105653,32.84198947,10.09414748
9775,36.32915801,32.84327152,9.373001853
9776,-61.16250475,-32.8554438,9.371740583
9777,36.62210672,32.855451,9.371739699
9778,12.26582564,57.11083465,9.371626346
9779,-74.35189817,4.805685226,9.370588061
9780,-85.18365764,32.86763049,9.370477085
9781,115.1285596,38.84047824,10.37426076
9782,114.8214168,38.84345443,9.370051269
9783,-80.87841306,-4.853405297,9.369946277
9784,28.61978332,47.14687671,9.369141287
9785,118.3193062,5.031442793,10.21909442
9786,-7.884729107,43.45305742,11.55250667
9787,-36.35568756,-5.101890135,9.366501766
9788,-52.65417176,5.164776121,9.365602762
9789,-1.082961702,5.197351877,9.365132673
9790,19.32082536,47.18177255,9.363065169
9791,11.13249235,43.48416853,9.362418139
9792,-0.270319689,47.18802255,9.361976606
9793,-74.66704967,5.460230654,9.361231953
9794,107.7592834,32.98814331,9.717920413
9795,-78.80492829,-5.715526474,9.357260145
9796,-5.689022124,5.851897305,9.355064492
9797,-10.03674922,5.884473062,13.18134121
9798,15.59203763,5.936745787,9.353672278
9799,14.03332557,57.18500131,9.353007347
9800,-52.99306064,-24.54443986,9.352273604
9801,106.3109734,-6.026132523,9.352183935
9802,26.46665841,-24.55138431,9.351767158
9803,16.93228379,47.25468921,9.350357393
9804,76.1631842,24.59444706,9.34862526
9805,-57.50265641,6.247351835,9.348405173
9806,36.54261954,33.09391253,9.346944377
9807,2.078401808,6.364018497,9.346357609
9808,74.68401759,24.62778039,9.735635096
9809,26.40207508,-24.62916208,9.34608834
9810,-71.56827357,-33.12082841,9.344136197
9811,6.219310733,6.503412431,9.343861501
9812,-58.30353051,-33.12723866,9.343466852
9813,107.7655188,-6.561738562,9.767473325
9814,137.2521932,50.37132511,9.342407951
9815,-5.914779691,6.623109396,9.341675332
9816,141.7190347,39.0791687,9.33943458
9817,107.9238521,-6.857193095,9.337284873
9818,25.75317804,50.40122707,9.336583194
9819,112.0587004,-6.897344609,9.760912341
9820,-51.76736624,-24.76041208,9.336466307
9821,90.39929474,24.76180817,10.11449181
9822,-5.749628182,6.985988169,9.759105093
9823,112.3185489,-7.062496118,9.333309193
9824,109.0200642,-7.098859752,10.60522739
9825,5.660640722,53.03148296,9.591869684
9826,5.501937024,43.69139074,9.641780075
9827,2.336735131,7.223866947,9.330102349
9828,-108.7333362,39.15654965,9.329348721
9829,-77.06726602,39.15893061,9.329038077
9830,85.53818382,24.88819705,9.715706374
9831,125.0735989,43.71639074,9.326858761
9832,40.81149117,64.42750102,9.512149156
9833,113.264274,39.19107346,9.657928922
9834,109.5109733,-7.608708217,9.322163267
9835,103.7472109,24.95555816,9.322069928
9836,130.5369667,47.4312517,9.319521694
9837,42.85475299,39.23690679,9.318856596
9838,-71.1799286,7.819321469,9.741189088
9839,-7.584942794,33.37468175,9.317542637
9840,4.309462325,7.903412375,9.315806364
9841,24.07693628,43.79583518,9.3146576
9842,4.64355322,7.995836614,9.313762671
9843,36.51569647,33.41314329,9.313497417
9844,-72.2564437,8.037503278,9.312834428
9845,30.45207492,-25.09791206,9.311500739
9846,101.4598846,47.4781267,9.311319866
9847,8.991063869,39.2964306,9.31107251
9848,129.2885293,47.48854337,9.6003326
9849,22.71886444,50.54044275,9.309430743
9850,140.5607015,39.31071631,9.309202898
9851,-35.56780881,-8.20037486,9.309157576
9852,68.52846228,25.13264148,9.308913473
9853,-72.25492855,8.21629115,9.308794319
9854,144.1091537,43.83639074,9.308421917
9855,132.4169747,33.4733997,9.307151235
9856,50.34390104,33.48557918,9.305867315
9857,106.89106,39.34226393,9.30507199
9858,11.10287697,33.50801508,9.66141104
9859,114.6898692,39.35774012,9.303044442
9860,4.066904402,50.57426628,9.302825223
9861,140.3988508,-8.497344545,9.302264762
9862,109.3965162,25.22291926,10.07744407
9863,-9.476143185,8.546594167,9.301098212
9864,112.5535597,39.37321631,9.30101615
9865,8.019714701,43.88472407,9.300984285
9866,117.1740266,33.53557918,9.300591746
9867,47.59774731,33.53878431,9.300253534
9868,15.12915886,50.58848197,9.300047968
9869,45.18100951,53.20000147,9.813029856
9870,29.03401942,-25.30138428,9.296294393
9871,-82.64583723,8.784472946,9.295368652
9872,115.6107025,39.42083536,9.294771185
9873,125.6273687,39.42202583,9.294614948
9874,76.05762865,25.33194703,9.68120693
9875,3.751129014,8.841291125,9.293976987
9876,117.108642,33.61314328,10.00719891
9877,113.7201806,33.62083559,9.29158021
9878,8.793510967,53.22870517,9.290246641
9879,-57.1451438,-25.38957872,9.289667243
9880,42.82659365,33.64134841,9.289408867
9881,-50.00486631,-25.43055094,9.286580979
9882,-71.09432254,9.150382022,9.708338555
9883,125.4618925,39.49107345,9.285547765
9884,-9.293567434,9.180685051,9.285478605
9885,-75.81629205,9.233715352,9.284121965
9886,129.1437376,47.63333503,9.28411698
9887,-74.76023148,9.242806261,9.705860515
9888,-2.134729337,53.25879777,9.283779019
9889,112.2779645,39.5232163,10.27593967
9890,45.22338843,33.72147661,9.280915319
9891,78.83218662,9.370078983,9.280597908
9892,-110.0055584,53.27407554,9.280494435
9893,-69.21553473,9.376897164,9.280420277
9894,136.0003079,33.72852789,9.637060162
9895,113.9035139,33.74327148,9.278602226
9896,19.67499201,47.66614753,9.56827994
9897,105.7291552,33.74583558,9.278330078
9898,26.07429731,-25.5409676,9.278240388
9899,27.59860281,-25.55763427,10.43652842
9900,78.08748968,9.519321401,9.276681916
9901,31.65491578,9.536745643,9.697896512
9902,83.96735055,25.58333591,10.04797628
9903,117.1631291,33.78237404,9.274447615
9904,32.1434439,39.58154964,9.273645866
9905,2.626034362,47.69323086,9.273600335
9906,115.7916548,25.60416924,11.97844449
9907,80.02461081,9.700382,9.271848759
9908,-82.94167055,39.60654963,9.270353109
9909,-6.083019777,33.83109199,9.269267262
9910,3.604159323,50.7458349,9.269267156
9911,-53.81042171,-25.66666204,9.268704083
9912,-97.81041995,25.67153035,9.268333919
9913,44.51826025,33.85032276,9.623669818
9914,128.661446,47.72968919,9.267193857
9915,16.40884631,47.73177252,9.266827575
9916,72.41697708,33.87468173,9.264625741
9917,40.81249117,44.12361295,9.264123557
9918,112.7249883,25.74166924,9.64891058
9919,-12.85796123,10.04810926,11.7884696
9920,71.38540661,25.75069701,9.648274996
9921,103.8840164,25.75486368,9.26198593
9922,-78.30609381,33.91250224,9.260594144
9923,35.74261958,33.91506635,9.260320509
9924,-68.57083779,10.15492744,9.259317905
9925,44.88511005,39.71845439,9.255591893
9926,-48.30492951,-10.32234447,9.254558887
9927,38.01197045,47.80729335,9.253544206
9928,106.6852158,10.37083652,9.253166022
9929,78.32915633,25.8895859,9.251682189
9930,105.6299128,10.46553348,10.09140536
9931,-68.20720144,10.49810924,9.249479305
9932,-74.19356484,10.51401833,9.249015789
9933,-70.52305993,44.22139072,9.248988772
9934,68.61526783,25.92778034,9.24875179
9935,12.17131584,50.85073686,9.520803165
9936,58.17082381,34.0240407,9.248680568
9937,14.51923825,59.32718377,9.468863484
9938,21.19804751,44.22583516,9.248300059
9939,22.13176275,47.84062669,9.24767589
9940,80.14235071,25.96875256,9.245603673
9941,-74.92614057,10.63447287,9.245480481
9942,-85.43598863,10.6428062,9.245234426
9943,-106.8971183,34.06378429,9.244426918
9944,105.1155189,10.71704863,9.243033852
9945,12.63488813,47.87343919,9.241896125
9946,117.2868929,39.8279782,9.241109313
9947,-53.73681061,-26.04721758,9.239561211
9948,46.5265935,34.11570736,9.23886317
9949,-93.2808368,44.29583516,9.545232863
9950,-96.78472555,44.30472405,9.236068118
9951,77.70718666,10.95341225,9.655763955
9952,111.2362979,39.86904962,9.565546721
9953,-94.4602812,44.31194627,9.234947254
9954,77.55870182,11.00720013,9.234288401
9955,79.63445931,11.10644255,9.231243972
9956,48.37402933,34.18878428,9.231019669
9957,132.5730431,44.3402796,9.230549153
9958,-2.643389447,50.94681529,9.229846613
9959,6.828401618,11.16023043,9.229582125
9960,39.42537001,11.16250315,9.229512206
9961,-71.08095674,-39.94820909,9.22517264
9962,49.98471302,26.24653033,11.53015786
9963,29.1854083,-26.27082868,9.222248961
9964,10.67876221,59.42519964,9.222166796
9965,-117.6573743,34.27724582,9.221504629
9966,74.4644129,34.28237402,9.220952349
9967,19.02467153,-34.29005913,9.574720899
9968,-59.37500482,-26.31527313,9.218791336
9969,41.78304668,44.42861293,9.216821786
9970,129.490821,44.4302796,9.216562952
9971,18.38630159,40.01964486,9.215683623
9972,27.49582503,-26.3805509,9.213702937
9973,-111.7363123,40.03690676,9.213388784
9974,-0.183340526,40.05595438,9.210855307
9975,-80.07276041,34.37724581,9.210721867
9976,18.33273016,40.07262104,9.208637139
9977,-118.9195537,34.39904069,9.208368069
9978,48.89582418,55.82346628,9.692039192
9979,29.12551247,48.10000168,9.201902944
9980,22.46017709,53.64027923,9.201558603
9981,32.76509566,48.10989751,9.200152729
9982,82.64929505,26.55625254,9.199947604
9983,-54.76111612,-26.56943978,9.198911906
9984,-91.55096508,34.49583555,9.197897984
9985,15.28700199,51.11348195,9.197066858
9986,48.69069598,34.50545094,9.19685658
9987,7.619845436,51.11544273,9.196680591
9988,45.37290765,26.61250254,9.195525831
9989,11.04082569,44.56694626,9.501681627
9990,45.72975288,40.17619247,9.194838857
9991,10.24258498,53.67639034,9.449118854
9992,38.34999127,48.14739751,9.193517744
9993,49.29279386,-12.29279894,9.192757497
9994,-114.3922128,62.44402284,9.391493652
9995,23.14165854,48.15989751,9.191305163
9996,120.0490621,53.69027923,9.190750689
9997,27.30311671,48.16927251,9.189645488
9998,125.2178449,40.22262104,9.18864329
9999,-116.9364609,48.18177251,9.187432191
10000,85.91873936,26.73958586,9.568239505
10001,113.0438985,34.61634837,10.24455688
10002,-103.8005983,40.25595437,9.184191383
10003,32.82131502,51.1821094,9.183545954
10004,71.9059423,40.26488294,9.182998321
10005,124.6104045,48.20833501,9.182727212
10006,47.06665758,40.26845437,9.182521108
10007,-38.4738693,-12.63901105,9.180798933
10008,84.5027672,26.80416919,9.562909106
10009,20.28749199,48.22343917,9.180051035
10010,78.61476238,12.68295764,9.179257527
10011,87.27151709,26.8215303,9.179016859
10012,-73.0815519,-40.30059003,9.178224961
10013,-76.58928985,40.31071627,9.176870646
10014,-82.97147824,34.69647657,9.176111111
10015,104.283322,26.87014141,9.557483799
10016,89.36943367,26.87083586,9.175104967
10017,-75.4897264,44.70083515,9.17437776
10018,15.56097703,-12.8496171,9.173363892
10019,94.69845392,55.96951891,9.173248308
10020,26.65138062,44.71083514,9.172814629
10021,-99.2666699,26.90625252,9.172290828
10022,112.0483858,34.74583554,10.93444153
10023,11.29582568,44.72527959,9.170556021
10024,-60.05208813,-26.93193977,9.170247706
10025,71.96487087,40.37559722,9.168186184
10026,115.8999882,40.3767877,9.168026643
10027,-82.4875039,40.3892877,9.166352077
10028,40.66415784,44.76750181,9.163950885
10029,129.6785987,44.76805736,9.469311386
10030,17.08273021,59.64146947,9.16358811
10031,0.187002596,51.28407018,9.163432343
10032,21.56874194,48.3192725,9.163055341
10033,109.0618474,34.82660477,9.161920259
10034,17.93749208,59.64900915,9.379749736
10035,79.09506539,13.22310913,9.159880221
10036,12.58354493,56.02829083,9.159426406
10037,110.5784606,27.07083585,10.30420268
10038,-106.9625029,44.79916847,9.158993567
10039,-1.74199431,34.85352785,9.158978351
10040,-75.34643276,40.44464484,9.158930734
10041,-53.0034773,-27.07916198,9.158502024
10042,39.21053045,51.31348194,9.157624739
10043,41.50471336,44.83472403,9.153424057
10044,22.43824948,13.45113943,9.151460743
10045,48.27768695,51.35122704,9.150168046
10046,-85.2451961,34.95224579,9.148173624
10047,40.35804674,44.87861292,9.14654424
10048,40.55415784,-13.59734434,9.145987584
10049,12.74337464,51.37279566,9.145905175
10050,14.25045519,53.90370515,9.144534348
10051,-84.56488477,40.55238293,9.144462109
10052,44.10643043,13.63977578,9.144388506
10053,-8.445840196,40.55774007,9.143740695
10054,94.5901206,56.0949575,9.624921868
10055,132.199667,34.99455348,9.143534494
10056,110.519036,40.5613115,10.12267936
10057,-78.31955535,34.99775861,9.143183012
10058,116.6477445,34.99775861,10.54971831
10059,30.36400674,13.69810911,9.142181888
10060,40.44902964,35.02404066,9.14029844
10061,-58.42212025,-35.02787961,9.139876949
10062,-79.56905164,40.59643055,9.138537191
10063,110.1402662,27.33194695,9.1381937
10064,9.473389857,35.04327143,9.138186611
10065,46.05807919,51.41250154,9.138054151
10066,33.54658237,13.8390182,9.136813109
10067,-89.46726553,40.61547817,9.135973335
10068,-3.172030883,40.63809721,10.11138387
10069,109.0518824,13.99053334,9.130979881
10070,-64.93306016,44.98305736,9.130149986
10071,60.11409296,66.03173173,9.130142124
10072,3.722909318,48.51041833,9.129077631
10073,29.2150958,48.51354333,9.128521333
10074,22.60219778,51.46348193,9.127967001
10075,121.1412758,14.1011394,10.37108025
10076,29.38689639,40.68512102,9.126590854
10077,28.74582498,48.53385583,9.124904142
10078,8.723429951,48.53958499,9.123883621
10079,68.75693449,27.5312525,9.882271068
10080,15.61556235,56.19101012,9.601206984
10081,14.63160986,51.50416821,9.119911527
10082,18.16613791,48.56406416,9.119522805
10083,-86.06726566,40.7535734,9.11735519
10084,6.319355292,51.51936428,9.116901587
10085,-64.50694906,45.06916846,9.116609969
10086,-55.33056054,-27.60416196,9.116126849
10087,140.3945385,35.26955347,9.11325853
10088,48.15177659,40.78571625,9.113013873
10089,33.37621696,51.54632507,9.111559619
10090,54.1354073,27.67083583,9.110690659
10091,42.83853275,48.61406416,9.110609761
10092,71.87379945,40.81071625,9.109634775
10093,-95.04417006,45.11472402,9.109438309
10094,-1.149045616,35.30609193,9.809945912
10095,-82.45609365,35.32404065,9.107234842
10096,122.2392736,40.82976387,9.107059784
10097,-98.07083661,27.75069693,9.104163049
10098,-75.22500419,40.86845435,9.101825543
10099,140.3701795,35.37596372,9.101486983
10100,17.16725402,40.88214482,9.099972404
10101,78.64165632,27.81250249,9.099099264
10102,107.1428457,40.88988292,9.098924718
10103,78.3768836,14.85265452,9.096600359
10104,100.3965797,14.90113937,9.094606925
10105,-48.60417192,-27.87013417,9.852454982
10106,135.3304361,35.44839962,9.09345539
10107,10.7739507,48.71666832,9.092297264
10108,8.755200783,48.71666832,9.092297165
10109,92.50082243,58.21875127,9.091793028
10110,122.5255831,40.94821625,9.09102145
10111,103.1018826,14.99886664,9.917011938
10112,38.48749126,48.72760582,9.090343257
10113,69.15951384,40.95952577,9.08948805
10114,11.46693679,45.24305735,9.089203026
10115,-63.433338,-27.93332862,9.08916924
10116,108.8003672,15.1215939,11.15037897
10117,121.9083213,48.76302248,9.084014216
10118,118.6851071,41.00119244,10.05685846
10119,-78.4255993,41.02381148,9.080765164
10120,-93.56472568,45.30472401,9.07946343
10121,100.344307,15.26780602,9.079324544
10122,-56.02361607,-28.05624528,9.079026107
10123,122.2839165,41.06071624,9.075752187
10124,-72.42619478,41.06428767,9.075266727
10125,111.9644491,51.74877604,9.071380187
10126,131.1030431,45.35694623,9.071206713
10127,35.55718835,15.47386662,9.070575984
10128,40.19304675,45.36194623,9.675016566
10129,125.8369322,45.39194623,9.065668714
10130,10.48249238,45.39305734,9.065492861
10131,22.51011095,41.14524005,9.064256661
10132,6.586210485,35.72532268,9.062615592
10133,29.11804719,-28.27221749,9.061103019
10134,-49.16458857,-28.27638416,9.438306881
10135,6.006937004,45.429724,9.059687188
10136,74.95693425,28.30625247,9.058266889
10137,-58.50160742,-35.7682642,9.057814248
10138,46.1256854,28.32430802,9.056760848
10139,-59.26597705,-28.37430082,9.052586112
10140,39.60415788,35.81506627,9.05257538
10141,109.8948413,51.84730545,9.051782822
10142,-54.97083833,-15.95870788,9.049537716
10143,-83.5586577,35.85673293,9.047906117
10144,117.3246676,35.86250217,9.395230831
10145,-11.11806231,28.4395858,9.047125316
10146,-8.085721162,41.27143052,9.047056919
10147,78.7742952,28.45694691,9.422641868
10148,-106.3118619,35.88557909,9.392570464
10149,-48.50871738,-16.08673818,9.043876169
10150,140.4964615,35.89711755,10.08675119
10151,-13.86667331,28.50139135,9.041944215
10152,36.63300416,35.92980986,9.039705526
10153,132.4755083,49.01093914,9.039609479
10154,11.93582566,45.56250178,9.038631491
10155,52.17688465,16.21023022,9.038373192
10156,15.70475408,41.33809718,9.037951935
10157,113.1286647,51.92181525,9.036944559
10158,97.71930707,16.26553325,9.035895358
10159,-85.05952761,41.3648829,9.034290542
10160,28.10207501,49.04062664,9.034280336
10161,136.4951796,35.98493806,9.380868662
10162,13.88847264,51.94387407,9.032548689
10163,75.27536858,16.34280598,9.032419608
10164,-95.02007916,16.43447264,9.02827536
10165,80.98521683,16.43901809,9.028069295
10166,100.3359736,16.45568476,9.437682998
10167,11.30860346,45.63527955,9.027069755
10168,6.567620742,36.04583549,9.373941871
10169,-90.49263179,36.0535278,9.025788103
10170,2.528117699,49.08958497,9.025486523
10171,-49.43068704,-16.50719271,9.02497155
10172,80.23471181,45.65750177,9.023536709
10173,80.36637847,45.65916844,9.023271613
10174,35.10643079,-16.5791624,9.021687816
10175,48.79880037,41.46428766,9.020684064
10176,-84.55000382,41.47083527,9.019786859
10177,80.52991382,16.62159384,10.24973208
10178,37.8776428,16.62992718,9.429335801
10179,77.50276748,28.77569689,9.770542837
10180,-122.3145856,49.13645997,9.580427703
10181,2.915697812,36.14070728,10.05640831
10182,-82.93214674,41.51071623,9.014319471
10183,42.89804664,45.71861288,9.013812866
10184,45.47851662,36.16314318,9.360166738
10185,18.69790872,-28.84374525,9.013054809
10186,74.54885345,16.79204838,9.011892611
10187,-49.92614157,-16.81173815,9.010980515
10188,-2.719369836,52.05661916,9.27517257
10189,-1.341428715,52.0649525,9.273362082
10190,-75.52083751,41.55476384,9.008275224
10191,8.24999247,49.19531413,9.287921636
10192,-67.66704995,-16.97461693,10.64024788
10193,106.9263774,28.96944689,10.12785455
10194,12.50193674,45.79305732,9.001952966
10195,79.3965174,28.98264133,15.75138956
10196,-49.41597745,-28.98402302,9.00112457
