File,Country,MatchedCities,RowsChecked,CellsChecked,NA_Count,NA_EA,NA_IEA,NA_MEA,NA_DEA
AMod2_Day_2001_1.csv,China,1441,1441,5764,0,0,0,0,0
AMod2_Day_2001_1.csv,Türkiye,180,180,720,0,0,0,0,0
AMod2_Day_2001_10.csv,China,1441,1441,5764,0,0,0,0,0
AMod2_Day_2001_10.csv,Türkiye,180,180,720,0,0,0,0,0
AMod2_Day_2001_11.csv,China,1441,1441,5764,0,0,0,0,0
AMod2_Day_2001_11.csv,Türkiye,180,180,720,0,0,0,0,0
AMod2_Day_2001_12.csv,China,1441,1441,5764,0,0,0,0,0
AMod2_Day_2001_12.csv,Türkiye,180,180,720,0,0,0,0,0
AMod2_Day_2001_2.csv,China,1441,1441,5764,0,0,0,0,0
AMod2_Day_2001_2.csv,Türkiye,180,180,720,0,0,0,0,0
AMod2_Day_2001_21.csv,China,1441,1441,5764,0,0,0,0,0
AMod2_Day_2001_21.csv,Türkiye,180,180,720,0,0,0,0,0
AMod2_Day_2001_22.csv,China,1441,1441,5764,0,0,0,0,0
AMod2_Day_2001_22.csv,Türkiye,180,180,720,0,0,0,0,0
AMod2_Day_2001_23.csv,China,1441,1441,5764,0,0,0,0,0
AMod2_Day_2001_23.csv,Türkiye,180,180,720,0,0,0,0,0
AMod2_Day_2001_24.csv,China,1441,1441,5764,0,0,0,0,0
AMod2_Day_2001_24.csv,Türkiye,180,180,720,0,0,0,0,0
AMod2_Day_2001_3.csv,China,1441,1441,5764,0,0,0,0,0
AMod2_Day_2001_3.csv,Türkiye,180,180,720,0,0,0,0,0
AMod2_Day_2001_30.csv,China,1441,1441,5764,0,0,0,0,0
AMod2_Day_2001_30.csv,Türkiye,180,180,720,0,0,0,0,0
AMod2_Day_2001_4.csv,China,1441,1441,5764,0,0,0,0,0
AMod2_Day_2001_4.csv,Türkiye,180,180,720,0,0,0,0,0
AMod2_Day_2001_5.csv,China,1441,1441,5764,0,0,0,0,0
AMod2_Day_2001_5.csv,Türkiye,180,180,720,0,0,0,0,0
AMod2_Day_2001_6.csv,China,1441,1441,5764,0,0,0,0,0
AMod2_Day_2001_6.csv,Türkiye,180,180,720,0,0,0,0,0
AMod2_Day_2001_7.csv,China,1441,1441,5764,0,0,0,0,0
AMod2_Day_2001_7.csv,Türkiye,180,180,720,0,0,0,0,0
AMod2_Day_2001_8.csv,China,1441,1441,5764,0,0,0,0,0
AMod2_Day_2001_8.csv,Türkiye,180,180,720,0,0,0,0,0
AMod2_Day_2001_9.csv,China,1441,1441,5764,0,0,0,0,0
AMod2_Day_2001_9.csv,Türkiye,180,180,720,0,0,0,0,0
AMod2_Day_2002_1.csv,China,1441,1441,5764,0,0,0,0,0
AMod2_Day_2002_1.csv,Türkiye,180,180,720,0,0,0,0,0
AMod2_Day_2002_10.csv,China,1441,1441,5764,0,0,0,0,0
AMod2_Day_2002_10.csv,Türkiye,180,180,720,0,0,0,0,0
AMod2_Day_2002_11.csv,China,1441,1441,5764,0,0,0,0,0
AMod2_Day_2002_11.csv,Türkiye,180,180,720,0,0,0,0,0
AMod2_Day_2002_12.csv,China,1441,1441,5764,0,0,0,0,0
AMod2_Day_2002_12.csv,Türkiye,180,180,720,0,0,0,0,0
AMod2_Day_2002_2.csv,China,1441,1441,5764,0,0,0,0,0
AMod2_Day_2002_2.csv,Türkiye,180,180,720,0,0,0,0,0
AMod2_Day_2002_21.csv,China,1441,1441,5764,0,0,0,0,0
AMod2_Day_2002_21.csv,Türkiye,180,180,720,0,0,0,0,0
AMod2_Day_2002_22.csv,China,1441,1441,5764,0,0,0,0,0
AMod2_Day_2002_22.csv,Türkiye,180,180,720,0,0,0,0,0
AMod2_Day_2002_23.csv,China,1441,1441,5764,0,0,0,0,0
AMod2_Day_2002_23.csv,Türkiye,180,180,720,0,0,0,0,0
AMod2_Day_2002_24.csv,China,1441,1441,5764,0,0,0,0,0
AMod2_Day_2002_24.csv,Türkiye,180,180,720,0,0,0,0,0
AMod2_Day_2002_3.csv,China,1441,1441,5764,0,0,0,0,0
AMod2_Day_2002_3.csv,Türkiye,180,180,720,0,0,0,0,0
AMod2_Day_2002_30.csv,China,1441,1441,5764,0,0,0,0,0
AMod2_Day_2002_30.csv,Türkiye,180,180,720,0,0,0,0,0
AMod2_Day_2002_4.csv,China,1441,1441,5764,0,0,0,0,0
AMod2_Day_2002_4.csv,Türkiye,180,180,720,0,0,0,0,0
AMod2_Day_2002_5.csv,China,1441,1441,5764,0,0,0,0,0
AMod2_Day_2002_5.csv,Türkiye,180,180,720,0,0,0,0,0
AMod2_Day_2002_6.csv,China,1441,1441,5764,0,0,0,0,0
AMod2_Day_2002_6.csv,Türkiye,180,180,720,0,0,0,0,0
AMod2_Day_2002_7.csv,China,1441,1441,5764,0,0,0,0,0
AMod2_Day_2002_7.csv,Türkiye,180,180,720,0,0,0,0,0
AMod2_Day_2002_8.csv,China,1441,1441,5764,0,0,0,0,0
AMod2_Day_2002_8.csv,Türkiye,180,180,720,0,0,0,0,0
AMod2_Day_2002_9.csv,China,1441,1441,5764,0,0,0,0,0
AMod2_Day_2002_9.csv,Türkiye,180,180,720,0,0,0,0,0
AMod2_Day_2003_1.csv,China,1441,1441,5764,0,0,0,0,0
AMod2_Day_2003_1.csv,Türkiye,180,180,720,0,0,0,0,0
AMod2_Day_2003_10.csv,China,1441,1441,5764,0,0,0,0,0
AMod2_Day_2003_10.csv,Türkiye,180,180,720,0,0,0,0,0
AMod2_Day_2003_11.csv,China,1441,1441,5764,0,0,0,0,0
AMod2_Day_2003_11.csv,Türkiye,180,180,720,0,0,0,0,0
AMod2_Day_2003_12.csv,China,1441,1441,5764,0,0,0,0,0
AMod2_Day_2003_12.csv,Türkiye,180,180,720,0,0,0,0,0
AMod2_Day_2003_2.csv,China,1441,1441,5764,0,0,0,0,0
AMod2_Day_2003_2.csv,Türkiye,180,180,720,0,0,0,0,0
AMod2_Day_2003_21.csv,China,1441,1441,5764,0,0,0,0,0
AMod2_Day_2003_21.csv,Türkiye,180,180,720,0,0,0,0,0
AMod2_Day_2003_22.csv,China,1441,1441,5764,0,0,0,0,0
AMod2_Day_2003_22.csv,Türkiye,180,180,720,0,0,0,0,0
AMod2_Day_2003_23.csv,China,1441,1441,5764,0,0,0,0,0
AMod2_Day_2003_23.csv,Türkiye,180,180,720,0,0,0,0,0
AMod2_Day_2003_24.csv,China,1441,1441,5764,0,0,0,0,0
AMod2_Day_2003_24.csv,Türkiye,180,180,720,0,0,0,0,0
AMod2_Day_2003_3.csv,China,1441,1441,5764,0,0,0,0,0
AMod2_Day_2003_3.csv,Türkiye,180,180,720,0,0,0,0,0
AMod2_Day_2003_30.csv,China,1441,1441,5764,0,0,0,0,0
AMod2_Day_2003_30.csv,Türkiye,180,180,720,0,0,0,0,0
AMod2_Day_2003_4.csv,China,1441,1441,5764,0,0,0,0,0
AMod2_Day_2003_4.csv,Türkiye,180,180,720,0,0,0,0,0
AMod2_Day_2003_5.csv,China,1441,1441,5764,0,0,0,0,0
AMod2_Day_2003_5.csv,Türkiye,180,180,720,0,0,0,0,0
AMod2_Day_2003_6.csv,China,1441,1441,5764,0,0,0,0,0
AMod2_Day_2003_6.csv,Türkiye,180,180,720,0,0,0,0,0
AMod2_Day_2003_7.csv,China,1441,1441,5764,0,0,0,0,0
AMod2_Day_2003_7.csv,Türkiye,180,180,720,0,0,0,0,0
AMod2_Day_2003_8.csv,China,1441,1441,5764,0,0,0,0,0
AMod2_Day_2003_8.csv,Türkiye,180,180,720,0,0,0,0,0
AMod2_Day_2003_9.csv,China,1441,1441,5764,0,0,0,0,0
AMod2_Day_2003_9.csv,Türkiye,180,180,720,0,0,0,0,0
AMod2_Day_2004_1.csv,China,1441,1441,5764,0,0,0,0,0
AMod2_Day_2004_1.csv,Türkiye,180,180,720,0,0,0,0,0
AMod2_Day_2004_10.csv,China,1441,1441,5764,0,0,0,0,0
AMod2_Day_2004_10.csv,Türkiye,180,180,720,0,0,0,0,0
AMod2_Day_2004_11.csv,China,1441,1441,5764,0,0,0,0,0
AMod2_Day_2004_11.csv,Türkiye,180,180,720,0,0,0,0,0
AMod2_Day_2004_12.csv,China,1441,1441,5764,0,0,0,0,0
AMod2_Day_2004_12.csv,Türkiye,180,180,720,0,0,0,0,0
AMod2_Day_2004_2.csv,China,1441,1441,5764,0,0,0,0,0
AMod2_Day_2004_2.csv,Türkiye,180,180,720,0,0,0,0,0
AMod2_Day_2004_21.csv,China,1441,1441,5764,0,0,0,0,0
AMod2_Day_2004_21.csv,Türkiye,180,180,720,0,0,0,0,0
AMod2_Day_2004_22.csv,China,1441,1441,5764,0,0,0,0,0
AMod2_Day_2004_22.csv,Türkiye,180,180,720,0,0,0,0,0
AMod2_Day_2004_23.csv,China,1441,1441,5764,0,0,0,0,0
AMod2_Day_2004_23.csv,Türkiye,180,180,720,0,0,0,0,0
AMod2_Day_2004_24.csv,China,1441,1441,5764,0,0,0,0,0
AMod2_Day_2004_24.csv,Türkiye,180,180,720,0,0,0,0,0
AMod2_Day_2004_3.csv,China,1441,1441,5764,0,0,0,0,0
AMod2_Day_2004_3.csv,Türkiye,180,180,720,0,0,0,0,0
AMod2_Day_2004_30.csv,China,1441,1441,5764,0,0,0,0,0
AMod2_Day_2004_30.csv,Türkiye,180,180,720,0,0,0,0,0
AMod2_Day_2004_4.csv,China,1441,1441,5764,0,0,0,0,0
AMod2_Day_2004_4.csv,Türkiye,180,180,720,0,0,0,0,0
AMod2_Day_2004_5.csv,China,1441,1441,5764,0,0,0,0,0
AMod2_Day_2004_5.csv,Türkiye,180,180,720,0,0,0,0,0
AMod2_Day_2004_6.csv,China,1441,1441,5764,0,0,0,0,0
AMod2_Day_2004_6.csv,Türkiye,180,180,720,0,0,0,0,0
AMod2_Day_2004_7.csv,China,1441,1441,5764,0,0,0,0,0
AMod2_Day_2004_7.csv,Türkiye,180,180,720,0,0,0,0,0
AMod2_Day_2004_8.csv,China,1441,1441,5764,0,0,0,0,0
AMod2_Day_2004_8.csv,Türkiye,180,180,720,0,0,0,0,0
AMod2_Day_2004_9.csv,China,1441,1441,5764,0,0,0,0,0
AMod2_Day_2004_9.csv,Türkiye,180,180,720,0,0,0,0,0
AMod2_Day_2005_1.csv,China,1441,1441,5764,0,0,0,0,0
AMod2_Day_2005_1.csv,Türkiye,180,180,720,0,0,0,0,0
AMod2_Day_2005_10.csv,China,1441,1441,5764,0,0,0,0,0
AMod2_Day_2005_10.csv,Türkiye,180,180,720,0,0,0,0,0
AMod2_Day_2005_11.csv,China,1441,1441,5764,0,0,0,0,0
AMod2_Day_2005_11.csv,Türkiye,180,180,720,0,0,0,0,0
AMod2_Day_2005_12.csv,China,1441,1441,5764,0,0,0,0,0
AMod2_Day_2005_12.csv,Türkiye,180,180,720,0,0,0,0,0
AMod2_Day_2005_2.csv,China,1441,1441,5764,0,0,0,0,0
AMod2_Day_2005_2.csv,Türkiye,180,180,720,0,0,0,0,0
AMod2_Day_2005_21.csv,China,1441,1441,5764,0,0,0,0,0
AMod2_Day_2005_21.csv,Türkiye,180,180,720,0,0,0,0,0
AMod2_Day_2005_22.csv,China,1441,1441,5764,0,0,0,0,0
AMod2_Day_2005_22.csv,Türkiye,180,180,720,0,0,0,0,0
AMod2_Day_2005_23.csv,China,1441,1441,5764,0,0,0,0,0
AMod2_Day_2005_23.csv,Türkiye,180,180,720,0,0,0,0,0
AMod2_Day_2005_24.csv,China,1441,1441,5764,0,0,0,0,0
AMod2_Day_2005_24.csv,Türkiye,180,180,720,0,0,0,0,0
AMod2_Day_2005_3.csv,China,1441,1441,5764,0,0,0,0,0
AMod2_Day_2005_3.csv,Türkiye,180,180,720,0,0,0,0,0
AMod2_Day_2005_30.csv,China,1441,1441,5764,0,0,0,0,0
AMod2_Day_2005_30.csv,Türkiye,180,180,720,0,0,0,0,0
AMod2_Day_2005_4.csv,China,1441,1441,5764,0,0,0,0,0
AMod2_Day_2005_4.csv,Türkiye,180,180,720,0,0,0,0,0
AMod2_Day_2005_5.csv,China,1441,1441,5764,0,0,0,0,0
AMod2_Day_2005_5.csv,Türkiye,180,180,720,0,0,0,0,0
AMod2_Day_2005_6.csv,China,1441,1441,5764,0,0,0,0,0
AMod2_Day_2005_6.csv,Türkiye,180,180,720,0,0,0,0,0
AMod2_Day_2005_7.csv,China,1441,1441,5764,0,0,0,0,0
AMod2_Day_2005_7.csv,Türkiye,180,180,720,0,0,0,0,0
AMod2_Day_2005_8.csv,China,1441,1441,5764,0,0,0,0,0
AMod2_Day_2005_8.csv,Türkiye,180,180,720,0,0,0,0,0
AMod2_Day_2005_9.csv,China,1441,1441,5764,0,0,0,0,0
AMod2_Day_2005_9.csv,Türkiye,180,180,720,0,0,0,0,0
AMod2_Day_2006_1.csv,China,1441,1441,5764,0,0,0,0,0
AMod2_Day_2006_1.csv,Türkiye,180,180,720,0,0,0,0,0
AMod2_Day_2006_10.csv,China,1441,1441,5764,0,0,0,0,0
AMod2_Day_2006_10.csv,Türkiye,180,180,720,0,0,0,0,0
AMod2_Day_2006_11.csv,China,1441,1441,5764,0,0,0,0,0
AMod2_Day_2006_11.csv,Türkiye,180,180,720,0,0,0,0,0
AMod2_Day_2006_12.csv,China,1441,1441,5764,0,0,0,0,0
AMod2_Day_2006_12.csv,Türkiye,180,180,720,0,0,0,0,0
AMod2_Day_2006_2.csv,China,1441,1441,5764,0,0,0,0,0
AMod2_Day_2006_2.csv,Türkiye,180,180,720,0,0,0,0,0
AMod2_Day_2006_21.csv,China,1441,1441,5764,0,0,0,0,0
AMod2_Day_2006_21.csv,Türkiye,180,180,720,0,0,0,0,0
AMod2_Day_2006_22.csv,China,1441,1441,5764,0,0,0,0,0
AMod2_Day_2006_22.csv,Türkiye,180,180,720,0,0,0,0,0
AMod2_Day_2006_23.csv,China,1441,1441,5764,0,0,0,0,0
AMod2_Day_2006_23.csv,Türkiye,180,180,720,0,0,0,0,0
AMod2_Day_2006_24.csv,China,1441,1441,5764,0,0,0,0,0
AMod2_Day_2006_24.csv,Türkiye,180,180,720,0,0,0,0,0
AMod2_Day_2006_3.csv,China,1441,1441,5764,0,0,0,0,0
AMod2_Day_2006_3.csv,Türkiye,180,180,720,0,0,0,0,0
AMod2_Day_2006_30.csv,China,1441,1441,5764,0,0,0,0,0
AMod2_Day_2006_30.csv,Türkiye,180,180,720,0,0,0,0,0
AMod2_Day_2006_4.csv,China,1441,1441,5764,0,0,0,0,0
AMod2_Day_2006_4.csv,Türkiye,180,180,720,0,0,0,0,0
AMod2_Day_2006_5.csv,China,1441,1441,5764,0,0,0,0,0
AMod2_Day_2006_5.csv,Türkiye,180,180,720,0,0,0,0,0
AMod2_Day_2006_6.csv,China,1441,1441,5764,0,0,0,0,0
AMod2_Day_2006_6.csv,Türkiye,180,180,720,0,0,0,0,0
AMod2_Day_2006_7.csv,China,1441,1441,5764,0,0,0,0,0
AMod2_Day_2006_7.csv,Türkiye,180,180,720,0,0,0,0,0
AMod2_Day_2006_8.csv,China,1441,1441,5764,0,0,0,0,0
AMod2_Day_2006_8.csv,Türkiye,180,180,720,0,0,0,0,0
AMod2_Day_2006_9.csv,China,1441,1441,5764,0,0,0,0,0
AMod2_Day_2006_9.csv,Türkiye,180,180,720,0,0,0,0,0
AMod2_Day_2007_1.csv,China,1441,1441,5764,0,0,0,0,0
AMod2_Day_2007_1.csv,Türkiye,180,180,720,0,0,0,0,0
AMod2_Day_2007_10.csv,China,1441,1441,5764,0,0,0,0,0
AMod2_Day_2007_10.csv,Türkiye,180,180,720,0,0,0,0,0
AMod2_Day_2007_11.csv,China,1441,1441,5764,0,0,0,0,0
AMod2_Day_2007_11.csv,Türkiye,180,180,720,0,0,0,0,0
AMod2_Day_2007_12.csv,China,1441,1441,5764,0,0,0,0,0
AMod2_Day_2007_12.csv,Türkiye,180,180,720,0,0,0,0,0
AMod2_Day_2007_2.csv,China,1441,1441,5764,0,0,0,0,0
AMod2_Day_2007_2.csv,Türkiye,180,180,720,0,0,0,0,0
AMod2_Day_2007_21.csv,China,1441,1441,5764,0,0,0,0,0
AMod2_Day_2007_21.csv,Türkiye,180,180,720,0,0,0,0,0
AMod2_Day_2007_22.csv,China,1441,1441,5764,0,0,0,0,0
AMod2_Day_2007_22.csv,Türkiye,180,180,720,0,0,0,0,0
AMod2_Day_2007_23.csv,China,1441,1441,5764,0,0,0,0,0
AMod2_Day_2007_23.csv,Türkiye,180,180,720,0,0,0,0,0
AMod2_Day_2007_24.csv,China,1441,1441,5764,0,0,0,0,0
AMod2_Day_2007_24.csv,Türkiye,180,180,720,0,0,0,0,0
AMod2_Day_2007_3.csv,China,1441,1441,5764,0,0,0,0,0
AMod2_Day_2007_3.csv,Türkiye,180,180,720,0,0,0,0,0
AMod2_Day_2007_30.csv,China,1441,1441,5764,0,0,0,0,0
AMod2_Day_2007_30.csv,Türkiye,180,180,720,0,0,0,0,0
AMod2_Day_2007_4.csv,China,1441,1441,5764,0,0,0,0,0
AMod2_Day_2007_4.csv,Türkiye,180,180,720,0,0,0,0,0
AMod2_Day_2007_5.csv,China,1441,1441,5764,0,0,0,0,0
AMod2_Day_2007_5.csv,Türkiye,180,180,720,0,0,0,0,0
AMod2_Day_2007_6.csv,China,1441,1441,5764,0,0,0,0,0
AMod2_Day_2007_6.csv,Türkiye,180,180,720,0,0,0,0,0
AMod2_Day_2007_7.csv,China,1441,1441,5764,0,0,0,0,0
AMod2_Day_2007_7.csv,Türkiye,180,180,720,0,0,0,0,0
AMod2_Day_2007_8.csv,China,1441,1441,5764,0,0,0,0,0
AMod2_Day_2007_8.csv,Türkiye,180,180,720,0,0,0,0,0
AMod2_Day_2007_9.csv,China,1441,1441,5764,0,0,0,0,0
AMod2_Day_2007_9.csv,Türkiye,180,180,720,0,0,0,0,0
AMod2_Day_2008_1.csv,China,1441,1441,5764,0,0,0,0,0
AMod2_Day_2008_1.csv,Türkiye,180,180,720,0,0,0,0,0
AMod2_Day_2008_10.csv,China,1441,1441,5764,0,0,0,0,0
AMod2_Day_2008_10.csv,Türkiye,180,180,720,0,0,0,0,0
AMod2_Day_2008_11.csv,China,1441,1441,5764,0,0,0,0,0
AMod2_Day_2008_11.csv,Türkiye,180,180,720,0,0,0,0,0
AMod2_Day_2008_12.csv,China,1441,1441,5764,0,0,0,0,0
AMod2_Day_2008_12.csv,Türkiye,180,180,720,0,0,0,0,0
AMod2_Day_2008_2.csv,China,1441,1441,5764,0,0,0,0,0
AMod2_Day_2008_2.csv,Türkiye,180,180,720,0,0,0,0,0
AMod2_Day_2008_21.csv,China,1441,1441,5764,0,0,0,0,0
AMod2_Day_2008_21.csv,Türkiye,180,180,720,0,0,0,0,0
AMod2_Day_2008_22.csv,China,1441,1441,5764,0,0,0,0,0
AMod2_Day_2008_22.csv,Türkiye,180,180,720,0,0,0,0,0
AMod2_Day_2008_23.csv,China,1441,1441,5764,0,0,0,0,0
AMod2_Day_2008_23.csv,Türkiye,180,180,720,0,0,0,0,0
AMod2_Day_2008_24.csv,China,1441,1441,5764,0,0,0,0,0
AMod2_Day_2008_24.csv,Türkiye,180,180,720,0,0,0,0,0
AMod2_Day_2008_3.csv,China,1441,1441,5764,0,0,0,0,0
AMod2_Day_2008_3.csv,Türkiye,180,180,720,0,0,0,0,0
AMod2_Day_2008_30.csv,China,1441,1441,5764,0,0,0,0,0
AMod2_Day_2008_30.csv,Türkiye,180,180,720,0,0,0,0,0
AMod2_Day_2008_4.csv,China,1441,1441,5764,0,0,0,0,0
AMod2_Day_2008_4.csv,Türkiye,180,180,720,0,0,0,0,0
AMod2_Day_2008_5.csv,China,1441,1441,5764,0,0,0,0,0
AMod2_Day_2008_5.csv,Türkiye,180,180,720,0,0,0,0,0
AMod2_Day_2008_6.csv,China,1441,1441,5764,0,0,0,0,0
AMod2_Day_2008_6.csv,Türkiye,180,180,720,0,0,0,0,0
AMod2_Day_2008_7.csv,China,1441,1441,5764,0,0,0,0,0
AMod2_Day_2008_7.csv,Türkiye,180,180,720,0,0,0,0,0
AMod2_Day_2008_8.csv,China,1441,1441,5764,0,0,0,0,0
AMod2_Day_2008_8.csv,Türkiye,180,180,720,0,0,0,0,0
AMod2_Day_2008_9.csv,China,1441,1441,5764,0,0,0,0,0
AMod2_Day_2008_9.csv,Türkiye,180,180,720,0,0,0,0,0
AMod2_Day_2009_1.csv,China,1441,1441,5764,0,0,0,0,0
AMod2_Day_2009_1.csv,Türkiye,180,180,720,0,0,0,0,0
AMod2_Day_2009_10.csv,China,1441,1441,5764,0,0,0,0,0
AMod2_Day_2009_10.csv,Türkiye,180,180,720,0,0,0,0,0
AMod2_Day_2009_11.csv,China,1441,1441,5764,0,0,0,0,0
AMod2_Day_2009_11.csv,Türkiye,180,180,720,0,0,0,0,0
AMod2_Day_2009_12.csv,China,1441,1441,5764,0,0,0,0,0
AMod2_Day_2009_12.csv,Türkiye,180,180,720,0,0,0,0,0
AMod2_Day_2009_2.csv,China,1441,1441,5764,0,0,0,0,0
AMod2_Day_2009_2.csv,Türkiye,180,180,720,0,0,0,0,0
AMod2_Day_2009_21.csv,China,1441,1441,5764,0,0,0,0,0
AMod2_Day_2009_21.csv,Türkiye,180,180,720,0,0,0,0,0
AMod2_Day_2009_22.csv,China,1441,1441,5764,0,0,0,0,0
AMod2_Day_2009_22.csv,Türkiye,180,180,720,0,0,0,0,0
AMod2_Day_2009_23.csv,China,1441,1441,5764,0,0,0,0,0
AMod2_Day_2009_23.csv,Türkiye,180,180,720,0,0,0,0,0
AMod2_Day_2009_24.csv,China,1441,1441,5764,0,0,0,0,0
AMod2_Day_2009_24.csv,Türkiye,180,180,720,0,0,0,0,0
AMod2_Day_2009_3.csv,China,1441,1441,5764,0,0,0,0,0
AMod2_Day_2009_3.csv,Türkiye,180,180,720,0,0,0,0,0
AMod2_Day_2009_30.csv,China,1441,1441,5764,0,0,0,0,0
AMod2_Day_2009_30.csv,Türkiye,180,180,720,0,0,0,0,0
AMod2_Day_2009_4.csv,China,1441,1441,5764,0,0,0,0,0
AMod2_Day_2009_4.csv,Türkiye,180,180,720,0,0,0,0,0
AMod2_Day_2009_5.csv,China,1441,1441,5764,0,0,0,0,0
AMod2_Day_2009_5.csv,Türkiye,180,180,720,0,0,0,0,0
AMod2_Day_2009_6.csv,China,1441,1441,5764,0,0,0,0,0
AMod2_Day_2009_6.csv,Türkiye,180,180,720,0,0,0,0,0
AMod2_Day_2009_7.csv,China,1441,1441,5764,0,0,0,0,0
AMod2_Day_2009_7.csv,Türkiye,180,180,720,0,0,0,0,0
AMod2_Day_2009_8.csv,China,1441,1441,5764,0,0,0,0,0
AMod2_Day_2009_8.csv,Türkiye,180,180,720,0,0,0,0,0
AMod2_Day_2009_9.csv,China,1441,1441,5764,0,0,0,0,0
AMod2_Day_2009_9.csv,Türkiye,180,180,720,0,0,0,0,0
AMod2_Day_2010_1.csv,China,1441,1441,5764,0,0,0,0,0
AMod2_Day_2010_1.csv,Türkiye,180,180,720,0,0,0,0,0
AMod2_Day_2010_10.csv,China,1441,1441,5764,0,0,0,0,0
AMod2_Day_2010_10.csv,Türkiye,180,180,720,0,0,0,0,0
AMod2_Day_2010_11.csv,China,1441,1441,5764,0,0,0,0,0
AMod2_Day_2010_11.csv,Türkiye,180,180,720,0,0,0,0,0
AMod2_Day_2010_12.csv,China,1441,1441,5764,0,0,0,0,0
AMod2_Day_2010_12.csv,Türkiye,180,180,720,0,0,0,0,0
AMod2_Day_2010_2.csv,China,1441,1441,5764,0,0,0,0,0
AMod2_Day_2010_2.csv,Türkiye,180,180,720,0,0,0,0,0
AMod2_Day_2010_21.csv,China,1441,1441,5764,0,0,0,0,0
AMod2_Day_2010_21.csv,Türkiye,180,180,720,0,0,0,0,0
AMod2_Day_2010_22.csv,China,1441,1441,5764,0,0,0,0,0
AMod2_Day_2010_22.csv,Türkiye,180,180,720,0,0,0,0,0
AMod2_Day_2010_23.csv,China,1441,1441,5764,0,0,0,0,0
AMod2_Day_2010_23.csv,Türkiye,180,180,720,0,0,0,0,0
AMod2_Day_2010_24.csv,China,1441,1441,5764,0,0,0,0,0
AMod2_Day_2010_24.csv,Türkiye,180,180,720,0,0,0,0,0
AMod2_Day_2010_3.csv,China,1441,1441,5764,0,0,0,0,0
AMod2_Day_2010_3.csv,Türkiye,180,180,720,0,0,0,0,0
AMod2_Day_2010_30.csv,China,1441,1441,5764,0,0,0,0,0
AMod2_Day_2010_30.csv,Türkiye,180,180,720,0,0,0,0,0
AMod2_Day_2010_4.csv,China,1441,1441,5764,0,0,0,0,0
AMod2_Day_2010_4.csv,Türkiye,180,180,720,0,0,0,0,0
AMod2_Day_2010_5.csv,China,1441,1441,5764,0,0,0,0,0
AMod2_Day_2010_5.csv,Türkiye,180,180,720,0,0,0,0,0
AMod2_Day_2010_6.csv,China,1441,1441,5764,0,0,0,0,0
AMod2_Day_2010_6.csv,Türkiye,180,180,720,0,0,0,0,0
AMod2_Day_2010_7.csv,China,1441,1441,5764,0,0,0,0,0
AMod2_Day_2010_7.csv,Türkiye,180,180,720,0,0,0,0,0
AMod2_Day_2010_8.csv,China,1441,1441,5764,0,0,0,0,0
AMod2_Day_2010_8.csv,Türkiye,180,180,720,0,0,0,0,0
AMod2_Day_2010_9.csv,China,1441,1441,5764,0,0,0,0,0
AMod2_Day_2010_9.csv,Türkiye,180,180,720,0,0,0,0,0
AMod2_Day_2011_1.csv,China,1441,1441,5764,0,0,0,0,0
AMod2_Day_2011_1.csv,Türkiye,180,180,720,0,0,0,0,0
AMod2_Day_2011_10.csv,China,1441,1441,5764,0,0,0,0,0
AMod2_Day_2011_10.csv,Türkiye,180,180,720,0,0,0,0,0
AMod2_Day_2011_11.csv,China,1441,1441,5764,0,0,0,0,0
AMod2_Day_2011_11.csv,Türkiye,180,180,720,0,0,0,0,0
AMod2_Day_2011_12.csv,China,1441,1441,5764,0,0,0,0,0
AMod2_Day_2011_12.csv,Türkiye,180,180,720,0,0,0,0,0
AMod2_Day_2011_2.csv,China,1441,1441,5764,0,0,0,0,0
AMod2_Day_2011_2.csv,Türkiye,180,180,720,0,0,0,0,0
AMod2_Day_2011_21.csv,China,1441,1441,5764,0,0,0,0,0
AMod2_Day_2011_21.csv,Türkiye,180,180,720,0,0,0,0,0
AMod2_Day_2011_22.csv,China,1441,1441,5764,0,0,0,0,0
AMod2_Day_2011_22.csv,Türkiye,180,180,720,0,0,0,0,0
AMod2_Day_2011_23.csv,China,1441,1441,5764,0,0,0,0,0
AMod2_Day_2011_23.csv,Türkiye,180,180,720,0,0,0,0,0
AMod2_Day_2011_24.csv,China,1441,1441,5764,0,0,0,0,0
AMod2_Day_2011_24.csv,Türkiye,180,180,720,0,0,0,0,0
AMod2_Day_2011_3.csv,China,1441,1441,5764,0,0,0,0,0
AMod2_Day_2011_3.csv,Türkiye,180,180,720,0,0,0,0,0
AMod2_Day_2011_30.csv,China,1441,1441,5764,0,0,0,0,0
AMod2_Day_2011_30.csv,Türkiye,180,180,720,0,0,0,0,0
AMod2_Day_2011_4.csv,China,1441,1441,5764,0,0,0,0,0
AMod2_Day_2011_4.csv,Türkiye,180,180,720,0,0,0,0,0
AMod2_Day_2011_5.csv,China,1441,1441,5764,0,0,0,0,0
AMod2_Day_2011_5.csv,Türkiye,180,180,720,0,0,0,0,0
AMod2_Day_2011_6.csv,China,1441,1441,5764,0,0,0,0,0
AMod2_Day_2011_6.csv,Türkiye,180,180,720,0,0,0,0,0
AMod2_Day_2011_7.csv,China,1441,1441,5764,0,0,0,0,0
AMod2_Day_2011_7.csv,Türkiye,180,180,720,0,0,0,0,0
AMod2_Day_2011_8.csv,China,1441,1441,5764,0,0,0,0,0
AMod2_Day_2011_8.csv,Türkiye,180,180,720,0,0,0,0,0
AMod2_Day_2011_9.csv,China,1441,1441,5764,0,0,0,0,0
AMod2_Day_2011_9.csv,Türkiye,180,180,720,0,0,0,0,0
AMod2_Day_2012_1.csv,China,1441,1441,5764,0,0,0,0,0
AMod2_Day_2012_1.csv,Türkiye,180,180,720,0,0,0,0,0
AMod2_Day_2012_10.csv,China,1441,1441,5764,0,0,0,0,0
AMod2_Day_2012_10.csv,Türkiye,180,180,720,0,0,0,0,0
AMod2_Day_2012_11.csv,China,1441,1441,5764,0,0,0,0,0
AMod2_Day_2012_11.csv,Türkiye,180,180,720,0,0,0,0,0
AMod2_Day_2012_12.csv,China,1441,1441,5764,0,0,0,0,0
AMod2_Day_2012_12.csv,Türkiye,180,180,720,0,0,0,0,0
AMod2_Day_2012_2.csv,China,1441,1441,5764,0,0,0,0,0
AMod2_Day_2012_2.csv,Türkiye,180,180,720,0,0,0,0,0
AMod2_Day_2012_21.csv,China,1441,1441,5764,0,0,0,0,0
AMod2_Day_2012_21.csv,Türkiye,180,180,720,0,0,0,0,0
AMod2_Day_2012_22.csv,China,1441,1441,5764,0,0,0,0,0
AMod2_Day_2012_22.csv,Türkiye,180,180,720,0,0,0,0,0
AMod2_Day_2012_23.csv,China,1441,1441,5764,0,0,0,0,0
AMod2_Day_2012_23.csv,Türkiye,180,180,720,0,0,0,0,0
AMod2_Day_2012_24.csv,China,1441,1441,5764,0,0,0,0,0
AMod2_Day_2012_24.csv,Türkiye,180,180,720,0,0,0,0,0
AMod2_Day_2012_3.csv,China,1441,1441,5764,0,0,0,0,0
AMod2_Day_2012_3.csv,Türkiye,180,180,720,0,0,0,0,0
AMod2_Day_2012_30.csv,China,1441,1441,5764,0,0,0,0,0
AMod2_Day_2012_30.csv,Türkiye,180,180,720,0,0,0,0,0
AMod2_Day_2012_4.csv,China,1441,1441,5764,0,0,0,0,0
AMod2_Day_2012_4.csv,Türkiye,180,180,720,0,0,0,0,0
AMod2_Day_2012_5.csv,China,1441,1441,5764,0,0,0,0,0
AMod2_Day_2012_5.csv,Türkiye,180,180,720,0,0,0,0,0
AMod2_Day_2012_6.csv,China,1441,1441,5764,0,0,0,0,0
AMod2_Day_2012_6.csv,Türkiye,180,180,720,0,0,0,0,0
AMod2_Day_2012_7.csv,China,1441,1441,5764,0,0,0,0,0
AMod2_Day_2012_7.csv,Türkiye,180,180,720,0,0,0,0,0
AMod2_Day_2012_8.csv,China,1441,1441,5764,0,0,0,0,0
AMod2_Day_2012_8.csv,Türkiye,180,180,720,0,0,0,0,0
AMod2_Day_2012_9.csv,China,1441,1441,5764,0,0,0,0,0
AMod2_Day_2012_9.csv,Türkiye,180,180,720,0,0,0,0,0
AMod2_Day_2013_1.csv,China,1441,1441,5764,0,0,0,0,0
AMod2_Day_2013_1.csv,Türkiye,180,180,720,0,0,0,0,0
AMod2_Day_2013_10.csv,China,1441,1441,5764,0,0,0,0,0
AMod2_Day_2013_10.csv,Türkiye,180,180,720,0,0,0,0,0
AMod2_Day_2013_11.csv,China,1441,1441,5764,0,0,0,0,0
AMod2_Day_2013_11.csv,Türkiye,180,180,720,0,0,0,0,0
AMod2_Day_2013_12.csv,China,1441,1441,5764,0,0,0,0,0
AMod2_Day_2013_12.csv,Türkiye,180,180,720,0,0,0,0,0
AMod2_Day_2013_2.csv,China,1441,1441,5764,0,0,0,0,0
AMod2_Day_2013_2.csv,Türkiye,180,180,720,0,0,0,0,0
AMod2_Day_2013_21.csv,China,1441,1441,5764,0,0,0,0,0
AMod2_Day_2013_21.csv,Türkiye,180,180,720,0,0,0,0,0
AMod2_Day_2013_22.csv,China,1441,1441,5764,0,0,0,0,0
AMod2_Day_2013_22.csv,Türkiye,180,180,720,0,0,0,0,0
AMod2_Day_2013_23.csv,China,1441,1441,5764,0,0,0,0,0
AMod2_Day_2013_23.csv,Türkiye,180,180,720,0,0,0,0,0
AMod2_Day_2013_24.csv,China,1441,1441,5764,0,0,0,0,0
AMod2_Day_2013_24.csv,Türkiye,180,180,720,0,0,0,0,0
AMod2_Day_2013_3.csv,China,1441,1441,5764,0,0,0,0,0
AMod2_Day_2013_3.csv,Türkiye,180,180,720,0,0,0,0,0
AMod2_Day_2013_30.csv,China,1441,1441,5764,0,0,0,0,0
AMod2_Day_2013_30.csv,Türkiye,180,180,720,0,0,0,0,0
AMod2_Day_2013_4.csv,China,1441,1441,5764,0,0,0,0,0
AMod2_Day_2013_4.csv,Türkiye,180,180,720,0,0,0,0,0
AMod2_Day_2013_5.csv,China,1441,1441,5764,0,0,0,0,0
AMod2_Day_2013_5.csv,Türkiye,180,180,720,0,0,0,0,0
AMod2_Day_2013_6.csv,China,1441,1441,5764,0,0,0,0,0
AMod2_Day_2013_6.csv,Türkiye,180,180,720,0,0,0,0,0
AMod2_Day_2013_7.csv,China,1441,1441,5764,0,0,0,0,0
AMod2_Day_2013_7.csv,Türkiye,180,180,720,0,0,0,0,0
AMod2_Day_2013_8.csv,China,1441,1441,5764,0,0,0,0,0
AMod2_Day_2013_8.csv,Türkiye,180,180,720,0,0,0,0,0
AMod2_Day_2013_9.csv,China,1441,1441,5764,0,0,0,0,0
AMod2_Day_2013_9.csv,Türkiye,180,180,720,0,0,0,0,0
AMod2_Day_2014_1.csv,China,1441,1441,5764,0,0,0,0,0
AMod2_Day_2014_1.csv,Türkiye,180,180,720,0,0,0,0,0
AMod2_Day_2014_10.csv,China,1441,1441,5764,0,0,0,0,0
AMod2_Day_2014_10.csv,Türkiye,180,180,720,0,0,0,0,0
AMod2_Day_2014_11.csv,China,1441,1441,5764,0,0,0,0,0
AMod2_Day_2014_11.csv,Türkiye,180,180,720,0,0,0,0,0
AMod2_Day_2014_12.csv,China,1441,1441,5764,0,0,0,0,0
AMod2_Day_2014_12.csv,Türkiye,180,180,720,0,0,0,0,0
AMod2_Day_2014_2.csv,China,1441,1441,5764,0,0,0,0,0
AMod2_Day_2014_2.csv,Türkiye,180,180,720,0,0,0,0,0
AMod2_Day_2014_21.csv,China,1441,1441,5764,0,0,0,0,0
AMod2_Day_2014_21.csv,Türkiye,180,180,720,0,0,0,0,0
AMod2_Day_2014_22.csv,China,1441,1441,5764,0,0,0,0,0
AMod2_Day_2014_22.csv,Türkiye,180,180,720,0,0,0,0,0
AMod2_Day_2014_23.csv,China,1441,1441,5764,0,0,0,0,0
AMod2_Day_2014_23.csv,Türkiye,180,180,720,0,0,0,0,0
AMod2_Day_2014_24.csv,China,1441,1441,5764,0,0,0,0,0
AMod2_Day_2014_24.csv,Türkiye,180,180,720,0,0,0,0,0
AMod2_Day_2014_3.csv,China,1441,1441,5764,0,0,0,0,0
AMod2_Day_2014_3.csv,Türkiye,180,180,720,0,0,0,0,0
AMod2_Day_2014_30.csv,China,1441,1441,5764,0,0,0,0,0
AMod2_Day_2014_30.csv,Türkiye,180,180,720,0,0,0,0,0
AMod2_Day_2014_4.csv,China,1441,1441,5764,0,0,0,0,0
AMod2_Day_2014_4.csv,Türkiye,180,180,720,0,0,0,0,0
AMod2_Day_2014_5.csv,China,1441,1441,5764,0,0,0,0,0
AMod2_Day_2014_5.csv,Türkiye,180,180,720,0,0,0,0,0
AMod2_Day_2014_6.csv,China,1441,1441,5764,0,0,0,0,0
AMod2_Day_2014_6.csv,Türkiye,180,180,720,0,0,0,0,0
AMod2_Day_2014_7.csv,China,1441,1441,5764,0,0,0,0,0
AMod2_Day_2014_7.csv,Türkiye,180,180,720,0,0,0,0,0
AMod2_Day_2014_8.csv,China,1441,1441,5764,0,0,0,0,0
AMod2_Day_2014_8.csv,Türkiye,180,180,720,0,0,0,0,0
AMod2_Day_2014_9.csv,China,1441,1441,5764,0,0,0,0,0
AMod2_Day_2014_9.csv,Türkiye,180,180,720,0,0,0,0,0
AMod2_Day_2015_1.csv,China,1441,1441,5764,0,0,0,0,0
AMod2_Day_2015_1.csv,Türkiye,180,180,720,0,0,0,0,0
AMod2_Day_2015_10.csv,China,1441,1441,5764,0,0,0,0,0
AMod2_Day_2015_10.csv,Türkiye,180,180,720,0,0,0,0,0
AMod2_Day_2015_11.csv,China,1441,1441,5764,0,0,0,0,0
AMod2_Day_2015_11.csv,Türkiye,180,180,720,0,0,0,0,0
AMod2_Day_2015_12.csv,China,1441,1441,5764,0,0,0,0,0
AMod2_Day_2015_12.csv,Türkiye,180,180,720,0,0,0,0,0
AMod2_Day_2015_2.csv,China,1441,1441,5764,0,0,0,0,0
AMod2_Day_2015_2.csv,Türkiye,180,180,720,0,0,0,0,0
AMod2_Day_2015_21.csv,China,1441,1441,5764,0,0,0,0,0
AMod2_Day_2015_21.csv,Türkiye,180,180,720,0,0,0,0,0
AMod2_Day_2015_22.csv,China,1441,1441,5764,0,0,0,0,0
AMod2_Day_2015_22.csv,Türkiye,180,180,720,0,0,0,0,0
AMod2_Day_2015_23.csv,China,1441,1441,5764,0,0,0,0,0
AMod2_Day_2015_23.csv,Türkiye,180,180,720,0,0,0,0,0
AMod2_Day_2015_24.csv,China,1441,1441,5764,0,0,0,0,0
AMod2_Day_2015_24.csv,Türkiye,180,180,720,0,0,0,0,0
AMod2_Day_2015_3.csv,China,1441,1441,5764,0,0,0,0,0
AMod2_Day_2015_3.csv,Türkiye,180,180,720,0,0,0,0,0
AMod2_Day_2015_30.csv,China,1441,1441,5764,0,0,0,0,0
AMod2_Day_2015_30.csv,Türkiye,180,180,720,0,0,0,0,0
AMod2_Day_2015_4.csv,China,1441,1441,5764,0,0,0,0,0
AMod2_Day_2015_4.csv,Türkiye,180,180,720,0,0,0,0,0
AMod2_Day_2015_5.csv,China,1441,1441,5764,0,0,0,0,0
AMod2_Day_2015_5.csv,Türkiye,180,180,720,0,0,0,0,0
AMod2_Day_2015_6.csv,China,1441,1441,5764,0,0,0,0,0
AMod2_Day_2015_6.csv,Türkiye,180,180,720,0,0,0,0,0
AMod2_Day_2015_7.csv,China,1441,1441,5764,0,0,0,0,0
AMod2_Day_2015_7.csv,Türkiye,180,180,720,0,0,0,0,0
AMod2_Day_2015_8.csv,China,1441,1441,5764,0,0,0,0,0
AMod2_Day_2015_8.csv,Türkiye,180,180,720,0,0,0,0,0
AMod2_Day_2015_9.csv,China,1441,1441,5764,0,0,0,0,0
AMod2_Day_2015_9.csv,Türkiye,180,180,720,0,0,0,0,0
AMod2_Day_2016_1.csv,China,1441,1441,5764,0,0,0,0,0
AMod2_Day_2016_1.csv,Türkiye,180,180,720,0,0,0,0,0
AMod2_Day_2016_10.csv,China,1441,1441,5764,0,0,0,0,0
AMod2_Day_2016_10.csv,Türkiye,180,180,720,0,0,0,0,0
AMod2_Day_2016_11.csv,China,1441,1441,5764,0,0,0,0,0
AMod2_Day_2016_11.csv,Türkiye,180,180,720,0,0,0,0,0
AMod2_Day_2016_12.csv,China,1441,1441,5764,0,0,0,0,0
AMod2_Day_2016_12.csv,Türkiye,180,180,720,0,0,0,0,0
AMod2_Day_2016_2.csv,China,1441,1441,5764,0,0,0,0,0
AMod2_Day_2016_2.csv,Türkiye,180,180,720,0,0,0,0,0
AMod2_Day_2016_21.csv,China,1441,1441,5764,0,0,0,0,0
AMod2_Day_2016_21.csv,Türkiye,180,180,720,0,0,0,0,0
AMod2_Day_2016_22.csv,China,1441,1441,5764,0,0,0,0,0
AMod2_Day_2016_22.csv,Türkiye,180,180,720,0,0,0,0,0
AMod2_Day_2016_23.csv,China,1441,1441,5764,0,0,0,0,0
AMod2_Day_2016_23.csv,Türkiye,180,180,720,0,0,0,0,0
AMod2_Day_2016_24.csv,China,1441,1441,5764,0,0,0,0,0
AMod2_Day_2016_24.csv,Türkiye,180,180,720,0,0,0,0,0
AMod2_Day_2016_3.csv,China,1441,1441,5764,0,0,0,0,0
AMod2_Day_2016_3.csv,Türkiye,180,180,720,0,0,0,0,0
AMod2_Day_2016_30.csv,China,1441,1441,5764,0,0,0,0,0
AMod2_Day_2016_30.csv,Türkiye,180,180,720,0,0,0,0,0
AMod2_Day_2016_4.csv,China,1441,1441,5764,0,0,0,0,0
AMod2_Day_2016_4.csv,Türkiye,180,180,720,0,0,0,0,0
AMod2_Day_2016_5.csv,China,1441,1441,5764,0,0,0,0,0
AMod2_Day_2016_5.csv,Türkiye,180,180,720,0,0,0,0,0
AMod2_Day_2016_6.csv,China,1441,1441,5764,0,0,0,0,0
AMod2_Day_2016_6.csv,Türkiye,180,180,720,0,0,0,0,0
AMod2_Day_2016_7.csv,China,1441,1441,5764,0,0,0,0,0
AMod2_Day_2016_7.csv,Türkiye,180,180,720,0,0,0,0,0
AMod2_Day_2016_8.csv,China,1441,1441,5764,0,0,0,0,0
AMod2_Day_2016_8.csv,Türkiye,180,180,720,0,0,0,0,0
AMod2_Day_2016_9.csv,China,1441,1441,5764,0,0,0,0,0
AMod2_Day_2016_9.csv,Türkiye,180,180,720,0,0,0,0,0
AMod2_Day_2017_1.csv,China,1441,1441,5764,0,0,0,0,0
AMod2_Day_2017_1.csv,Türkiye,180,180,720,0,0,0,0,0
AMod2_Day_2017_10.csv,China,1441,1441,5764,0,0,0,0,0
AMod2_Day_2017_10.csv,Türkiye,180,180,720,0,0,0,0,0
AMod2_Day_2017_11.csv,China,1441,1441,5764,0,0,0,0,0
AMod2_Day_2017_11.csv,Türkiye,180,180,720,0,0,0,0,0
AMod2_Day_2017_12.csv,China,1441,1441,5764,0,0,0,0,0
AMod2_Day_2017_12.csv,Türkiye,180,180,720,0,0,0,0,0
AMod2_Day_2017_2.csv,China,1441,1441,5764,0,0,0,0,0
AMod2_Day_2017_2.csv,Türkiye,180,180,720,0,0,0,0,0
AMod2_Day_2017_21.csv,China,1441,1441,5764,0,0,0,0,0
AMod2_Day_2017_21.csv,Türkiye,180,180,720,0,0,0,0,0
AMod2_Day_2017_22.csv,China,1441,1441,5764,0,0,0,0,0
AMod2_Day_2017_22.csv,Türkiye,180,180,720,0,0,0,0,0
AMod2_Day_2017_23.csv,China,1441,1441,5764,0,0,0,0,0
AMod2_Day_2017_23.csv,Türkiye,180,180,720,0,0,0,0,0
AMod2_Day_2017_24.csv,China,1441,1441,5764,0,0,0,0,0
AMod2_Day_2017_24.csv,Türkiye,180,180,720,0,0,0,0,0
AMod2_Day_2017_3.csv,China,1441,1441,5764,0,0,0,0,0
AMod2_Day_2017_3.csv,Türkiye,180,180,720,0,0,0,0,0
AMod2_Day_2017_30.csv,China,1441,1441,5764,0,0,0,0,0
AMod2_Day_2017_30.csv,Türkiye,180,180,720,0,0,0,0,0
AMod2_Day_2017_4.csv,China,1441,1441,5764,0,0,0,0,0
AMod2_Day_2017_4.csv,Türkiye,180,180,720,0,0,0,0,0
AMod2_Day_2017_5.csv,China,1441,1441,5764,0,0,0,0,0
AMod2_Day_2017_5.csv,Türkiye,180,180,720,0,0,0,0,0
AMod2_Day_2017_6.csv,China,1441,1441,5764,0,0,0,0,0
AMod2_Day_2017_6.csv,Türkiye,180,180,720,0,0,0,0,0
AMod2_Day_2017_7.csv,China,1441,1441,5764,0,0,0,0,0
AMod2_Day_2017_7.csv,Türkiye,180,180,720,0,0,0,0,0
AMod2_Day_2017_8.csv,China,1441,1441,5764,0,0,0,0,0
AMod2_Day_2017_8.csv,Türkiye,180,180,720,0,0,0,0,0
AMod2_Day_2017_9.csv,China,1441,1441,5764,0,0,0,0,0
AMod2_Day_2017_9.csv,Türkiye,180,180,720,0,0,0,0,0
AMod2_Day_2018_1.csv,China,1441,1441,5764,0,0,0,0,0
AMod2_Day_2018_1.csv,Türkiye,180,180,720,0,0,0,0,0
AMod2_Day_2018_10.csv,China,1441,1441,5764,0,0,0,0,0
AMod2_Day_2018_10.csv,Türkiye,180,180,720,0,0,0,0,0
AMod2_Day_2018_11.csv,China,1441,1441,5764,0,0,0,0,0
AMod2_Day_2018_11.csv,Türkiye,180,180,720,0,0,0,0,0
AMod2_Day_2018_12.csv,China,1441,1441,5764,0,0,0,0,0
AMod2_Day_2018_12.csv,Türkiye,180,180,720,0,0,0,0,0
AMod2_Day_2018_2.csv,China,1441,1441,5764,0,0,0,0,0
AMod2_Day_2018_2.csv,Türkiye,180,180,720,0,0,0,0,0
AMod2_Day_2018_21.csv,China,1441,1441,5764,0,0,0,0,0
AMod2_Day_2018_21.csv,Türkiye,180,180,720,0,0,0,0,0
AMod2_Day_2018_22.csv,China,1441,1441,5764,0,0,0,0,0
AMod2_Day_2018_22.csv,Türkiye,180,180,720,0,0,0,0,0
AMod2_Day_2018_23.csv,China,1441,1441,5764,0,0,0,0,0
AMod2_Day_2018_23.csv,Türkiye,180,180,720,0,0,0,0,0
AMod2_Day_2018_24.csv,China,1441,1441,5764,0,0,0,0,0
AMod2_Day_2018_24.csv,Türkiye,180,180,720,0,0,0,0,0
AMod2_Day_2018_3.csv,China,1441,1441,5764,0,0,0,0,0
AMod2_Day_2018_3.csv,Türkiye,180,180,720,0,0,0,0,0
AMod2_Day_2018_30.csv,China,1441,1441,5764,0,0,0,0,0
AMod2_Day_2018_30.csv,Türkiye,180,180,720,0,0,0,0,0
AMod2_Day_2018_4.csv,China,1441,1441,5764,0,0,0,0,0
AMod2_Day_2018_4.csv,Türkiye,180,180,720,0,0,0,0,0
AMod2_Day_2018_5.csv,China,1441,1441,5764,0,0,0,0,0
AMod2_Day_2018_5.csv,Türkiye,180,180,720,0,0,0,0,0
AMod2_Day_2018_6.csv,China,1441,1441,5764,0,0,0,0,0
AMod2_Day_2018_6.csv,Türkiye,180,180,720,0,0,0,0,0
AMod2_Day_2018_7.csv,China,1441,1441,5764,0,0,0,0,0
AMod2_Day_2018_7.csv,Türkiye,180,180,720,0,0,0,0,0
AMod2_Day_2018_8.csv,China,1441,1441,5764,0,0,0,0,0
AMod2_Day_2018_8.csv,Türkiye,180,180,720,0,0,0,0,0
AMod2_Day_2018_9.csv,China,1441,1441,5764,0,0,0,0,0
AMod2_Day_2018_9.csv,Türkiye,180,180,720,0,0,0,0,0
AMod2_Day_2019_1.csv,China,1441,1441,5764,0,0,0,0,0
AMod2_Day_2019_1.csv,Türkiye,180,180,720,0,0,0,0,0
AMod2_Day_2019_10.csv,China,1441,1441,5764,0,0,0,0,0
AMod2_Day_2019_10.csv,Türkiye,180,180,720,0,0,0,0,0
AMod2_Day_2019_11.csv,China,1441,1441,5764,0,0,0,0,0
AMod2_Day_2019_11.csv,Türkiye,180,180,720,0,0,0,0,0
AMod2_Day_2019_12.csv,China,1441,1441,5764,0,0,0,0,0
AMod2_Day_2019_12.csv,Türkiye,180,180,720,0,0,0,0,0
AMod2_Day_2019_2.csv,China,1441,1441,5764,0,0,0,0,0
AMod2_Day_2019_2.csv,Türkiye,180,180,720,0,0,0,0,0
AMod2_Day_2019_21.csv,China,1441,1441,5764,0,0,0,0,0
AMod2_Day_2019_21.csv,Türkiye,180,180,720,0,0,0,0,0
AMod2_Day_2019_22.csv,China,1441,1441,5764,0,0,0,0,0
AMod2_Day_2019_22.csv,Türkiye,180,180,720,0,0,0,0,0
AMod2_Day_2019_23.csv,China,1441,1441,5764,0,0,0,0,0
AMod2_Day_2019_23.csv,Türkiye,180,180,720,0,0,0,0,0
AMod2_Day_2019_24.csv,China,1441,1441,5764,0,0,0,0,0
AMod2_Day_2019_24.csv,Türkiye,180,180,720,0,0,0,0,0
AMod2_Day_2019_3.csv,China,1441,1441,5764,0,0,0,0,0
AMod2_Day_2019_3.csv,Türkiye,180,180,720,0,0,0,0,0
AMod2_Day_2019_30.csv,China,1441,1441,5764,0,0,0,0,0
AMod2_Day_2019_30.csv,Türkiye,180,180,720,0,0,0,0,0
AMod2_Day_2019_4.csv,China,1441,1441,5764,0,0,0,0,0
AMod2_Day_2019_4.csv,Türkiye,180,180,720,0,0,0,0,0
AMod2_Day_2019_5.csv,China,1441,1441,5764,0,0,0,0,0
AMod2_Day_2019_5.csv,Türkiye,180,180,720,0,0,0,0,0
AMod2_Day_2019_6.csv,China,1441,1441,5764,0,0,0,0,0
AMod2_Day_2019_6.csv,Türkiye,180,180,720,0,0,0,0,0
AMod2_Day_2019_7.csv,China,1441,1441,5764,0,0,0,0,0
AMod2_Day_2019_7.csv,Türkiye,180,180,720,0,0,0,0,0
AMod2_Day_2019_8.csv,China,1441,1441,5764,0,0,0,0,0
AMod2_Day_2019_8.csv,Türkiye,180,180,720,0,0,0,0,0
AMod2_Day_2019_9.csv,China,1441,1441,5764,0,0,0,0,0
AMod2_Day_2019_9.csv,Türkiye,180,180,720,0,0,0,0,0
AMod2_Day_2020_1.csv,China,1441,1441,5764,0,0,0,0,0
AMod2_Day_2020_1.csv,Türkiye,180,180,720,0,0,0,0,0
AMod2_Day_2020_10.csv,China,1441,1441,5764,0,0,0,0,0
AMod2_Day_2020_10.csv,Türkiye,180,180,720,0,0,0,0,0
AMod2_Day_2020_11.csv,China,1441,1441,5764,0,0,0,0,0
AMod2_Day_2020_11.csv,Türkiye,180,180,720,0,0,0,0,0
AMod2_Day_2020_12.csv,China,1441,1441,5764,0,0,0,0,0
AMod2_Day_2020_12.csv,Türkiye,180,180,720,0,0,0,0,0
AMod2_Day_2020_2.csv,China,1441,1441,5764,0,0,0,0,0
AMod2_Day_2020_2.csv,Türkiye,180,180,720,0,0,0,0,0
AMod2_Day_2020_21.csv,China,1441,1441,5764,0,0,0,0,0
AMod2_Day_2020_21.csv,Türkiye,180,180,720,0,0,0,0,0
AMod2_Day_2020_22.csv,China,1441,1441,5764,0,0,0,0,0
AMod2_Day_2020_22.csv,Türkiye,180,180,720,0,0,0,0,0
AMod2_Day_2020_23.csv,China,1441,1441,5764,0,0,0,0,0
AMod2_Day_2020_23.csv,Türkiye,180,180,720,0,0,0,0,0
AMod2_Day_2020_24.csv,China,1441,1441,5764,0,0,0,0,0
AMod2_Day_2020_24.csv,Türkiye,180,180,720,0,0,0,0,0
AMod2_Day_2020_3.csv,China,1441,1441,5764,0,0,0,0,0
AMod2_Day_2020_3.csv,Türkiye,180,180,720,0,0,0,0,0
AMod2_Day_2020_30.csv,China,1441,1441,5764,0,0,0,0,0
AMod2_Day_2020_30.csv,Türkiye,180,180,720,0,0,0,0,0
AMod2_Day_2020_4.csv,China,1441,1441,5764,0,0,0,0,0
AMod2_Day_2020_4.csv,Türkiye,180,180,720,0,0,0,0,0
AMod2_Day_2020_5.csv,China,1441,1441,5764,0,0,0,0,0
AMod2_Day_2020_5.csv,Türkiye,180,180,720,0,0,0,0,0
AMod2_Day_2020_6.csv,China,1441,1441,5764,0,0,0,0,0
AMod2_Day_2020_6.csv,Türkiye,180,180,720,0,0,0,0,0
AMod2_Day_2020_7.csv,China,1441,1441,5764,0,0,0,0,0
AMod2_Day_2020_7.csv,Türkiye,180,180,720,0,0,0,0,0
AMod2_Day_2020_8.csv,China,1441,1441,5764,0,0,0,0,0
AMod2_Day_2020_8.csv,Türkiye,180,180,720,0,0,0,0,0
AMod2_Day_2020_9.csv,China,1441,1441,5764,0,0,0,0,0
AMod2_Day_2020_9.csv,Türkiye,180,180,720,0,0,0,0,0
AMod2_Nig_2001_1.csv,China,1441,1441,5764,0,0,0,0,0
AMod2_Nig_2001_1.csv,Türkiye,180,180,720,0,0,0,0,0
AMod2_Nig_2001_10.csv,China,1441,1441,5764,0,0,0,0,0
AMod2_Nig_2001_10.csv,Türkiye,180,180,720,0,0,0,0,0
AMod2_Nig_2001_11.csv,China,1441,1441,5764,0,0,0,0,0
AMod2_Nig_2001_11.csv,Türkiye,180,180,720,0,0,0,0,0
AMod2_Nig_2001_12.csv,China,1441,1441,5764,0,0,0,0,0
AMod2_Nig_2001_12.csv,Türkiye,180,180,720,0,0,0,0,0
AMod2_Nig_2001_2.csv,China,1441,1441,5764,0,0,0,0,0
AMod2_Nig_2001_2.csv,Türkiye,180,180,720,0,0,0,0,0
AMod2_Nig_2001_21.csv,China,1441,1441,5764,0,0,0,0,0
AMod2_Nig_2001_21.csv,Türkiye,180,180,720,0,0,0,0,0
AMod2_Nig_2001_22.csv,China,1441,1441,5764,0,0,0,0,0
AMod2_Nig_2001_22.csv,Türkiye,180,180,720,0,0,0,0,0
AMod2_Nig_2001_23.csv,China,1441,1441,5764,0,0,0,0,0
AMod2_Nig_2001_23.csv,Türkiye,180,180,720,0,0,0,0,0
AMod2_Nig_2001_24.csv,China,1441,1441,5764,0,0,0,0,0
AMod2_Nig_2001_24.csv,Türkiye,180,180,720,0,0,0,0,0
AMod2_Nig_2001_3.csv,China,1441,1441,5764,0,0,0,0,0
AMod2_Nig_2001_3.csv,Türkiye,180,180,720,0,0,0,0,0
AMod2_Nig_2001_30.csv,China,1441,1441,5764,0,0,0,0,0
AMod2_Nig_2001_30.csv,Türkiye,180,180,720,0,0,0,0,0
AMod2_Nig_2001_4.csv,China,1441,1441,5764,0,0,0,0,0
AMod2_Nig_2001_4.csv,Türkiye,180,180,720,0,0,0,0,0
AMod2_Nig_2001_5.csv,China,1441,1441,5764,0,0,0,0,0
AMod2_Nig_2001_5.csv,Türkiye,180,180,720,0,0,0,0,0
AMod2_Nig_2001_6.csv,China,1441,1441,5764,0,0,0,0,0
AMod2_Nig_2001_6.csv,Türkiye,180,180,720,0,0,0,0,0
AMod2_Nig_2001_7.csv,China,1441,1441,5764,0,0,0,0,0
AMod2_Nig_2001_7.csv,Türkiye,180,180,720,0,0,0,0,0
AMod2_Nig_2001_8.csv,China,1441,1441,5764,0,0,0,0,0
AMod2_Nig_2001_8.csv,Türkiye,180,180,720,0,0,0,0,0
AMod2_Nig_2001_9.csv,China,1441,1441,5764,0,0,0,0,0
AMod2_Nig_2001_9.csv,Türkiye,180,180,720,0,0,0,0,0
AMod2_Nig_2002_1.csv,China,1441,1441,5764,0,0,0,0,0
AMod2_Nig_2002_1.csv,Türkiye,180,180,720,0,0,0,0,0
AMod2_Nig_2002_10.csv,China,1441,1441,5764,0,0,0,0,0
AMod2_Nig_2002_10.csv,Türkiye,180,180,720,0,0,0,0,0
AMod2_Nig_2002_11.csv,China,1441,1441,5764,0,0,0,0,0
AMod2_Nig_2002_11.csv,Türkiye,180,180,720,0,0,0,0,0
AMod2_Nig_2002_12.csv,China,1441,1441,5764,0,0,0,0,0
AMod2_Nig_2002_12.csv,Türkiye,180,180,720,0,0,0,0,0
AMod2_Nig_2002_2.csv,China,1441,1441,5764,0,0,0,0,0
AMod2_Nig_2002_2.csv,Türkiye,180,180,720,0,0,0,0,0
AMod2_Nig_2002_21.csv,China,1441,1441,5764,0,0,0,0,0
AMod2_Nig_2002_21.csv,Türkiye,180,180,720,0,0,0,0,0
AMod2_Nig_2002_22.csv,China,1441,1441,5764,0,0,0,0,0
AMod2_Nig_2002_22.csv,Türkiye,180,180,720,0,0,0,0,0
AMod2_Nig_2002_23.csv,China,1441,1441,5764,0,0,0,0,0
AMod2_Nig_2002_23.csv,Türkiye,180,180,720,0,0,0,0,0
AMod2_Nig_2002_24.csv,China,1441,1441,5764,0,0,0,0,0
AMod2_Nig_2002_24.csv,Türkiye,180,180,720,0,0,0,0,0
AMod2_Nig_2002_3.csv,China,1441,1441,5764,0,0,0,0,0
AMod2_Nig_2002_3.csv,Türkiye,180,180,720,0,0,0,0,0
AMod2_Nig_2002_30.csv,China,1441,1441,5764,0,0,0,0,0
AMod2_Nig_2002_30.csv,Türkiye,180,180,720,0,0,0,0,0
AMod2_Nig_2002_4.csv,China,1441,1441,5764,0,0,0,0,0
AMod2_Nig_2002_4.csv,Türkiye,180,180,720,0,0,0,0,0
AMod2_Nig_2002_5.csv,China,1441,1441,5764,0,0,0,0,0
AMod2_Nig_2002_5.csv,Türkiye,180,180,720,0,0,0,0,0
AMod2_Nig_2002_6.csv,China,1441,1441,5764,0,0,0,0,0
AMod2_Nig_2002_6.csv,Türkiye,180,180,720,0,0,0,0,0
AMod2_Nig_2002_7.csv,China,1441,1441,5764,0,0,0,0,0
AMod2_Nig_2002_7.csv,Türkiye,180,180,720,0,0,0,0,0
AMod2_Nig_2002_8.csv,China,1441,1441,5764,0,0,0,0,0
AMod2_Nig_2002_8.csv,Türkiye,180,180,720,0,0,0,0,0
AMod2_Nig_2002_9.csv,China,1441,1441,5764,0,0,0,0,0
AMod2_Nig_2002_9.csv,Türkiye,180,180,720,0,0,0,0,0
AMod2_Nig_2003_1.csv,China,1441,1441,5764,0,0,0,0,0
AMod2_Nig_2003_1.csv,Türkiye,180,180,720,0,0,0,0,0
AMod2_Nig_2003_10.csv,China,1441,1441,5764,0,0,0,0,0
AMod2_Nig_2003_10.csv,Türkiye,180,180,720,0,0,0,0,0
AMod2_Nig_2003_11.csv,China,1441,1441,5764,0,0,0,0,0
AMod2_Nig_2003_11.csv,Türkiye,180,180,720,0,0,0,0,0
AMod2_Nig_2003_12.csv,China,1441,1441,5764,0,0,0,0,0
AMod2_Nig_2003_12.csv,Türkiye,180,180,720,0,0,0,0,0
AMod2_Nig_2003_2.csv,China,1441,1441,5764,0,0,0,0,0
AMod2_Nig_2003_2.csv,Türkiye,180,180,720,0,0,0,0,0
AMod2_Nig_2003_21.csv,China,1441,1441,5764,0,0,0,0,0
AMod2_Nig_2003_21.csv,Türkiye,180,180,720,0,0,0,0,0
AMod2_Nig_2003_22.csv,China,1441,1441,5764,0,0,0,0,0
AMod2_Nig_2003_22.csv,Türkiye,180,180,720,0,0,0,0,0
AMod2_Nig_2003_23.csv,China,1441,1441,5764,0,0,0,0,0
AMod2_Nig_2003_23.csv,Türkiye,180,180,720,0,0,0,0,0
AMod2_Nig_2003_24.csv,China,1441,1441,5764,0,0,0,0,0
AMod2_Nig_2003_24.csv,Türkiye,180,180,720,0,0,0,0,0
AMod2_Nig_2003_3.csv,China,1441,1441,5764,0,0,0,0,0
AMod2_Nig_2003_3.csv,Türkiye,180,180,720,0,0,0,0,0
AMod2_Nig_2003_30.csv,China,1441,1441,5764,0,0,0,0,0
AMod2_Nig_2003_30.csv,Türkiye,180,180,720,0,0,0,0,0
AMod2_Nig_2003_4.csv,China,1441,1441,5764,0,0,0,0,0
AMod2_Nig_2003_4.csv,Türkiye,180,180,720,0,0,0,0,0
AMod2_Nig_2003_5.csv,China,1441,1441,5764,0,0,0,0,0
AMod2_Nig_2003_5.csv,Türkiye,180,180,720,0,0,0,0,0
AMod2_Nig_2003_6.csv,China,1441,1441,5764,0,0,0,0,0
AMod2_Nig_2003_6.csv,Türkiye,180,180,720,0,0,0,0,0
AMod2_Nig_2003_7.csv,China,1441,1441,5764,0,0,0,0,0
AMod2_Nig_2003_7.csv,Türkiye,180,180,720,0,0,0,0,0
AMod2_Nig_2003_8.csv,China,1441,1441,5764,0,0,0,0,0
AMod2_Nig_2003_8.csv,Türkiye,180,180,720,0,0,0,0,0
AMod2_Nig_2003_9.csv,China,1441,1441,5764,0,0,0,0,0
AMod2_Nig_2003_9.csv,Türkiye,180,180,720,0,0,0,0,0
AMod2_Nig_2004_1.csv,China,1441,1441,5764,0,0,0,0,0
AMod2_Nig_2004_1.csv,Türkiye,180,180,720,0,0,0,0,0
AMod2_Nig_2004_10.csv,China,1441,1441,5764,0,0,0,0,0
AMod2_Nig_2004_10.csv,Türkiye,180,180,720,0,0,0,0,0
AMod2_Nig_2004_11.csv,China,1441,1441,5764,0,0,0,0,0
AMod2_Nig_2004_11.csv,Türkiye,180,180,720,0,0,0,0,0
AMod2_Nig_2004_12.csv,China,1441,1441,5764,0,0,0,0,0
AMod2_Nig_2004_12.csv,Türkiye,180,180,720,0,0,0,0,0
AMod2_Nig_2004_2.csv,China,1441,1441,5764,0,0,0,0,0
AMod2_Nig_2004_2.csv,Türkiye,180,180,720,0,0,0,0,0
AMod2_Nig_2004_21.csv,China,1441,1441,5764,0,0,0,0,0
AMod2_Nig_2004_21.csv,Türkiye,180,180,720,0,0,0,0,0
AMod2_Nig_2004_22.csv,China,1441,1441,5764,0,0,0,0,0
AMod2_Nig_2004_22.csv,Türkiye,180,180,720,0,0,0,0,0
AMod2_Nig_2004_23.csv,China,1441,1441,5764,0,0,0,0,0
AMod2_Nig_2004_23.csv,Türkiye,180,180,720,0,0,0,0,0
AMod2_Nig_2004_24.csv,China,1441,1441,5764,0,0,0,0,0
AMod2_Nig_2004_24.csv,Türkiye,180,180,720,0,0,0,0,0
AMod2_Nig_2004_3.csv,China,1441,1441,5764,0,0,0,0,0
AMod2_Nig_2004_3.csv,Türkiye,180,180,720,0,0,0,0,0
AMod2_Nig_2004_30.csv,China,1441,1441,5764,0,0,0,0,0
AMod2_Nig_2004_30.csv,Türkiye,180,180,720,0,0,0,0,0
AMod2_Nig_2004_4.csv,China,1441,1441,5764,0,0,0,0,0
AMod2_Nig_2004_4.csv,Türkiye,180,180,720,0,0,0,0,0
AMod2_Nig_2004_5.csv,China,1441,1441,5764,0,0,0,0,0
AMod2_Nig_2004_5.csv,Türkiye,180,180,720,0,0,0,0,0
AMod2_Nig_2004_6.csv,China,1441,1441,5764,0,0,0,0,0
AMod2_Nig_2004_6.csv,Türkiye,180,180,720,0,0,0,0,0
AMod2_Nig_2004_7.csv,China,1441,1441,5764,0,0,0,0,0
AMod2_Nig_2004_7.csv,Türkiye,180,180,720,0,0,0,0,0
AMod2_Nig_2004_8.csv,China,1441,1441,5764,0,0,0,0,0
AMod2_Nig_2004_8.csv,Türkiye,180,180,720,0,0,0,0,0
AMod2_Nig_2004_9.csv,China,1441,1441,5764,0,0,0,0,0
AMod2_Nig_2004_9.csv,Türkiye,180,180,720,0,0,0,0,0
AMod2_Nig_2005_1.csv,China,1441,1441,5764,0,0,0,0,0
AMod2_Nig_2005_1.csv,Türkiye,180,180,720,0,0,0,0,0
AMod2_Nig_2005_10.csv,China,1441,1441,5764,0,0,0,0,0
AMod2_Nig_2005_10.csv,Türkiye,180,180,720,0,0,0,0,0
AMod2_Nig_2005_11.csv,China,1441,1441,5764,0,0,0,0,0
AMod2_Nig_2005_11.csv,Türkiye,180,180,720,0,0,0,0,0
AMod2_Nig_2005_12.csv,China,1441,1441,5764,0,0,0,0,0
AMod2_Nig_2005_12.csv,Türkiye,180,180,720,0,0,0,0,0
AMod2_Nig_2005_2.csv,China,1441,1441,5764,0,0,0,0,0
AMod2_Nig_2005_2.csv,Türkiye,180,180,720,0,0,0,0,0
AMod2_Nig_2005_21.csv,China,1441,1441,5764,0,0,0,0,0
AMod2_Nig_2005_21.csv,Türkiye,180,180,720,0,0,0,0,0
AMod2_Nig_2005_22.csv,China,1441,1441,5764,0,0,0,0,0
AMod2_Nig_2005_22.csv,Türkiye,180,180,720,0,0,0,0,0
AMod2_Nig_2005_23.csv,China,1441,1441,5764,0,0,0,0,0
AMod2_Nig_2005_23.csv,Türkiye,180,180,720,0,0,0,0,0
AMod2_Nig_2005_24.csv,China,1441,1441,5764,0,0,0,0,0
AMod2_Nig_2005_24.csv,Türkiye,180,180,720,0,0,0,0,0
AMod2_Nig_2005_3.csv,China,1441,1441,5764,0,0,0,0,0
AMod2_Nig_2005_3.csv,Türkiye,180,180,720,0,0,0,0,0
AMod2_Nig_2005_30.csv,China,1441,1441,5764,0,0,0,0,0
AMod2_Nig_2005_30.csv,Türkiye,180,180,720,0,0,0,0,0
AMod2_Nig_2005_4.csv,China,1441,1441,5764,0,0,0,0,0
AMod2_Nig_2005_4.csv,Türkiye,180,180,720,0,0,0,0,0
AMod2_Nig_2005_5.csv,China,1441,1441,5764,0,0,0,0,0
AMod2_Nig_2005_5.csv,Türkiye,180,180,720,0,0,0,0,0
AMod2_Nig_2005_6.csv,China,1441,1441,5764,0,0,0,0,0
AMod2_Nig_2005_6.csv,Türkiye,180,180,720,0,0,0,0,0
AMod2_Nig_2005_7.csv,China,1441,1441,5764,0,0,0,0,0
AMod2_Nig_2005_7.csv,Türkiye,180,180,720,0,0,0,0,0
AMod2_Nig_2005_8.csv,China,1441,1441,5764,0,0,0,0,0
AMod2_Nig_2005_8.csv,Türkiye,180,180,720,0,0,0,0,0
AMod2_Nig_2005_9.csv,China,1441,1441,5764,0,0,0,0,0
AMod2_Nig_2005_9.csv,Türkiye,180,180,720,0,0,0,0,0
AMod2_Nig_2006_1.csv,China,1441,1441,5764,0,0,0,0,0
AMod2_Nig_2006_1.csv,Türkiye,180,180,720,0,0,0,0,0
AMod2_Nig_2006_10.csv,China,1441,1441,5764,0,0,0,0,0
AMod2_Nig_2006_10.csv,Türkiye,180,180,720,0,0,0,0,0
AMod2_Nig_2006_11.csv,China,1441,1441,5764,0,0,0,0,0
AMod2_Nig_2006_11.csv,Türkiye,180,180,720,0,0,0,0,0
AMod2_Nig_2006_12.csv,China,1441,1441,5764,0,0,0,0,0
AMod2_Nig_2006_12.csv,Türkiye,180,180,720,0,0,0,0,0
AMod2_Nig_2006_2.csv,China,1441,1441,5764,0,0,0,0,0
AMod2_Nig_2006_2.csv,Türkiye,180,180,720,0,0,0,0,0
AMod2_Nig_2006_21.csv,China,1441,1441,5764,0,0,0,0,0
AMod2_Nig_2006_21.csv,Türkiye,180,180,720,0,0,0,0,0
AMod2_Nig_2006_22.csv,China,1441,1441,5764,0,0,0,0,0
AMod2_Nig_2006_22.csv,Türkiye,180,180,720,0,0,0,0,0
AMod2_Nig_2006_23.csv,China,1441,1441,5764,0,0,0,0,0
AMod2_Nig_2006_23.csv,Türkiye,180,180,720,0,0,0,0,0
AMod2_Nig_2006_24.csv,China,1441,1441,5764,0,0,0,0,0
AMod2_Nig_2006_24.csv,Türkiye,180,180,720,0,0,0,0,0
AMod2_Nig_2006_3.csv,China,1441,1441,5764,0,0,0,0,0
AMod2_Nig_2006_3.csv,Türkiye,180,180,720,0,0,0,0,0
AMod2_Nig_2006_30.csv,China,1441,1441,5764,0,0,0,0,0
AMod2_Nig_2006_30.csv,Türkiye,180,180,720,0,0,0,0,0
AMod2_Nig_2006_4.csv,China,1441,1441,5764,0,0,0,0,0
AMod2_Nig_2006_4.csv,Türkiye,180,180,720,0,0,0,0,0
AMod2_Nig_2006_5.csv,China,1441,1441,5764,0,0,0,0,0
AMod2_Nig_2006_5.csv,Türkiye,180,180,720,0,0,0,0,0
AMod2_Nig_2006_6.csv,China,1441,1441,5764,0,0,0,0,0
AMod2_Nig_2006_6.csv,Türkiye,180,180,720,0,0,0,0,0
AMod2_Nig_2006_7.csv,China,1441,1441,5764,0,0,0,0,0
AMod2_Nig_2006_7.csv,Türkiye,180,180,720,0,0,0,0,0
AMod2_Nig_2006_8.csv,China,1441,1441,5764,0,0,0,0,0
AMod2_Nig_2006_8.csv,Türkiye,180,180,720,0,0,0,0,0
AMod2_Nig_2006_9.csv,China,1441,1441,5764,0,0,0,0,0
AMod2_Nig_2006_9.csv,Türkiye,180,180,720,0,0,0,0,0
AMod2_Nig_2007_1.csv,China,1441,1441,5764,0,0,0,0,0
AMod2_Nig_2007_1.csv,Türkiye,180,180,720,0,0,0,0,0
AMod2_Nig_2007_10.csv,China,1441,1441,5764,0,0,0,0,0
AMod2_Nig_2007_10.csv,Türkiye,180,180,720,0,0,0,0,0
AMod2_Nig_2007_11.csv,China,1441,1441,5764,0,0,0,0,0
AMod2_Nig_2007_11.csv,Türkiye,180,180,720,0,0,0,0,0
AMod2_Nig_2007_12.csv,China,1441,1441,5764,0,0,0,0,0
AMod2_Nig_2007_12.csv,Türkiye,180,180,720,0,0,0,0,0
AMod2_Nig_2007_2.csv,China,1441,1441,5764,0,0,0,0,0
AMod2_Nig_2007_2.csv,Türkiye,180,180,720,0,0,0,0,0
AMod2_Nig_2007_21.csv,China,1441,1441,5764,0,0,0,0,0
AMod2_Nig_2007_21.csv,Türkiye,180,180,720,0,0,0,0,0
AMod2_Nig_2007_22.csv,China,1441,1441,5764,0,0,0,0,0
AMod2_Nig_2007_22.csv,Türkiye,180,180,720,0,0,0,0,0
AMod2_Nig_2007_23.csv,China,1441,1441,5764,0,0,0,0,0
AMod2_Nig_2007_23.csv,Türkiye,180,180,720,0,0,0,0,0
AMod2_Nig_2007_24.csv,China,1441,1441,5764,0,0,0,0,0
AMod2_Nig_2007_24.csv,Türkiye,180,180,720,0,0,0,0,0
AMod2_Nig_2007_3.csv,China,1441,1441,5764,0,0,0,0,0
AMod2_Nig_2007_3.csv,Türkiye,180,180,720,0,0,0,0,0
AMod2_Nig_2007_30.csv,China,1441,1441,5764,0,0,0,0,0
AMod2_Nig_2007_30.csv,Türkiye,180,180,720,0,0,0,0,0
AMod2_Nig_2007_4.csv,China,1441,1441,5764,0,0,0,0,0
AMod2_Nig_2007_4.csv,Türkiye,180,180,720,0,0,0,0,0
AMod2_Nig_2007_5.csv,China,1441,1441,5764,0,0,0,0,0
AMod2_Nig_2007_5.csv,Türkiye,180,180,720,0,0,0,0,0
AMod2_Nig_2007_6.csv,China,1441,1441,5764,0,0,0,0,0
AMod2_Nig_2007_6.csv,Türkiye,180,180,720,0,0,0,0,0
AMod2_Nig_2007_7.csv,China,1441,1441,5764,0,0,0,0,0
AMod2_Nig_2007_7.csv,Türkiye,180,180,720,0,0,0,0,0
AMod2_Nig_2007_8.csv,China,1441,1441,5764,0,0,0,0,0
AMod2_Nig_2007_8.csv,Türkiye,180,180,720,0,0,0,0,0
AMod2_Nig_2007_9.csv,China,1441,1441,5764,0,0,0,0,0
AMod2_Nig_2007_9.csv,Türkiye,180,180,720,0,0,0,0,0
AMod2_Nig_2008_1.csv,China,1441,1441,5764,0,0,0,0,0
AMod2_Nig_2008_1.csv,Türkiye,180,180,720,0,0,0,0,0
AMod2_Nig_2008_10.csv,China,1441,1441,5764,0,0,0,0,0
AMod2_Nig_2008_10.csv,Türkiye,180,180,720,0,0,0,0,0
AMod2_Nig_2008_11.csv,China,1441,1441,5764,0,0,0,0,0
AMod2_Nig_2008_11.csv,Türkiye,180,180,720,0,0,0,0,0
AMod2_Nig_2008_12.csv,China,1441,1441,5764,0,0,0,0,0
AMod2_Nig_2008_12.csv,Türkiye,180,180,720,0,0,0,0,0
AMod2_Nig_2008_2.csv,China,1441,1441,5764,0,0,0,0,0
AMod2_Nig_2008_2.csv,Türkiye,180,180,720,0,0,0,0,0
AMod2_Nig_2008_21.csv,China,1441,1441,5764,0,0,0,0,0
AMod2_Nig_2008_21.csv,Türkiye,180,180,720,0,0,0,0,0
AMod2_Nig_2008_22.csv,China,1441,1441,5764,0,0,0,0,0
AMod2_Nig_2008_22.csv,Türkiye,180,180,720,0,0,0,0,0
AMod2_Nig_2008_23.csv,China,1441,1441,5764,0,0,0,0,0
AMod2_Nig_2008_23.csv,Türkiye,180,180,720,0,0,0,0,0
AMod2_Nig_2008_24.csv,China,1441,1441,5764,0,0,0,0,0
AMod2_Nig_2008_24.csv,Türkiye,180,180,720,0,0,0,0,0
AMod2_Nig_2008_3.csv,China,1441,1441,5764,0,0,0,0,0
AMod2_Nig_2008_3.csv,Türkiye,180,180,720,0,0,0,0,0
AMod2_Nig_2008_30.csv,China,1441,1441,5764,0,0,0,0,0
AMod2_Nig_2008_30.csv,Türkiye,180,180,720,0,0,0,0,0
AMod2_Nig_2008_4.csv,China,1441,1441,5764,0,0,0,0,0
AMod2_Nig_2008_4.csv,Türkiye,180,180,720,0,0,0,0,0
AMod2_Nig_2008_5.csv,China,1441,1441,5764,0,0,0,0,0
AMod2_Nig_2008_5.csv,Türkiye,180,180,720,0,0,0,0,0
AMod2_Nig_2008_6.csv,China,1441,1441,5764,0,0,0,0,0
AMod2_Nig_2008_6.csv,Türkiye,180,180,720,0,0,0,0,0
AMod2_Nig_2008_7.csv,China,1441,1441,5764,0,0,0,0,0
AMod2_Nig_2008_7.csv,Türkiye,180,180,720,0,0,0,0,0
AMod2_Nig_2008_8.csv,China,1441,1441,5764,0,0,0,0,0
AMod2_Nig_2008_8.csv,Türkiye,180,180,720,0,0,0,0,0
AMod2_Nig_2008_9.csv,China,1441,1441,5764,0,0,0,0,0
AMod2_Nig_2008_9.csv,Türkiye,180,180,720,0,0,0,0,0
AMod2_Nig_2009_1.csv,China,1441,1441,5764,0,0,0,0,0
AMod2_Nig_2009_1.csv,Türkiye,180,180,720,0,0,0,0,0
AMod2_Nig_2009_10.csv,China,1441,1441,5764,0,0,0,0,0
AMod2_Nig_2009_10.csv,Türkiye,180,180,720,0,0,0,0,0
AMod2_Nig_2009_11.csv,China,1441,1441,5764,0,0,0,0,0
AMod2_Nig_2009_11.csv,Türkiye,180,180,720,0,0,0,0,0
AMod2_Nig_2009_12.csv,China,1441,1441,5764,0,0,0,0,0
AMod2_Nig_2009_12.csv,Türkiye,180,180,720,0,0,0,0,0
AMod2_Nig_2009_2.csv,China,1441,1441,5764,0,0,0,0,0
AMod2_Nig_2009_2.csv,Türkiye,180,180,720,0,0,0,0,0
AMod2_Nig_2009_21.csv,China,1441,1441,5764,0,0,0,0,0
AMod2_Nig_2009_21.csv,Türkiye,180,180,720,0,0,0,0,0
AMod2_Nig_2009_22.csv,China,1441,1441,5764,0,0,0,0,0
AMod2_Nig_2009_22.csv,Türkiye,180,180,720,0,0,0,0,0
AMod2_Nig_2009_23.csv,China,1441,1441,5764,0,0,0,0,0
AMod2_Nig_2009_23.csv,Türkiye,180,180,720,0,0,0,0,0
AMod2_Nig_2009_24.csv,China,1441,1441,5764,0,0,0,0,0
AMod2_Nig_2009_24.csv,Türkiye,180,180,720,0,0,0,0,0
AMod2_Nig_2009_3.csv,China,1441,1441,5764,0,0,0,0,0
AMod2_Nig_2009_3.csv,Türkiye,180,180,720,0,0,0,0,0
AMod2_Nig_2009_30.csv,China,1441,1441,5764,0,0,0,0,0
AMod2_Nig_2009_30.csv,Türkiye,180,180,720,0,0,0,0,0
AMod2_Nig_2009_4.csv,China,1441,1441,5764,0,0,0,0,0
AMod2_Nig_2009_4.csv,Türkiye,180,180,720,0,0,0,0,0
AMod2_Nig_2009_5.csv,China,1441,1441,5764,0,0,0,0,0
AMod2_Nig_2009_5.csv,Türkiye,180,180,720,0,0,0,0,0
AMod2_Nig_2009_6.csv,China,1441,1441,5764,0,0,0,0,0
AMod2_Nig_2009_6.csv,Türkiye,180,180,720,0,0,0,0,0
AMod2_Nig_2009_7.csv,China,1441,1441,5764,0,0,0,0,0
AMod2_Nig_2009_7.csv,Türkiye,180,180,720,0,0,0,0,0
AMod2_Nig_2009_8.csv,China,1441,1441,5764,0,0,0,0,0
AMod2_Nig_2009_8.csv,Türkiye,180,180,720,0,0,0,0,0
AMod2_Nig_2009_9.csv,China,1441,1441,5764,0,0,0,0,0
AMod2_Nig_2009_9.csv,Türkiye,180,180,720,0,0,0,0,0
AMod2_Nig_2010_1.csv,China,1441,1441,5764,0,0,0,0,0
AMod2_Nig_2010_1.csv,Türkiye,180,180,720,0,0,0,0,0
AMod2_Nig_2010_10.csv,China,1441,1441,5764,0,0,0,0,0
AMod2_Nig_2010_10.csv,Türkiye,180,180,720,0,0,0,0,0
AMod2_Nig_2010_11.csv,China,1441,1441,5764,0,0,0,0,0
AMod2_Nig_2010_11.csv,Türkiye,180,180,720,0,0,0,0,0
AMod2_Nig_2010_12.csv,China,1441,1441,5764,0,0,0,0,0
AMod2_Nig_2010_12.csv,Türkiye,180,180,720,0,0,0,0,0
AMod2_Nig_2010_2.csv,China,1441,1441,5764,0,0,0,0,0
AMod2_Nig_2010_2.csv,Türkiye,180,180,720,0,0,0,0,0
AMod2_Nig_2010_21.csv,China,1441,1441,5764,0,0,0,0,0
AMod2_Nig_2010_21.csv,Türkiye,180,180,720,0,0,0,0,0
AMod2_Nig_2010_22.csv,China,1441,1441,5764,0,0,0,0,0
AMod2_Nig_2010_22.csv,Türkiye,180,180,720,0,0,0,0,0
AMod2_Nig_2010_23.csv,China,1441,1441,5764,0,0,0,0,0
AMod2_Nig_2010_23.csv,Türkiye,180,180,720,0,0,0,0,0
AMod2_Nig_2010_24.csv,China,1441,1441,5764,0,0,0,0,0
AMod2_Nig_2010_24.csv,Türkiye,180,180,720,0,0,0,0,0
AMod2_Nig_2010_3.csv,China,1441,1441,5764,0,0,0,0,0
AMod2_Nig_2010_3.csv,Türkiye,180,180,720,0,0,0,0,0
AMod2_Nig_2010_30.csv,China,1441,1441,5764,0,0,0,0,0
AMod2_Nig_2010_30.csv,Türkiye,180,180,720,0,0,0,0,0
AMod2_Nig_2010_4.csv,China,1441,1441,5764,0,0,0,0,0
AMod2_Nig_2010_4.csv,Türkiye,180,180,720,0,0,0,0,0
AMod2_Nig_2010_5.csv,China,1441,1441,5764,0,0,0,0,0
AMod2_Nig_2010_5.csv,Türkiye,180,180,720,0,0,0,0,0
AMod2_Nig_2010_6.csv,China,1441,1441,5764,0,0,0,0,0
AMod2_Nig_2010_6.csv,Türkiye,180,180,720,0,0,0,0,0
AMod2_Nig_2010_7.csv,China,1441,1441,5764,0,0,0,0,0
AMod2_Nig_2010_7.csv,Türkiye,180,180,720,0,0,0,0,0
AMod2_Nig_2010_8.csv,China,1441,1441,5764,0,0,0,0,0
AMod2_Nig_2010_8.csv,Türkiye,180,180,720,0,0,0,0,0
AMod2_Nig_2010_9.csv,China,1441,1441,5764,0,0,0,0,0
AMod2_Nig_2010_9.csv,Türkiye,180,180,720,0,0,0,0,0
AMod2_Nig_2011_1.csv,China,1441,1441,5764,0,0,0,0,0
AMod2_Nig_2011_1.csv,Türkiye,180,180,720,0,0,0,0,0
AMod2_Nig_2011_10.csv,China,1441,1441,5764,0,0,0,0,0
AMod2_Nig_2011_10.csv,Türkiye,180,180,720,0,0,0,0,0
AMod2_Nig_2011_11.csv,China,1441,1441,5764,0,0,0,0,0
AMod2_Nig_2011_11.csv,Türkiye,180,180,720,0,0,0,0,0
AMod2_Nig_2011_12.csv,China,1441,1441,5764,0,0,0,0,0
AMod2_Nig_2011_12.csv,Türkiye,180,180,720,0,0,0,0,0
AMod2_Nig_2011_2.csv,China,1441,1441,5764,0,0,0,0,0
AMod2_Nig_2011_2.csv,Türkiye,180,180,720,0,0,0,0,0
AMod2_Nig_2011_21.csv,China,1441,1441,5764,0,0,0,0,0
AMod2_Nig_2011_21.csv,Türkiye,180,180,720,0,0,0,0,0
AMod2_Nig_2011_22.csv,China,1441,1441,5764,0,0,0,0,0
AMod2_Nig_2011_22.csv,Türkiye,180,180,720,0,0,0,0,0
AMod2_Nig_2011_23.csv,China,1441,1441,5764,0,0,0,0,0
AMod2_Nig_2011_23.csv,Türkiye,180,180,720,0,0,0,0,0
AMod2_Nig_2011_24.csv,China,1441,1441,5764,0,0,0,0,0
AMod2_Nig_2011_24.csv,Türkiye,180,180,720,0,0,0,0,0
AMod2_Nig_2011_3.csv,China,1441,1441,5764,0,0,0,0,0
AMod2_Nig_2011_3.csv,Türkiye,180,180,720,0,0,0,0,0
AMod2_Nig_2011_30.csv,China,1441,1441,5764,0,0,0,0,0
AMod2_Nig_2011_30.csv,Türkiye,180,180,720,0,0,0,0,0
AMod2_Nig_2011_4.csv,China,1441,1441,5764,0,0,0,0,0
AMod2_Nig_2011_4.csv,Türkiye,180,180,720,0,0,0,0,0
AMod2_Nig_2011_5.csv,China,1441,1441,5764,0,0,0,0,0
AMod2_Nig_2011_5.csv,Türkiye,180,180,720,0,0,0,0,0
AMod2_Nig_2011_6.csv,China,1441,1441,5764,0,0,0,0,0
AMod2_Nig_2011_6.csv,Türkiye,180,180,720,0,0,0,0,0
AMod2_Nig_2011_7.csv,China,1441,1441,5764,0,0,0,0,0
AMod2_Nig_2011_7.csv,Türkiye,180,180,720,0,0,0,0,0
AMod2_Nig_2011_8.csv,China,1441,1441,5764,0,0,0,0,0
AMod2_Nig_2011_8.csv,Türkiye,180,180,720,0,0,0,0,0
AMod2_Nig_2011_9.csv,China,1441,1441,5764,0,0,0,0,0
AMod2_Nig_2011_9.csv,Türkiye,180,180,720,0,0,0,0,0
AMod2_Nig_2012_1.csv,China,1441,1441,5764,0,0,0,0,0
AMod2_Nig_2012_1.csv,Türkiye,180,180,720,0,0,0,0,0
AMod2_Nig_2012_10.csv,China,1441,1441,5764,0,0,0,0,0
AMod2_Nig_2012_10.csv,Türkiye,180,180,720,0,0,0,0,0
AMod2_Nig_2012_11.csv,China,1441,1441,5764,0,0,0,0,0
AMod2_Nig_2012_11.csv,Türkiye,180,180,720,0,0,0,0,0
AMod2_Nig_2012_12.csv,China,1441,1441,5764,0,0,0,0,0
AMod2_Nig_2012_12.csv,Türkiye,180,180,720,0,0,0,0,0
AMod2_Nig_2012_2.csv,China,1441,1441,5764,0,0,0,0,0
AMod2_Nig_2012_2.csv,Türkiye,180,180,720,0,0,0,0,0
AMod2_Nig_2012_21.csv,China,1441,1441,5764,0,0,0,0,0
AMod2_Nig_2012_21.csv,Türkiye,180,180,720,0,0,0,0,0
AMod2_Nig_2012_22.csv,China,1441,1441,5764,0,0,0,0,0
AMod2_Nig_2012_22.csv,Türkiye,180,180,720,0,0,0,0,0
AMod2_Nig_2012_23.csv,China,1441,1441,5764,0,0,0,0,0
AMod2_Nig_2012_23.csv,Türkiye,180,180,720,0,0,0,0,0
AMod2_Nig_2012_24.csv,China,1441,1441,5764,0,0,0,0,0
AMod2_Nig_2012_24.csv,Türkiye,180,180,720,0,0,0,0,0
AMod2_Nig_2012_3.csv,China,1441,1441,5764,0,0,0,0,0
AMod2_Nig_2012_3.csv,Türkiye,180,180,720,0,0,0,0,0
AMod2_Nig_2012_30.csv,China,1441,1441,5764,0,0,0,0,0
AMod2_Nig_2012_30.csv,Türkiye,180,180,720,0,0,0,0,0
AMod2_Nig_2012_4.csv,China,1441,1441,5764,0,0,0,0,0
AMod2_Nig_2012_4.csv,Türkiye,180,180,720,0,0,0,0,0
AMod2_Nig_2012_5.csv,China,1441,1441,5764,0,0,0,0,0
AMod2_Nig_2012_5.csv,Türkiye,180,180,720,0,0,0,0,0
AMod2_Nig_2012_6.csv,China,1441,1441,5764,0,0,0,0,0
AMod2_Nig_2012_6.csv,Türkiye,180,180,720,0,0,0,0,0
AMod2_Nig_2012_7.csv,China,1441,1441,5764,0,0,0,0,0
AMod2_Nig_2012_7.csv,Türkiye,180,180,720,0,0,0,0,0
AMod2_Nig_2012_8.csv,China,1441,1441,5764,0,0,0,0,0
AMod2_Nig_2012_8.csv,Türkiye,180,180,720,0,0,0,0,0
AMod2_Nig_2012_9.csv,China,1441,1441,5764,0,0,0,0,0
AMod2_Nig_2012_9.csv,Türkiye,180,180,720,0,0,0,0,0
AMod2_Nig_2013_1.csv,China,1441,1441,5764,0,0,0,0,0
AMod2_Nig_2013_1.csv,Türkiye,180,180,720,0,0,0,0,0
AMod2_Nig_2013_10.csv,China,1441,1441,5764,0,0,0,0,0
AMod2_Nig_2013_10.csv,Türkiye,180,180,720,0,0,0,0,0
AMod2_Nig_2013_11.csv,China,1441,1441,5764,0,0,0,0,0
AMod2_Nig_2013_11.csv,Türkiye,180,180,720,0,0,0,0,0
AMod2_Nig_2013_12.csv,China,1441,1441,5764,0,0,0,0,0
AMod2_Nig_2013_12.csv,Türkiye,180,180,720,0,0,0,0,0
AMod2_Nig_2013_2.csv,China,1441,1441,5764,0,0,0,0,0
AMod2_Nig_2013_2.csv,Türkiye,180,180,720,0,0,0,0,0
AMod2_Nig_2013_21.csv,China,1441,1441,5764,0,0,0,0,0
AMod2_Nig_2013_21.csv,Türkiye,180,180,720,0,0,0,0,0
AMod2_Nig_2013_22.csv,China,1441,1441,5764,0,0,0,0,0
AMod2_Nig_2013_22.csv,Türkiye,180,180,720,0,0,0,0,0
AMod2_Nig_2013_23.csv,China,1441,1441,5764,0,0,0,0,0
AMod2_Nig_2013_23.csv,Türkiye,180,180,720,0,0,0,0,0
AMod2_Nig_2013_24.csv,China,1441,1441,5764,0,0,0,0,0
AMod2_Nig_2013_24.csv,Türkiye,180,180,720,0,0,0,0,0
AMod2_Nig_2013_3.csv,China,1441,1441,5764,0,0,0,0,0
AMod2_Nig_2013_3.csv,Türkiye,180,180,720,0,0,0,0,0
AMod2_Nig_2013_30.csv,China,1441,1441,5764,0,0,0,0,0
AMod2_Nig_2013_30.csv,Türkiye,180,180,720,0,0,0,0,0
AMod2_Nig_2013_4.csv,China,1441,1441,5764,0,0,0,0,0
AMod2_Nig_2013_4.csv,Türkiye,180,180,720,0,0,0,0,0
AMod2_Nig_2013_5.csv,China,1441,1441,5764,0,0,0,0,0
AMod2_Nig_2013_5.csv,Türkiye,180,180,720,0,0,0,0,0
AMod2_Nig_2013_6.csv,China,1441,1441,5764,0,0,0,0,0
AMod2_Nig_2013_6.csv,Türkiye,180,180,720,0,0,0,0,0
AMod2_Nig_2013_7.csv,China,1441,1441,5764,0,0,0,0,0
AMod2_Nig_2013_7.csv,Türkiye,180,180,720,0,0,0,0,0
AMod2_Nig_2013_8.csv,China,1441,1441,5764,0,0,0,0,0
AMod2_Nig_2013_8.csv,Türkiye,180,180,720,0,0,0,0,0
AMod2_Nig_2013_9.csv,China,1441,1441,5764,0,0,0,0,0
AMod2_Nig_2013_9.csv,Türkiye,180,180,720,0,0,0,0,0
AMod2_Nig_2014_1.csv,China,1441,1441,5764,0,0,0,0,0
AMod2_Nig_2014_1.csv,Türkiye,180,180,720,0,0,0,0,0
AMod2_Nig_2014_10.csv,China,1441,1441,5764,0,0,0,0,0
AMod2_Nig_2014_10.csv,Türkiye,180,180,720,0,0,0,0,0
AMod2_Nig_2014_11.csv,China,1441,1441,5764,0,0,0,0,0
AMod2_Nig_2014_11.csv,Türkiye,180,180,720,0,0,0,0,0
AMod2_Nig_2014_12.csv,China,1441,1441,5764,0,0,0,0,0
AMod2_Nig_2014_12.csv,Türkiye,180,180,720,0,0,0,0,0
AMod2_Nig_2014_2.csv,China,1441,1441,5764,0,0,0,0,0
AMod2_Nig_2014_2.csv,Türkiye,180,180,720,0,0,0,0,0
AMod2_Nig_2014_21.csv,China,1441,1441,5764,0,0,0,0,0
AMod2_Nig_2014_21.csv,Türkiye,180,180,720,0,0,0,0,0
AMod2_Nig_2014_22.csv,China,1441,1441,5764,0,0,0,0,0
AMod2_Nig_2014_22.csv,Türkiye,180,180,720,0,0,0,0,0
AMod2_Nig_2014_23.csv,China,1441,1441,5764,0,0,0,0,0
AMod2_Nig_2014_23.csv,Türkiye,180,180,720,0,0,0,0,0
AMod2_Nig_2014_24.csv,China,1441,1441,5764,0,0,0,0,0
AMod2_Nig_2014_24.csv,Türkiye,180,180,720,0,0,0,0,0
AMod2_Nig_2014_3.csv,China,1441,1441,5764,0,0,0,0,0
AMod2_Nig_2014_3.csv,Türkiye,180,180,720,0,0,0,0,0
AMod2_Nig_2014_30.csv,China,1441,1441,5764,0,0,0,0,0
AMod2_Nig_2014_30.csv,Türkiye,180,180,720,0,0,0,0,0
AMod2_Nig_2014_4.csv,China,1441,1441,5764,0,0,0,0,0
AMod2_Nig_2014_4.csv,Türkiye,180,180,720,0,0,0,0,0
AMod2_Nig_2014_5.csv,China,1441,1441,5764,0,0,0,0,0
AMod2_Nig_2014_5.csv,Türkiye,180,180,720,0,0,0,0,0
AMod2_Nig_2014_6.csv,China,1441,1441,5764,0,0,0,0,0
AMod2_Nig_2014_6.csv,Türkiye,180,180,720,0,0,0,0,0
AMod2_Nig_2014_7.csv,China,1441,1441,5764,0,0,0,0,0
AMod2_Nig_2014_7.csv,Türkiye,180,180,720,0,0,0,0,0
AMod2_Nig_2014_8.csv,China,1441,1441,5764,0,0,0,0,0
AMod2_Nig_2014_8.csv,Türkiye,180,180,720,0,0,0,0,0
AMod2_Nig_2014_9.csv,China,1441,1441,5764,0,0,0,0,0
AMod2_Nig_2014_9.csv,Türkiye,180,180,720,0,0,0,0,0
AMod2_Nig_2015_1.csv,China,1441,1441,5764,0,0,0,0,0
AMod2_Nig_2015_1.csv,Türkiye,180,180,720,0,0,0,0,0
AMod2_Nig_2015_10.csv,China,1441,1441,5764,0,0,0,0,0
AMod2_Nig_2015_10.csv,Türkiye,180,180,720,0,0,0,0,0
AMod2_Nig_2015_11.csv,China,1441,1441,5764,0,0,0,0,0
AMod2_Nig_2015_11.csv,Türkiye,180,180,720,0,0,0,0,0
AMod2_Nig_2015_12.csv,China,1441,1441,5764,0,0,0,0,0
AMod2_Nig_2015_12.csv,Türkiye,180,180,720,0,0,0,0,0
AMod2_Nig_2015_2.csv,China,1441,1441,5764,0,0,0,0,0
AMod2_Nig_2015_2.csv,Türkiye,180,180,720,0,0,0,0,0
AMod2_Nig_2015_21.csv,China,1441,1441,5764,0,0,0,0,0
AMod2_Nig_2015_21.csv,Türkiye,180,180,720,0,0,0,0,0
AMod2_Nig_2015_22.csv,China,1441,1441,5764,0,0,0,0,0
AMod2_Nig_2015_22.csv,Türkiye,180,180,720,0,0,0,0,0
AMod2_Nig_2015_23.csv,China,1441,1441,5764,0,0,0,0,0
AMod2_Nig_2015_23.csv,Türkiye,180,180,720,0,0,0,0,0
AMod2_Nig_2015_24.csv,China,1441,1441,5764,0,0,0,0,0
AMod2_Nig_2015_24.csv,Türkiye,180,180,720,0,0,0,0,0
AMod2_Nig_2015_3.csv,China,1441,1441,5764,0,0,0,0,0
AMod2_Nig_2015_3.csv,Türkiye,180,180,720,0,0,0,0,0
AMod2_Nig_2015_30.csv,China,1441,1441,5764,0,0,0,0,0
AMod2_Nig_2015_30.csv,Türkiye,180,180,720,0,0,0,0,0
AMod2_Nig_2015_4.csv,China,1441,1441,5764,0,0,0,0,0
AMod2_Nig_2015_4.csv,Türkiye,180,180,720,0,0,0,0,0
AMod2_Nig_2015_5.csv,China,1441,1441,5764,0,0,0,0,0
AMod2_Nig_2015_5.csv,Türkiye,180,180,720,0,0,0,0,0
AMod2_Nig_2015_6.csv,China,1441,1441,5764,0,0,0,0,0
AMod2_Nig_2015_6.csv,Türkiye,180,180,720,0,0,0,0,0
AMod2_Nig_2015_7.csv,China,1441,1441,5764,0,0,0,0,0
AMod2_Nig_2015_7.csv,Türkiye,180,180,720,0,0,0,0,0
AMod2_Nig_2015_8.csv,China,1441,1441,5764,0,0,0,0,0
AMod2_Nig_2015_8.csv,Türkiye,180,180,720,0,0,0,0,0
AMod2_Nig_2015_9.csv,China,1441,1441,5764,0,0,0,0,0
AMod2_Nig_2015_9.csv,Türkiye,180,180,720,0,0,0,0,0
AMod2_Nig_2016_1.csv,China,1441,1441,5764,0,0,0,0,0
AMod2_Nig_2016_1.csv,Türkiye,180,180,720,0,0,0,0,0
AMod2_Nig_2016_10.csv,China,1441,1441,5764,0,0,0,0,0
AMod2_Nig_2016_10.csv,Türkiye,180,180,720,0,0,0,0,0
AMod2_Nig_2016_11.csv,China,1441,1441,5764,0,0,0,0,0
AMod2_Nig_2016_11.csv,Türkiye,180,180,720,0,0,0,0,0
AMod2_Nig_2016_12.csv,China,1441,1441,5764,0,0,0,0,0
AMod2_Nig_2016_12.csv,Türkiye,180,180,720,0,0,0,0,0
AMod2_Nig_2016_2.csv,China,1441,1441,5764,0,0,0,0,0
AMod2_Nig_2016_2.csv,Türkiye,180,180,720,0,0,0,0,0
AMod2_Nig_2016_21.csv,China,1441,1441,5764,0,0,0,0,0
AMod2_Nig_2016_21.csv,Türkiye,180,180,720,0,0,0,0,0
AMod2_Nig_2016_22.csv,China,1441,1441,5764,0,0,0,0,0
AMod2_Nig_2016_22.csv,Türkiye,180,180,720,0,0,0,0,0
AMod2_Nig_2016_23.csv,China,1441,1441,5764,0,0,0,0,0
AMod2_Nig_2016_23.csv,Türkiye,180,180,720,0,0,0,0,0
AMod2_Nig_2016_24.csv,China,1441,1441,5764,0,0,0,0,0
AMod2_Nig_2016_24.csv,Türkiye,180,180,720,0,0,0,0,0
AMod2_Nig_2016_3.csv,China,1441,1441,5764,0,0,0,0,0
AMod2_Nig_2016_3.csv,Türkiye,180,180,720,0,0,0,0,0
AMod2_Nig_2016_30.csv,China,1441,1441,5764,0,0,0,0,0
AMod2_Nig_2016_30.csv,Türkiye,180,180,720,0,0,0,0,0
AMod2_Nig_2016_4.csv,China,1441,1441,5764,0,0,0,0,0
AMod2_Nig_2016_4.csv,Türkiye,180,180,720,0,0,0,0,0
AMod2_Nig_2016_5.csv,China,1441,1441,5764,0,0,0,0,0
AMod2_Nig_2016_5.csv,Türkiye,180,180,720,0,0,0,0,0
AMod2_Nig_2016_6.csv,China,1441,1441,5764,0,0,0,0,0
AMod2_Nig_2016_6.csv,Türkiye,180,180,720,0,0,0,0,0
AMod2_Nig_2016_7.csv,China,1441,1441,5764,0,0,0,0,0
AMod2_Nig_2016_7.csv,Türkiye,180,180,720,0,0,0,0,0
AMod2_Nig_2016_8.csv,China,1441,1441,5764,0,0,0,0,0
AMod2_Nig_2016_8.csv,Türkiye,180,180,720,0,0,0,0,0
AMod2_Nig_2016_9.csv,China,1441,1441,5764,0,0,0,0,0
AMod2_Nig_2016_9.csv,Türkiye,180,180,720,0,0,0,0,0
AMod2_Nig_2017_1.csv,China,1441,1441,5764,0,0,0,0,0
AMod2_Nig_2017_1.csv,Türkiye,180,180,720,0,0,0,0,0
AMod2_Nig_2017_10.csv,China,1441,1441,5764,0,0,0,0,0
AMod2_Nig_2017_10.csv,Türkiye,180,180,720,0,0,0,0,0
AMod2_Nig_2017_11.csv,China,1441,1441,5764,0,0,0,0,0
AMod2_Nig_2017_11.csv,Türkiye,180,180,720,0,0,0,0,0
AMod2_Nig_2017_12.csv,China,1441,1441,5764,0,0,0,0,0
AMod2_Nig_2017_12.csv,Türkiye,180,180,720,0,0,0,0,0
AMod2_Nig_2017_2.csv,China,1441,1441,5764,0,0,0,0,0
AMod2_Nig_2017_2.csv,Türkiye,180,180,720,0,0,0,0,0
AMod2_Nig_2017_21.csv,China,1441,1441,5764,0,0,0,0,0
AMod2_Nig_2017_21.csv,Türkiye,180,180,720,0,0,0,0,0
AMod2_Nig_2017_22.csv,China,1441,1441,5764,0,0,0,0,0
AMod2_Nig_2017_22.csv,Türkiye,180,180,720,0,0,0,0,0
AMod2_Nig_2017_23.csv,China,1441,1441,5764,0,0,0,0,0
AMod2_Nig_2017_23.csv,Türkiye,180,180,720,0,0,0,0,0
AMod2_Nig_2017_24.csv,China,1441,1441,5764,0,0,0,0,0
AMod2_Nig_2017_24.csv,Türkiye,180,180,720,0,0,0,0,0
AMod2_Nig_2017_3.csv,China,1441,1441,5764,0,0,0,0,0
AMod2_Nig_2017_3.csv,Türkiye,180,180,720,0,0,0,0,0
AMod2_Nig_2017_30.csv,China,1441,1441,5764,0,0,0,0,0
AMod2_Nig_2017_30.csv,Türkiye,180,180,720,0,0,0,0,0
AMod2_Nig_2017_4.csv,China,1441,1441,5764,0,0,0,0,0
AMod2_Nig_2017_4.csv,Türkiye,180,180,720,0,0,0,0,0
AMod2_Nig_2017_5.csv,China,1441,1441,5764,0,0,0,0,0
AMod2_Nig_2017_5.csv,Türkiye,180,180,720,0,0,0,0,0
AMod2_Nig_2017_6.csv,China,1441,1441,5764,0,0,0,0,0
AMod2_Nig_2017_6.csv,Türkiye,180,180,720,0,0,0,0,0
AMod2_Nig_2017_7.csv,China,1441,1441,5764,0,0,0,0,0
AMod2_Nig_2017_7.csv,Türkiye,180,180,720,0,0,0,0,0
AMod2_Nig_2017_8.csv,China,1441,1441,5764,0,0,0,0,0
AMod2_Nig_2017_8.csv,Türkiye,180,180,720,0,0,0,0,0
AMod2_Nig_2017_9.csv,China,1441,1441,5764,0,0,0,0,0
AMod2_Nig_2017_9.csv,Türkiye,180,180,720,0,0,0,0,0
AMod2_Nig_2018_1.csv,China,1441,1441,5764,0,0,0,0,0
AMod2_Nig_2018_1.csv,Türkiye,180,180,720,0,0,0,0,0
AMod2_Nig_2018_10.csv,China,1441,1441,5764,0,0,0,0,0
AMod2_Nig_2018_10.csv,Türkiye,180,180,720,0,0,0,0,0
AMod2_Nig_2018_11.csv,China,1441,1441,5764,0,0,0,0,0
AMod2_Nig_2018_11.csv,Türkiye,180,180,720,0,0,0,0,0
AMod2_Nig_2018_12.csv,China,1441,1441,5764,0,0,0,0,0
AMod2_Nig_2018_12.csv,Türkiye,180,180,720,0,0,0,0,0
AMod2_Nig_2018_2.csv,China,1441,1441,5764,0,0,0,0,0
AMod2_Nig_2018_2.csv,Türkiye,180,180,720,0,0,0,0,0
AMod2_Nig_2018_21.csv,China,1441,1441,5764,0,0,0,0,0
AMod2_Nig_2018_21.csv,Türkiye,180,180,720,0,0,0,0,0
AMod2_Nig_2018_22.csv,China,1441,1441,5764,0,0,0,0,0
AMod2_Nig_2018_22.csv,Türkiye,180,180,720,0,0,0,0,0
AMod2_Nig_2018_23.csv,China,1441,1441,5764,0,0,0,0,0
AMod2_Nig_2018_23.csv,Türkiye,180,180,720,0,0,0,0,0
AMod2_Nig_2018_24.csv,China,1441,1441,5764,0,0,0,0,0
AMod2_Nig_2018_24.csv,Türkiye,180,180,720,0,0,0,0,0
AMod2_Nig_2018_3.csv,China,1441,1441,5764,0,0,0,0,0
AMod2_Nig_2018_3.csv,Türkiye,180,180,720,0,0,0,0,0
AMod2_Nig_2018_30.csv,China,1441,1441,5764,0,0,0,0,0
AMod2_Nig_2018_30.csv,Türkiye,180,180,720,0,0,0,0,0
AMod2_Nig_2018_4.csv,China,1441,1441,5764,0,0,0,0,0
AMod2_Nig_2018_4.csv,Türkiye,180,180,720,0,0,0,0,0
AMod2_Nig_2018_5.csv,China,1441,1441,5764,0,0,0,0,0
AMod2_Nig_2018_5.csv,Türkiye,180,180,720,0,0,0,0,0
AMod2_Nig_2018_6.csv,China,1441,1441,5764,0,0,0,0,0
AMod2_Nig_2018_6.csv,Türkiye,180,180,720,0,0,0,0,0
AMod2_Nig_2018_7.csv,China,1441,1441,5764,0,0,0,0,0
AMod2_Nig_2018_7.csv,Türkiye,180,180,720,0,0,0,0,0
AMod2_Nig_2018_8.csv,China,1441,1441,5764,0,0,0,0,0
AMod2_Nig_2018_8.csv,Türkiye,180,180,720,0,0,0,0,0
AMod2_Nig_2018_9.csv,China,1441,1441,5764,0,0,0,0,0
AMod2_Nig_2018_9.csv,Türkiye,180,180,720,0,0,0,0,0
AMod2_Nig_2019_1.csv,China,1441,1441,5764,0,0,0,0,0
AMod2_Nig_2019_1.csv,Türkiye,180,180,720,0,0,0,0,0
AMod2_Nig_2019_10.csv,China,1441,1441,5764,0,0,0,0,0
AMod2_Nig_2019_10.csv,Türkiye,180,180,720,0,0,0,0,0
AMod2_Nig_2019_11.csv,China,1441,1441,5764,0,0,0,0,0
AMod2_Nig_2019_11.csv,Türkiye,180,180,720,0,0,0,0,0
AMod2_Nig_2019_12.csv,China,1441,1441,5764,0,0,0,0,0
AMod2_Nig_2019_12.csv,Türkiye,180,180,720,0,0,0,0,0
AMod2_Nig_2019_2.csv,China,1441,1441,5764,0,0,0,0,0
AMod2_Nig_2019_2.csv,Türkiye,180,180,720,0,0,0,0,0
AMod2_Nig_2019_21.csv,China,1441,1441,5764,0,0,0,0,0
AMod2_Nig_2019_21.csv,Türkiye,180,180,720,0,0,0,0,0
AMod2_Nig_2019_22.csv,China,1441,1441,5764,0,0,0,0,0
AMod2_Nig_2019_22.csv,Türkiye,180,180,720,0,0,0,0,0
AMod2_Nig_2019_23.csv,China,1441,1441,5764,0,0,0,0,0
AMod2_Nig_2019_23.csv,Türkiye,180,180,720,0,0,0,0,0
AMod2_Nig_2019_24.csv,China,1441,1441,5764,0,0,0,0,0
AMod2_Nig_2019_24.csv,Türkiye,180,180,720,0,0,0,0,0
AMod2_Nig_2019_3.csv,China,1441,1441,5764,0,0,0,0,0
AMod2_Nig_2019_3.csv,Türkiye,180,180,720,0,0,0,0,0
AMod2_Nig_2019_30.csv,China,1441,1441,5764,0,0,0,0,0
AMod2_Nig_2019_30.csv,Türkiye,180,180,720,0,0,0,0,0
AMod2_Nig_2019_4.csv,China,1441,1441,5764,0,0,0,0,0
AMod2_Nig_2019_4.csv,Türkiye,180,180,720,0,0,0,0,0
AMod2_Nig_2019_5.csv,China,1441,1441,5764,0,0,0,0,0
AMod2_Nig_2019_5.csv,Türkiye,180,180,720,0,0,0,0,0
AMod2_Nig_2019_6.csv,China,1441,1441,5764,0,0,0,0,0
AMod2_Nig_2019_6.csv,Türkiye,180,180,720,0,0,0,0,0
AMod2_Nig_2019_7.csv,China,1441,1441,5764,0,0,0,0,0
AMod2_Nig_2019_7.csv,Türkiye,180,180,720,0,0,0,0,0
AMod2_Nig_2019_8.csv,China,1441,1441,5764,0,0,0,0,0
AMod2_Nig_2019_8.csv,Türkiye,180,180,720,0,0,0,0,0
AMod2_Nig_2019_9.csv,China,1441,1441,5764,0,0,0,0,0
AMod2_Nig_2019_9.csv,Türkiye,180,180,720,0,0,0,0,0
AMod2_Nig_2020_1.csv,China,1441,1441,5764,0,0,0,0,0
AMod2_Nig_2020_1.csv,Türkiye,180,180,720,0,0,0,0,0
AMod2_Nig_2020_10.csv,China,1441,1441,5764,0,0,0,0,0
AMod2_Nig_2020_10.csv,Türkiye,180,180,720,0,0,0,0,0
AMod2_Nig_2020_11.csv,China,1441,1441,5764,0,0,0,0,0
AMod2_Nig_2020_11.csv,Türkiye,180,180,720,0,0,0,0,0
AMod2_Nig_2020_12.csv,China,1441,1441,5764,0,0,0,0,0
AMod2_Nig_2020_12.csv,Türkiye,180,180,720,0,0,0,0,0
AMod2_Nig_2020_2.csv,China,1441,1441,5764,0,0,0,0,0
AMod2_Nig_2020_2.csv,Türkiye,180,180,720,0,0,0,0,0
AMod2_Nig_2020_21.csv,China,1441,1441,5764,0,0,0,0,0
AMod2_Nig_2020_21.csv,Türkiye,180,180,720,0,0,0,0,0
AMod2_Nig_2020_22.csv,China,1441,1441,5764,0,0,0,0,0
AMod2_Nig_2020_22.csv,Türkiye,180,180,720,0,0,0,0,0
AMod2_Nig_2020_23.csv,China,1441,1441,5764,0,0,0,0,0
AMod2_Nig_2020_23.csv,Türkiye,180,180,720,0,0,0,0,0
AMod2_Nig_2020_24.csv,China,1441,1441,5764,0,0,0,0,0
AMod2_Nig_2020_24.csv,Türkiye,180,180,720,0,0,0,0,0
AMod2_Nig_2020_3.csv,China,1441,1441,5764,0,0,0,0,0
AMod2_Nig_2020_3.csv,Türkiye,180,180,720,0,0,0,0,0
AMod2_Nig_2020_30.csv,China,1441,1441,5764,0,0,0,0,0
AMod2_Nig_2020_30.csv,Türkiye,180,180,720,0,0,0,0,0
AMod2_Nig_2020_4.csv,China,1441,1441,5764,0,0,0,0,0
AMod2_Nig_2020_4.csv,Türkiye,180,180,720,0,0,0,0,0
AMod2_Nig_2020_5.csv,China,1441,1441,5764,0,0,0,0,0
AMod2_Nig_2020_5.csv,Türkiye,180,180,720,0,0,0,0,0
AMod2_Nig_2020_6.csv,China,1441,1441,5764,0,0,0,0,0
AMod2_Nig_2020_6.csv,Türkiye,180,180,720,0,0,0,0,0
AMod2_Nig_2020_7.csv,China,1441,1441,5764,0,0,0,0,0
AMod2_Nig_2020_7.csv,Türkiye,180,180,720,0,0,0,0,0
AMod2_Nig_2020_8.csv,China,1441,1441,5764,0,0,0,0,0
AMod2_Nig_2020_8.csv,Türkiye,180,180,720,0,0,0,0,0
AMod2_Nig_2020_9.csv,China,1441,1441,5764,0,0,0,0,0
AMod2_Nig_2020_9.csv,Türkiye,180,180,720,0,0,0,0,0
Mod1_Day_2001_1.csv,China,1441,1441,5764,0,0,0,0,0
Mod1_Day_2001_1.csv,Türkiye,180,180,720,0,0,0,0,0
Mod1_Day_2001_10.csv,China,1441,1441,5764,8,2,2,2,2
Mod1_Day_2001_10.csv,Türkiye,180,180,720,0,0,0,0,0
Mod1_Day_2001_11.csv,China,1441,1441,5764,0,0,0,0,0
Mod1_Day_2001_11.csv,Türkiye,180,180,720,0,0,0,0,0
Mod1_Day_2001_12.csv,China,1441,1441,5764,0,0,0,0,0
Mod1_Day_2001_12.csv,Türkiye,180,180,720,0,0,0,0,0
Mod1_Day_2001_2.csv,China,1441,1441,5764,0,0,0,0,0
Mod1_Day_2001_2.csv,Türkiye,180,180,720,0,0,0,0,0
Mod1_Day_2001_21.csv,China,1441,1441,5764,0,0,0,0,0
Mod1_Day_2001_21.csv,Türkiye,180,180,720,0,0,0,0,0
Mod1_Day_2001_22.csv,China,1441,1441,5764,0,0,0,0,0
Mod1_Day_2001_22.csv,Türkiye,180,180,720,0,0,0,0,0
Mod1_Day_2001_23.csv,China,1441,1441,5764,0,0,0,0,0
Mod1_Day_2001_23.csv,Türkiye,180,180,720,0,0,0,0,0
Mod1_Day_2001_24.csv,China,1441,1441,5764,0,0,0,0,0
Mod1_Day_2001_24.csv,Türkiye,180,180,720,0,0,0,0,0
Mod1_Day_2001_3.csv,China,1441,1441,5764,0,0,0,0,0
Mod1_Day_2001_3.csv,Türkiye,180,180,720,0,0,0,0,0
Mod1_Day_2001_30.csv,China,1441,1441,5764,0,0,0,0,0
Mod1_Day_2001_30.csv,Türkiye,180,180,720,0,0,0,0,0
Mod1_Day_2001_4.csv,China,1441,1441,5764,20,5,5,5,5
Mod1_Day_2001_4.csv,Türkiye,180,180,720,0,0,0,0,0
Mod1_Day_2001_5.csv,China,1441,1441,5764,0,0,0,0,0
Mod1_Day_2001_5.csv,Türkiye,180,180,720,0,0,0,0,0
Mod1_Day_2001_6.csv,China,1441,1441,5764,90,22,23,22,23
Mod1_Day_2001_6.csv,Türkiye,180,180,720,0,0,0,0,0
Mod1_Day_2001_7.csv,China,1441,1441,5764,4,1,1,1,1
Mod1_Day_2001_7.csv,Türkiye,180,180,720,0,0,0,0,0
Mod1_Day_2001_8.csv,China,1441,1441,5764,0,0,0,0,0
Mod1_Day_2001_8.csv,Türkiye,180,180,720,0,0,0,0,0
Mod1_Day_2001_9.csv,China,1441,1441,5764,84,21,21,21,21
Mod1_Day_2001_9.csv,Türkiye,180,180,720,0,0,0,0,0
Mod1_Day_2002_1.csv,China,1441,1441,5764,8,2,2,2,2
Mod1_Day_2002_1.csv,Türkiye,180,180,720,0,0,0,0,0
Mod1_Day_2002_10.csv,China,1441,1441,5764,0,0,0,0,0
Mod1_Day_2002_10.csv,Türkiye,180,180,720,0,0,0,0,0
Mod1_Day_2002_11.csv,China,1441,1441,5764,0,0,0,0,0
Mod1_Day_2002_11.csv,Türkiye,180,180,720,0,0,0,0,0
Mod1_Day_2002_12.csv,China,1441,1441,5764,0,0,0,0,0
Mod1_Day_2002_12.csv,Türkiye,180,180,720,0,0,0,0,0
Mod1_Day_2002_2.csv,China,1441,1441,5764,36,9,8,10,9
Mod1_Day_2002_2.csv,Türkiye,180,180,720,0,0,0,0,0
Mod1_Day_2002_21.csv,China,1441,1441,5764,0,0,0,0,0
Mod1_Day_2002_21.csv,Türkiye,180,180,720,0,0,0,0,0
Mod1_Day_2002_22.csv,China,1441,1441,5764,0,0,0,0,0
Mod1_Day_2002_22.csv,Türkiye,180,180,720,0,0,0,0,0
Mod1_Day_2002_23.csv,China,1441,1441,5764,0,0,0,0,0
Mod1_Day_2002_23.csv,Türkiye,180,180,720,0,0,0,0,0
Mod1_Day_2002_24.csv,China,1441,1441,5764,0,0,0,0,0
Mod1_Day_2002_24.csv,Türkiye,180,180,720,0,0,0,0,0
Mod1_Day_2002_3.csv,China,1441,1441,5764,36,8,10,8,10
Mod1_Day_2002_3.csv,Türkiye,180,180,720,0,0,0,0,0
Mod1_Day_2002_30.csv,China,1441,1441,5764,0,0,0,0,0
Mod1_Day_2002_30.csv,Türkiye,180,180,720,0,0,0,0,0
Mod1_Day_2002_4.csv,China,1441,1441,5764,0,0,0,0,0
Mod1_Day_2002_4.csv,Türkiye,180,180,720,0,0,0,0,0
Mod1_Day_2002_5.csv,China,1441,1441,5764,0,0,0,0,0
Mod1_Day_2002_5.csv,Türkiye,180,180,720,0,0,0,0,0
Mod1_Day_2002_6.csv,China,1441,1441,5764,12,3,3,3,3
Mod1_Day_2002_6.csv,Türkiye,180,180,720,0,0,0,0,0
Mod1_Day_2002_7.csv,China,1441,1441,5764,4,1,1,1,1
Mod1_Day_2002_7.csv,Türkiye,180,180,720,0,0,0,0,0
Mod1_Day_2002_8.csv,China,1441,1441,5764,0,0,0,0,0
Mod1_Day_2002_8.csv,Türkiye,180,180,720,0,0,0,0,0
Mod1_Day_2002_9.csv,China,1441,1441,5764,0,0,0,0,0
Mod1_Day_2002_9.csv,Türkiye,180,180,720,0,0,0,0,0
Mod1_Day_2003_1.csv,China,1441,1441,5764,4,1,1,1,1
Mod1_Day_2003_1.csv,Türkiye,180,180,720,0,0,0,0,0
Mod1_Day_2003_10.csv,China,1441,1441,5764,0,0,0,0,0
Mod1_Day_2003_10.csv,Türkiye,180,180,720,0,0,0,0,0
Mod1_Day_2003_11.csv,China,1441,1441,5764,0,0,0,0,0
Mod1_Day_2003_11.csv,Türkiye,180,180,720,0,0,0,0,0
Mod1_Day_2003_12.csv,China,1441,1441,5764,8,2,2,2,2
Mod1_Day_2003_12.csv,Türkiye,180,180,720,0,0,0,0,0
Mod1_Day_2003_2.csv,China,1441,1441,5764,0,0,0,0,0
Mod1_Day_2003_2.csv,Türkiye,180,180,720,0,0,0,0,0
Mod1_Day_2003_21.csv,China,1441,1441,5764,0,0,0,0,0
Mod1_Day_2003_21.csv,Türkiye,180,180,720,0,0,0,0,0
Mod1_Day_2003_22.csv,China,1441,1441,5764,0,0,0,0,0
Mod1_Day_2003_22.csv,Türkiye,180,180,720,0,0,0,0,0
Mod1_Day_2003_23.csv,China,1441,1441,5764,0,0,0,0,0
Mod1_Day_2003_23.csv,Türkiye,180,180,720,0,0,0,0,0
Mod1_Day_2003_24.csv,China,1441,1441,5764,0,0,0,0,0
Mod1_Day_2003_24.csv,Türkiye,180,180,720,0,0,0,0,0
Mod1_Day_2003_3.csv,China,1441,1441,5764,16,4,4,4,4
Mod1_Day_2003_3.csv,Türkiye,180,180,720,0,0,0,0,0
Mod1_Day_2003_30.csv,China,1441,1441,5764,0,0,0,0,0
Mod1_Day_2003_30.csv,Türkiye,180,180,720,0,0,0,0,0
Mod1_Day_2003_4.csv,China,1441,1441,5764,0,0,0,0,0
Mod1_Day_2003_4.csv,Türkiye,180,180,720,0,0,0,0,0
Mod1_Day_2003_5.csv,China,1441,1441,5764,0,0,0,0,0
Mod1_Day_2003_5.csv,Türkiye,180,180,720,0,0,0,0,0
Mod1_Day_2003_6.csv,China,1441,1441,5764,4,1,1,1,1
Mod1_Day_2003_6.csv,Türkiye,180,180,720,0,0,0,0,0
Mod1_Day_2003_7.csv,China,1441,1441,5764,4,1,1,1,1
Mod1_Day_2003_7.csv,Türkiye,180,180,720,0,0,0,0,0
Mod1_Day_2003_8.csv,China,1441,1441,5764,12,3,3,3,3
Mod1_Day_2003_8.csv,Türkiye,180,180,720,0,0,0,0,0
Mod1_Day_2003_9.csv,China,1441,1441,5764,0,0,0,0,0
Mod1_Day_2003_9.csv,Türkiye,180,180,720,0,0,0,0,0
Mod1_Day_2004_1.csv,China,1441,1441,5764,28,7,7,8,6
Mod1_Day_2004_1.csv,Türkiye,180,180,720,0,0,0,0,0
Mod1_Day_2004_10.csv,China,1441,1441,5764,4,1,1,1,1
Mod1_Day_2004_10.csv,Türkiye,180,180,720,0,0,0,0,0
Mod1_Day_2004_11.csv,China,1441,1441,5764,14,3,3,4,4
Mod1_Day_2004_11.csv,Türkiye,180,180,720,0,0,0,0,0
Mod1_Day_2004_12.csv,China,1441,1441,5764,21,5,6,5,5
Mod1_Day_2004_12.csv,Türkiye,180,180,720,0,0,0,0,0
Mod1_Day_2004_2.csv,China,1441,1441,5764,0,0,0,0,0
Mod1_Day_2004_2.csv,Türkiye,180,180,720,0,0,0,0,0
Mod1_Day_2004_21.csv,China,1441,1441,5764,0,0,0,0,0
Mod1_Day_2004_21.csv,Türkiye,180,180,720,0,0,0,0,0
Mod1_Day_2004_22.csv,China,1441,1441,5764,0,0,0,0,0
Mod1_Day_2004_22.csv,Türkiye,180,180,720,0,0,0,0,0
Mod1_Day_2004_23.csv,China,1441,1441,5764,0,0,0,0,0
Mod1_Day_2004_23.csv,Türkiye,180,180,720,0,0,0,0,0
Mod1_Day_2004_24.csv,China,1441,1441,5764,0,0,0,0,0
Mod1_Day_2004_24.csv,Türkiye,180,180,720,0,0,0,0,0
Mod1_Day_2004_3.csv,China,1441,1441,5764,0,0,0,0,0
Mod1_Day_2004_3.csv,Türkiye,180,180,720,0,0,0,0,0
Mod1_Day_2004_30.csv,China,1441,1441,5764,0,0,0,0,0
Mod1_Day_2004_30.csv,Türkiye,180,180,720,0,0,0,0,0
Mod1_Day_2004_4.csv,China,1441,1441,5764,0,0,0,0,0
Mod1_Day_2004_4.csv,Türkiye,180,180,720,0,0,0,0,0
Mod1_Day_2004_5.csv,China,1441,1441,5764,0,0,0,0,0
Mod1_Day_2004_5.csv,Türkiye,180,180,720,0,0,0,0,0
Mod1_Day_2004_6.csv,China,1441,1441,5764,4,1,1,1,1
Mod1_Day_2004_6.csv,Türkiye,180,180,720,0,0,0,0,0
Mod1_Day_2004_7.csv,China,1441,1441,5764,4,1,1,1,1
Mod1_Day_2004_7.csv,Türkiye,180,180,720,0,0,0,0,0
Mod1_Day_2004_8.csv,China,1441,1441,5764,0,0,0,0,0
Mod1_Day_2004_8.csv,Türkiye,180,180,720,0,0,0,0,0
Mod1_Day_2004_9.csv,China,1441,1441,5764,4,1,1,1,1
Mod1_Day_2004_9.csv,Türkiye,180,180,720,0,0,0,0,0
Mod1_Day_2005_1.csv,China,1441,1441,5764,13,3,3,4,3
Mod1_Day_2005_1.csv,Türkiye,180,180,720,0,0,0,0,0
Mod1_Day_2005_10.csv,China,1441,1441,5764,0,0,0,0,0
Mod1_Day_2005_10.csv,Türkiye,180,180,720,0,0,0,0,0
Mod1_Day_2005_11.csv,China,1441,1441,5764,32,8,8,8,8
Mod1_Day_2005_11.csv,Türkiye,180,180,720,0,0,0,0,0
Mod1_Day_2005_12.csv,China,1441,1441,5764,28,7,7,7,7
Mod1_Day_2005_12.csv,Türkiye,180,180,720,0,0,0,0,0
Mod1_Day_2005_2.csv,China,1441,1441,5764,97,23,25,25,24
Mod1_Day_2005_2.csv,Türkiye,180,180,720,0,0,0,0,0
Mod1_Day_2005_21.csv,China,1441,1441,5764,0,0,0,0,0
Mod1_Day_2005_21.csv,Türkiye,180,180,720,0,0,0,0,0
Mod1_Day_2005_22.csv,China,1441,1441,5764,0,0,0,0,0
Mod1_Day_2005_22.csv,Türkiye,180,180,720,0,0,0,0,0
Mod1_Day_2005_23.csv,China,1441,1441,5764,0,0,0,0,0
Mod1_Day_2005_23.csv,Türkiye,180,180,720,0,0,0,0,0
Mod1_Day_2005_24.csv,China,1441,1441,5764,0,0,0,0,0
Mod1_Day_2005_24.csv,Türkiye,180,180,720,0,0,0,0,0
Mod1_Day_2005_3.csv,China,1441,1441,5764,0,0,0,0,0
Mod1_Day_2005_3.csv,Türkiye,180,180,720,0,0,0,0,0
Mod1_Day_2005_30.csv,China,1441,1441,5764,0,0,0,0,0
Mod1_Day_2005_30.csv,Türkiye,180,180,720,0,0,0,0,0
Mod1_Day_2005_4.csv,China,1441,1441,5764,12,3,3,3,3
Mod1_Day_2005_4.csv,Türkiye,180,180,720,0,0,0,0,0
Mod1_Day_2005_5.csv,China,1441,1441,5764,4,1,1,1,1
Mod1_Day_2005_5.csv,Türkiye,180,180,720,0,0,0,0,0
Mod1_Day_2005_6.csv,China,1441,1441,5764,110,27,28,27,28
Mod1_Day_2005_6.csv,Türkiye,180,180,720,0,0,0,0,0
Mod1_Day_2005_7.csv,China,1441,1441,5764,0,0,0,0,0
Mod1_Day_2005_7.csv,Türkiye,180,180,720,0,0,0,0,0
Mod1_Day_2005_8.csv,China,1441,1441,5764,8,2,2,2,2
Mod1_Day_2005_8.csv,Türkiye,180,180,720,0,0,0,0,0
Mod1_Day_2005_9.csv,China,1441,1441,5764,0,0,0,0,0
Mod1_Day_2005_9.csv,Türkiye,180,180,720,0,0,0,0,0
Mod1_Day_2006_1.csv,China,1441,1441,5764,4,1,1,1,1
Mod1_Day_2006_1.csv,Türkiye,180,180,720,0,0,0,0,0
Mod1_Day_2006_10.csv,China,1441,1441,5764,9,2,2,3,2
Mod1_Day_2006_10.csv,Türkiye,180,180,720,0,0,0,0,0
Mod1_Day_2006_11.csv,China,1441,1441,5764,0,0,0,0,0
Mod1_Day_2006_11.csv,Türkiye,180,180,720,0,0,0,0,0
Mod1_Day_2006_12.csv,China,1441,1441,5764,16,4,4,4,4
Mod1_Day_2006_12.csv,Türkiye,180,180,720,0,0,0,0,0
Mod1_Day_2006_2.csv,China,1441,1441,5764,72,18,18,18,18
Mod1_Day_2006_2.csv,Türkiye,180,180,720,0,0,0,0,0
Mod1_Day_2006_21.csv,China,1441,1441,5764,0,0,0,0,0
Mod1_Day_2006_21.csv,Türkiye,180,180,720,0,0,0,0,0
Mod1_Day_2006_22.csv,China,1441,1441,5764,0,0,0,0,0
Mod1_Day_2006_22.csv,Türkiye,180,180,720,0,0,0,0,0
Mod1_Day_2006_23.csv,China,1441,1441,5764,0,0,0,0,0
Mod1_Day_2006_23.csv,Türkiye,180,180,720,0,0,0,0,0
Mod1_Day_2006_24.csv,China,1441,1441,5764,0,0,0,0,0
Mod1_Day_2006_24.csv,Türkiye,180,180,720,0,0,0,0,0
Mod1_Day_2006_3.csv,China,1441,1441,5764,0,0,0,0,0
Mod1_Day_2006_3.csv,Türkiye,180,180,720,0,0,0,0,0
Mod1_Day_2006_30.csv,China,1441,1441,5764,0,0,0,0,0
Mod1_Day_2006_30.csv,Türkiye,180,180,720,0,0,0,0,0
Mod1_Day_2006_4.csv,China,1441,1441,5764,12,3,3,3,3
Mod1_Day_2006_4.csv,Türkiye,180,180,720,0,0,0,0,0
Mod1_Day_2006_5.csv,China,1441,1441,5764,0,0,0,0,0
Mod1_Day_2006_5.csv,Türkiye,180,180,720,0,0,0,0,0
Mod1_Day_2006_6.csv,China,1441,1441,5764,8,2,2,2,2
Mod1_Day_2006_6.csv,Türkiye,180,180,720,0,0,0,0,0
Mod1_Day_2006_7.csv,China,1441,1441,5764,8,2,2,2,2
Mod1_Day_2006_7.csv,Türkiye,180,180,720,0,0,0,0,0
Mod1_Day_2006_8.csv,China,1441,1441,5764,0,0,0,0,0
Mod1_Day_2006_8.csv,Türkiye,180,180,720,0,0,0,0,0
Mod1_Day_2006_9.csv,China,1441,1441,5764,8,2,2,2,2
Mod1_Day_2006_9.csv,Türkiye,180,180,720,0,0,0,0,0
Mod1_Day_2007_1.csv,China,1441,1441,5764,0,0,0,0,0
Mod1_Day_2007_1.csv,Türkiye,180,180,720,0,0,0,0,0
Mod1_Day_2007_10.csv,China,1441,1441,5764,44,11,11,11,11
Mod1_Day_2007_10.csv,Türkiye,180,180,720,0,0,0,0,0
Mod1_Day_2007_11.csv,China,1441,1441,5764,0,0,0,0,0
Mod1_Day_2007_11.csv,Türkiye,180,180,720,0,0,0,0,0
Mod1_Day_2007_12.csv,China,1441,1441,5764,12,3,3,3,3
Mod1_Day_2007_12.csv,Türkiye,180,180,720,0,0,0,0,0
Mod1_Day_2007_2.csv,China,1441,1441,5764,0,0,0,0,0
Mod1_Day_2007_2.csv,Türkiye,180,180,720,0,0,0,0,0
Mod1_Day_2007_21.csv,China,1441,1441,5764,0,0,0,0,0
Mod1_Day_2007_21.csv,Türkiye,180,180,720,0,0,0,0,0
Mod1_Day_2007_22.csv,China,1441,1441,5764,0,0,0,0,0
Mod1_Day_2007_22.csv,Türkiye,180,180,720,0,0,0,0,0
Mod1_Day_2007_23.csv,China,1441,1441,5764,0,0,0,0,0
Mod1_Day_2007_23.csv,Türkiye,180,180,720,0,0,0,0,0
Mod1_Day_2007_24.csv,China,1441,1441,5764,0,0,0,0,0
Mod1_Day_2007_24.csv,Türkiye,180,180,720,0,0,0,0,0
Mod1_Day_2007_3.csv,China,1441,1441,5764,48,11,12,13,12
Mod1_Day_2007_3.csv,Türkiye,180,180,720,0,0,0,0,0
Mod1_Day_2007_30.csv,China,1441,1441,5764,0,0,0,0,0
Mod1_Day_2007_30.csv,Türkiye,180,180,720,0,0,0,0,0
Mod1_Day_2007_4.csv,China,1441,1441,5764,0,0,0,0,0
Mod1_Day_2007_4.csv,Türkiye,180,180,720,0,0,0,0,0
Mod1_Day_2007_5.csv,China,1441,1441,5764,0,0,0,0,0
Mod1_Day_2007_5.csv,Türkiye,180,180,720,0,0,0,0,0
Mod1_Day_2007_6.csv,China,1441,1441,5764,25,6,6,6,7
Mod1_Day_2007_6.csv,Türkiye,180,180,720,0,0,0,0,0
Mod1_Day_2007_7.csv,China,1441,1441,5764,33,8,8,9,8
Mod1_Day_2007_7.csv,Türkiye,180,180,720,0,0,0,0,0
Mod1_Day_2007_8.csv,China,1441,1441,5764,0,0,0,0,0
Mod1_Day_2007_8.csv,Türkiye,180,180,720,0,0,0,0,0
Mod1_Day_2007_9.csv,China,1441,1441,5764,0,0,0,0,0
Mod1_Day_2007_9.csv,Türkiye,180,180,720,0,0,0,0,0
Mod1_Day_2008_1.csv,China,1441,1441,5764,40,10,10,10,10
Mod1_Day_2008_1.csv,Türkiye,180,180,720,0,0,0,0,0
Mod1_Day_2008_10.csv,China,1441,1441,5764,0,0,0,0,0
Mod1_Day_2008_10.csv,Türkiye,180,180,720,0,0,0,0,0
Mod1_Day_2008_11.csv,China,1441,1441,5764,0,0,0,0,0
Mod1_Day_2008_11.csv,Türkiye,180,180,720,0,0,0,0,0
Mod1_Day_2008_12.csv,China,1441,1441,5764,7,1,2,2,2
Mod1_Day_2008_12.csv,Türkiye,180,180,720,0,0,0,0,0
Mod1_Day_2008_2.csv,China,1441,1441,5764,4320,1080,1080,1080,1080
Mod1_Day_2008_2.csv,Türkiye,180,180,720,48,12,12,12,12
Mod1_Day_2008_21.csv,China,1441,1441,5764,0,0,0,0,0
Mod1_Day_2008_21.csv,Türkiye,180,180,720,0,0,0,0,0
Mod1_Day_2008_22.csv,China,1441,1441,5764,0,0,0,0,0
Mod1_Day_2008_22.csv,Türkiye,180,180,720,0,0,0,0,0
Mod1_Day_2008_23.csv,China,1441,1441,5764,0,0,0,0,0
Mod1_Day_2008_23.csv,Türkiye,180,180,720,0,0,0,0,0
Mod1_Day_2008_24.csv,China,1441,1441,5764,3,0,1,1,1
Mod1_Day_2008_24.csv,Türkiye,180,180,720,0,0,0,0,0
Mod1_Day_2008_3.csv,China,1441,1441,5764,0,0,0,0,0
Mod1_Day_2008_3.csv,Türkiye,180,180,720,0,0,0,0,0
Mod1_Day_2008_30.csv,China,1441,1441,5764,0,0,0,0,0
Mod1_Day_2008_30.csv,Türkiye,180,180,720,0,0,0,0,0
Mod1_Day_2008_4.csv,China,1441,1441,5764,24,6,6,6,6
Mod1_Day_2008_4.csv,Türkiye,180,180,720,0,0,0,0,0
Mod1_Day_2008_5.csv,China,1441,1441,5764,0,0,0,0,0
Mod1_Day_2008_5.csv,Türkiye,180,180,720,0,0,0,0,0
Mod1_Day_2008_6.csv,China,1441,1441,5764,16,4,4,4,4
Mod1_Day_2008_6.csv,Türkiye,180,180,720,0,0,0,0,0
Mod1_Day_2008_7.csv,China,1441,1441,5764,48,12,12,12,12
Mod1_Day_2008_7.csv,Türkiye,180,180,720,0,0,0,0,0
Mod1_Day_2008_8.csv,China,1441,1441,5764,0,0,0,0,0
Mod1_Day_2008_8.csv,Türkiye,180,180,720,0,0,0,0,0
Mod1_Day_2008_9.csv,China,1441,1441,5764,0,0,0,0,0
Mod1_Day_2008_9.csv,Türkiye,180,180,720,0,0,0,0,0
Mod1_Day_2009_1.csv,China,1441,1441,5764,0,0,0,0,0
Mod1_Day_2009_1.csv,Türkiye,180,180,720,0,0,0,0,0
Mod1_Day_2009_10.csv,China,1441,1441,5764,0,0,0,0,0
Mod1_Day_2009_10.csv,Türkiye,180,180,720,0,0,0,0,0
Mod1_Day_2009_11.csv,China,1441,1441,5764,0,0,0,0,0
Mod1_Day_2009_11.csv,Türkiye,180,180,720,0,0,0,0,0
Mod1_Day_2009_12.csv,China,1441,1441,5764,5,1,1,2,1
Mod1_Day_2009_12.csv,Türkiye,180,180,720,0,0,0,0,0
Mod1_Day_2009_2.csv,China,1441,1441,5764,16,4,4,4,4
Mod1_Day_2009_2.csv,Türkiye,180,180,720,0,0,0,0,0
Mod1_Day_2009_21.csv,China,1441,1441,5764,0,0,0,0,0
Mod1_Day_2009_21.csv,Türkiye,180,180,720,0,0,0,0,0
Mod1_Day_2009_22.csv,China,1441,1441,5764,0,0,0,0,0
Mod1_Day_2009_22.csv,Türkiye,180,180,720,0,0,0,0,0
Mod1_Day_2009_23.csv,China,1441,1441,5764,0,0,0,0,0
Mod1_Day_2009_23.csv,Türkiye,180,180,720,0,0,0,0,0
Mod1_Day_2009_24.csv,China,1441,1441,5764,0,0,0,0,0
Mod1_Day_2009_24.csv,Türkiye,180,180,720,0,0,0,0,0
Mod1_Day_2009_3.csv,China,1441,1441,5764,0,0,0,0,0
Mod1_Day_2009_3.csv,Türkiye,180,180,720,0,0,0,0,0
Mod1_Day_2009_30.csv,China,1441,1441,5764,0,0,0,0,0
Mod1_Day_2009_30.csv,Türkiye,180,180,720,0,0,0,0,0
Mod1_Day_2009_4.csv,China,1441,1441,5764,0,0,0,0,0
Mod1_Day_2009_4.csv,Türkiye,180,180,720,0,0,0,0,0
Mod1_Day_2009_5.csv,China,1441,1441,5764,0,0,0,0,0
Mod1_Day_2009_5.csv,Türkiye,180,180,720,0,0,0,0,0
Mod1_Day_2009_6.csv,China,1441,1441,5764,0,0,0,0,0
Mod1_Day_2009_6.csv,Türkiye,180,180,720,0,0,0,0,0
Mod1_Day_2009_7.csv,China,1441,1441,5764,8,2,2,2,2
Mod1_Day_2009_7.csv,Türkiye,180,180,720,0,0,0,0,0
Mod1_Day_2009_8.csv,China,1441,1441,5764,0,0,0,0,0
Mod1_Day_2009_8.csv,Türkiye,180,180,720,0,0,0,0,0
Mod1_Day_2009_9.csv,China,1441,1441,5764,0,0,0,0,0
Mod1_Day_2009_9.csv,Türkiye,180,180,720,0,0,0,0,0
Mod1_Day_2010_1.csv,China,1441,1441,5764,19,4,5,5,5
Mod1_Day_2010_1.csv,Türkiye,180,180,720,0,0,0,0,0
Mod1_Day_2010_10.csv,China,1441,1441,5764,4,1,1,1,1
Mod1_Day_2010_10.csv,Türkiye,180,180,720,0,0,0,0,0
Mod1_Day_2010_11.csv,China,1441,1441,5764,0,0,0,0,0
Mod1_Day_2010_11.csv,Türkiye,180,180,720,0,0,0,0,0
Mod1_Day_2010_12.csv,China,1441,1441,5764,0,0,0,0,0
Mod1_Day_2010_12.csv,Türkiye,180,180,720,0,0,0,0,0
Mod1_Day_2010_2.csv,China,1441,1441,5764,12,3,3,3,3
Mod1_Day_2010_2.csv,Türkiye,180,180,720,0,0,0,0,0
Mod1_Day_2010_21.csv,China,1441,1441,5764,0,0,0,0,0
Mod1_Day_2010_21.csv,Türkiye,180,180,720,0,0,0,0,0
Mod1_Day_2010_22.csv,China,1441,1441,5764,0,0,0,0,0
Mod1_Day_2010_22.csv,Türkiye,180,180,720,0,0,0,0,0
Mod1_Day_2010_23.csv,China,1441,1441,5764,0,0,0,0,0
Mod1_Day_2010_23.csv,Türkiye,180,180,720,0,0,0,0,0
Mod1_Day_2010_24.csv,China,1441,1441,5764,0,0,0,0,0
Mod1_Day_2010_24.csv,Türkiye,180,180,720,0,0,0,0,0
Mod1_Day_2010_3.csv,China,1441,1441,5764,0,0,0,0,0
Mod1_Day_2010_3.csv,Türkiye,180,180,720,0,0,0,0,0
Mod1_Day_2010_30.csv,China,1441,1441,5764,0,0,0,0,0
Mod1_Day_2010_30.csv,Türkiye,180,180,720,0,0,0,0,0
Mod1_Day_2010_4.csv,China,1441,1441,5764,29,7,7,8,7
Mod1_Day_2010_4.csv,Türkiye,180,180,720,0,0,0,0,0
Mod1_Day_2010_5.csv,China,1441,1441,5764,4,1,1,1,1
Mod1_Day_2010_5.csv,Türkiye,180,180,720,0,0,0,0,0
Mod1_Day_2010_6.csv,China,1441,1441,5764,153,38,38,39,38
Mod1_Day_2010_6.csv,Türkiye,180,180,720,0,0,0,0,0
Mod1_Day_2010_7.csv,China,1441,1441,5764,4,1,1,1,1
Mod1_Day_2010_7.csv,Türkiye,180,180,720,0,0,0,0,0
Mod1_Day_2010_8.csv,China,1441,1441,5764,0,0,0,0,0
Mod1_Day_2010_8.csv,Türkiye,180,180,720,0,0,0,0,0
Mod1_Day_2010_9.csv,China,1441,1441,5764,0,0,0,0,0
Mod1_Day_2010_9.csv,Türkiye,180,180,720,0,0,0,0,0
Mod1_Day_2011_1.csv,China,1441,1441,5764,118,28,30,30,30
Mod1_Day_2011_1.csv,Türkiye,180,180,720,0,0,0,0,0
Mod1_Day_2011_10.csv,China,1441,1441,5764,0,0,0,0,0
Mod1_Day_2011_10.csv,Türkiye,180,180,720,0,0,0,0,0
Mod1_Day_2011_11.csv,China,1441,1441,5764,4,1,1,1,1
Mod1_Day_2011_11.csv,Türkiye,180,180,720,0,0,0,0,0
Mod1_Day_2011_12.csv,China,1441,1441,5764,18,5,5,4,4
Mod1_Day_2011_12.csv,Türkiye,180,180,720,0,0,0,0,0
Mod1_Day_2011_2.csv,China,1441,1441,5764,2,0,1,0,1
Mod1_Day_2011_2.csv,Türkiye,180,180,720,0,0,0,0,0
Mod1_Day_2011_21.csv,China,1441,1441,5764,0,0,0,0,0
Mod1_Day_2011_21.csv,Türkiye,180,180,720,0,0,0,0,0
Mod1_Day_2011_22.csv,China,1441,1441,5764,0,0,0,0,0
Mod1_Day_2011_22.csv,Türkiye,180,180,720,0,0,0,0,0
Mod1_Day_2011_23.csv,China,1441,1441,5764,0,0,0,0,0
Mod1_Day_2011_23.csv,Türkiye,180,180,720,0,0,0,0,0
Mod1_Day_2011_24.csv,China,1441,1441,5764,0,0,0,0,0
Mod1_Day_2011_24.csv,Türkiye,180,180,720,0,0,0,0,0
Mod1_Day_2011_3.csv,China,1441,1441,5764,15,3,4,4,4
Mod1_Day_2011_3.csv,Türkiye,180,180,720,0,0,0,0,0
Mod1_Day_2011_30.csv,China,1441,1441,5764,0,0,0,0,0
Mod1_Day_2011_30.csv,Türkiye,180,180,720,0,0,0,0,0
Mod1_Day_2011_4.csv,China,1441,1441,5764,0,0,0,0,0
Mod1_Day_2011_4.csv,Türkiye,180,180,720,0,0,0,0,0
Mod1_Day_2011_5.csv,China,1441,1441,5764,0,0,0,0,0
Mod1_Day_2011_5.csv,Türkiye,180,180,720,0,0,0,0,0
Mod1_Day_2011_6.csv,China,1441,1441,5764,56,14,14,14,14
Mod1_Day_2011_6.csv,Türkiye,180,180,720,0,0,0,0,0
Mod1_Day_2011_7.csv,China,1441,1441,5764,0,0,0,0,0
Mod1_Day_2011_7.csv,Türkiye,180,180,720,0,0,0,0,0
Mod1_Day_2011_8.csv,China,1441,1441,5764,4,1,1,1,1
Mod1_Day_2011_8.csv,Türkiye,180,180,720,0,0,0,0,0
Mod1_Day_2011_9.csv,China,1441,1441,5764,4,1,1,1,1
Mod1_Day_2011_9.csv,Türkiye,180,180,720,0,0,0,0,0
Mod1_Day_2012_1.csv,China,1441,1441,5764,200,49,50,51,50
Mod1_Day_2012_1.csv,Türkiye,180,180,720,0,0,0,0,0
Mod1_Day_2012_10.csv,China,1441,1441,5764,1,1,0,0,0
Mod1_Day_2012_10.csv,Türkiye,180,180,720,0,0,0,0,0
Mod1_Day_2012_11.csv,China,1441,1441,5764,8,2,2,2,2
Mod1_Day_2012_11.csv,Türkiye,180,180,720,0,0,0,0,0
Mod1_Day_2012_12.csv,China,1441,1441,5764,0,0,0,0,0
Mod1_Day_2012_12.csv,Türkiye,180,180,720,0,0,0,0,0
Mod1_Day_2012_2.csv,China,1441,1441,5764,138,33,35,35,35
Mod1_Day_2012_2.csv,Türkiye,180,180,720,0,0,0,0,0
Mod1_Day_2012_21.csv,China,1441,1441,5764,0,0,0,0,0
Mod1_Day_2012_21.csv,Türkiye,180,180,720,0,0,0,0,0
Mod1_Day_2012_22.csv,China,1441,1441,5764,0,0,0,0,0
Mod1_Day_2012_22.csv,Türkiye,180,180,720,0,0,0,0,0
Mod1_Day_2012_23.csv,China,1441,1441,5764,0,0,0,0,0
Mod1_Day_2012_23.csv,Türkiye,180,180,720,0,0,0,0,0
Mod1_Day_2012_24.csv,China,1441,1441,5764,0,0,0,0,0
Mod1_Day_2012_24.csv,Türkiye,180,180,720,0,0,0,0,0
Mod1_Day_2012_3.csv,China,1441,1441,5764,8,2,2,2,2
Mod1_Day_2012_3.csv,Türkiye,180,180,720,0,0,0,0,0
Mod1_Day_2012_30.csv,China,1441,1441,5764,0,0,0,0,0
Mod1_Day_2012_30.csv,Türkiye,180,180,720,0,0,0,0,0
Mod1_Day_2012_4.csv,China,1441,1441,5764,0,0,0,0,0
Mod1_Day_2012_4.csv,Türkiye,180,180,720,0,0,0,0,0
Mod1_Day_2012_5.csv,China,1441,1441,5764,12,3,3,3,3
Mod1_Day_2012_5.csv,Türkiye,180,180,720,0,0,0,0,0
Mod1_Day_2012_6.csv,China,1441,1441,5764,44,10,12,10,12
Mod1_Day_2012_6.csv,Türkiye,180,180,720,0,0,0,0,0
Mod1_Day_2012_7.csv,China,1441,1441,5764,24,6,6,6,6
Mod1_Day_2012_7.csv,Türkiye,180,180,720,0,0,0,0,0
Mod1_Day_2012_8.csv,China,1441,1441,5764,0,0,0,0,0
Mod1_Day_2012_8.csv,Türkiye,180,180,720,0,0,0,0,0
Mod1_Day_2012_9.csv,China,1441,1441,5764,12,3,3,3,3
Mod1_Day_2012_9.csv,Türkiye,180,180,720,0,0,0,0,0
Mod1_Day_2013_1.csv,China,1441,1441,5764,16,4,4,4,4
Mod1_Day_2013_1.csv,Türkiye,180,180,720,0,0,0,0,0
Mod1_Day_2013_10.csv,China,1441,1441,5764,0,0,0,0,0
Mod1_Day_2013_10.csv,Türkiye,180,180,720,0,0,0,0,0
Mod1_Day_2013_11.csv,China,1441,1441,5764,0,0,0,0,0
Mod1_Day_2013_11.csv,Türkiye,180,180,720,0,0,0,0,0
Mod1_Day_2013_12.csv,China,1441,1441,5764,0,0,0,0,0
Mod1_Day_2013_12.csv,Türkiye,180,180,720,0,0,0,0,0
Mod1_Day_2013_2.csv,China,1441,1441,5764,80,18,22,19,21
Mod1_Day_2013_2.csv,Türkiye,180,180,720,4,1,1,1,1
Mod1_Day_2013_21.csv,China,1441,1441,5764,0,0,0,0,0
Mod1_Day_2013_21.csv,Türkiye,180,180,720,0,0,0,0,0
Mod1_Day_2013_22.csv,China,1441,1441,5764,0,0,0,0,0
Mod1_Day_2013_22.csv,Türkiye,180,180,720,0,0,0,0,0
Mod1_Day_2013_23.csv,China,1441,1441,5764,0,0,0,0,0
Mod1_Day_2013_23.csv,Türkiye,180,180,720,0,0,0,0,0
Mod1_Day_2013_24.csv,China,1441,1441,5764,0,0,0,0,0
Mod1_Day_2013_24.csv,Türkiye,180,180,720,0,0,0,0,0
Mod1_Day_2013_3.csv,China,1441,1441,5764,0,0,0,0,0
Mod1_Day_2013_3.csv,Türkiye,180,180,720,0,0,0,0,0
Mod1_Day_2013_30.csv,China,1441,1441,5764,0,0,0,0,0
Mod1_Day_2013_30.csv,Türkiye,180,180,720,0,0,0,0,0
Mod1_Day_2013_4.csv,China,1441,1441,5764,8,2,2,2,2
Mod1_Day_2013_4.csv,Türkiye,180,180,720,0,0,0,0,0
Mod1_Day_2013_5.csv,China,1441,1441,5764,0,0,0,0,0
Mod1_Day_2013_5.csv,Türkiye,180,180,720,0,0,0,0,0
Mod1_Day_2013_6.csv,China,1441,1441,5764,0,0,0,0,0
Mod1_Day_2013_6.csv,Türkiye,180,180,720,0,0,0,0,0
Mod1_Day_2013_7.csv,China,1441,1441,5764,4,1,1,1,1
Mod1_Day_2013_7.csv,Türkiye,180,180,720,0,0,0,0,0
Mod1_Day_2013_8.csv,China,1441,1441,5764,0,0,0,0,0
Mod1_Day_2013_8.csv,Türkiye,180,180,720,0,0,0,0,0
Mod1_Day_2013_9.csv,China,1441,1441,5764,0,0,0,0,0
Mod1_Day_2013_9.csv,Türkiye,180,180,720,0,0,0,0,0
Mod1_Day_2014_1.csv,China,1441,1441,5764,0,0,0,0,0
Mod1_Day_2014_1.csv,Türkiye,180,180,720,0,0,0,0,0
Mod1_Day_2014_10.csv,China,1441,1441,5764,0,0,0,0,0
Mod1_Day_2014_10.csv,Türkiye,180,180,720,0,0,0,0,0
Mod1_Day_2014_11.csv,China,1441,1441,5764,0,0,0,0,0
Mod1_Day_2014_11.csv,Türkiye,180,180,720,0,0,0,0,0
Mod1_Day_2014_12.csv,China,1441,1441,5764,0,0,0,0,0
Mod1_Day_2014_12.csv,Türkiye,180,180,720,0,0,0,0,0
Mod1_Day_2014_2.csv,China,1441,1441,5764,82,20,21,21,20
Mod1_Day_2014_2.csv,Türkiye,180,180,720,0,0,0,0,0
Mod1_Day_2014_21.csv,China,1441,1441,5764,0,0,0,0,0
Mod1_Day_2014_21.csv,Türkiye,180,180,720,0,0,0,0,0
Mod1_Day_2014_22.csv,China,1441,1441,5764,0,0,0,0,0
Mod1_Day_2014_22.csv,Türkiye,180,180,720,0,0,0,0,0
Mod1_Day_2014_23.csv,China,1441,1441,5764,0,0,0,0,0
Mod1_Day_2014_23.csv,Türkiye,180,180,720,0,0,0,0,0
Mod1_Day_2014_24.csv,China,1441,1441,5764,0,0,0,0,0
Mod1_Day_2014_24.csv,Türkiye,180,180,720,0,0,0,0,0
Mod1_Day_2014_3.csv,China,1441,1441,5764,17,4,4,4,5
Mod1_Day_2014_3.csv,Türkiye,180,180,720,0,0,0,0,0
Mod1_Day_2014_30.csv,China,1441,1441,5764,0,0,0,0,0
Mod1_Day_2014_30.csv,Türkiye,180,180,720,0,0,0,0,0
Mod1_Day_2014_4.csv,China,1441,1441,5764,60,14,16,14,16
Mod1_Day_2014_4.csv,Türkiye,180,180,720,0,0,0,0,0
Mod1_Day_2014_5.csv,China,1441,1441,5764,44,11,11,11,11
Mod1_Day_2014_5.csv,Türkiye,180,180,720,0,0,0,0,0
Mod1_Day_2014_6.csv,China,1441,1441,5764,71,18,17,18,18
Mod1_Day_2014_6.csv,Türkiye,180,180,720,0,0,0,0,0
Mod1_Day_2014_7.csv,China,1441,1441,5764,4,1,1,1,1
Mod1_Day_2014_7.csv,Türkiye,180,180,720,0,0,0,0,0
Mod1_Day_2014_8.csv,China,1441,1441,5764,0,0,0,0,0
Mod1_Day_2014_8.csv,Türkiye,180,180,720,0,0,0,0,0
Mod1_Day_2014_9.csv,China,1441,1441,5764,9,3,2,2,2
Mod1_Day_2014_9.csv,Türkiye,180,180,720,0,0,0,0,0
Mod1_Day_2015_1.csv,China,1441,1441,5764,0,0,0,0,0
Mod1_Day_2015_1.csv,Türkiye,180,180,720,0,0,0,0,0
Mod1_Day_2015_10.csv,China,1441,1441,5764,0,0,0,0,0
Mod1_Day_2015_10.csv,Türkiye,180,180,720,0,0,0,0,0
Mod1_Day_2015_11.csv,China,1441,1441,5764,26,6,6,6,8
Mod1_Day_2015_11.csv,Türkiye,180,180,720,0,0,0,0,0
Mod1_Day_2015_12.csv,China,1441,1441,5764,0,0,0,0,0
Mod1_Day_2015_12.csv,Türkiye,180,180,720,0,0,0,0,0
Mod1_Day_2015_2.csv,China,1441,1441,5764,0,0,0,0,0
Mod1_Day_2015_2.csv,Türkiye,180,180,720,0,0,0,0,0
Mod1_Day_2015_21.csv,China,1441,1441,5764,0,0,0,0,0
Mod1_Day_2015_21.csv,Türkiye,180,180,720,0,0,0,0,0
Mod1_Day_2015_22.csv,China,1441,1441,5764,0,0,0,0,0
Mod1_Day_2015_22.csv,Türkiye,180,180,720,0,0,0,0,0
Mod1_Day_2015_23.csv,China,1441,1441,5764,0,0,0,0,0
Mod1_Day_2015_23.csv,Türkiye,180,180,720,0,0,0,0,0
Mod1_Day_2015_24.csv,China,1441,1441,5764,0,0,0,0,0
Mod1_Day_2015_24.csv,Türkiye,180,180,720,0,0,0,0,0
Mod1_Day_2015_3.csv,China,1441,1441,5764,84,20,22,20,22
Mod1_Day_2015_3.csv,Türkiye,180,180,720,0,0,0,0,0
Mod1_Day_2015_30.csv,China,1441,1441,5764,0,0,0,0,0
Mod1_Day_2015_30.csv,Türkiye,180,180,720,0,0,0,0,0
Mod1_Day_2015_4.csv,China,1441,1441,5764,0,0,0,0,0
Mod1_Day_2015_4.csv,Türkiye,180,180,720,0,0,0,0,0
Mod1_Day_2015_5.csv,China,1441,1441,5764,45,11,11,12,11
Mod1_Day_2015_5.csv,Türkiye,180,180,720,0,0,0,0,0
Mod1_Day_2015_6.csv,China,1441,1441,5764,30,7,8,7,8
Mod1_Day_2015_6.csv,Türkiye,180,180,720,0,0,0,0,0
Mod1_Day_2015_7.csv,China,1441,1441,5764,0,0,0,0,0
Mod1_Day_2015_7.csv,Türkiye,180,180,720,0,0,0,0,0
Mod1_Day_2015_8.csv,China,1441,1441,5764,4,1,1,1,1
Mod1_Day_2015_8.csv,Türkiye,180,180,720,0,0,0,0,0
Mod1_Day_2015_9.csv,China,1441,1441,5764,20,5,5,5,5
Mod1_Day_2015_9.csv,Türkiye,180,180,720,0,0,0,0,0
Mod1_Day_2016_1.csv,China,1441,1441,5764,9,2,3,2,2
Mod1_Day_2016_1.csv,Türkiye,180,180,720,0,0,0,0,0
Mod1_Day_2016_10.csv,China,1441,1441,5764,4,1,1,1,1
Mod1_Day_2016_10.csv,Türkiye,180,180,720,0,0,0,0,0
Mod1_Day_2016_11.csv,China,1441,1441,5764,0,0,0,0,0
Mod1_Day_2016_11.csv,Türkiye,180,180,720,0,0,0,0,0
Mod1_Day_2016_12.csv,China,1441,1441,5764,0,0,0,0,0
Mod1_Day_2016_12.csv,Türkiye,180,180,720,0,0,0,0,0
Mod1_Day_2016_2.csv,China,1441,1441,5764,0,0,0,0,0
Mod1_Day_2016_2.csv,Türkiye,180,180,720,0,0,0,0,0
Mod1_Day_2016_21.csv,China,1441,1441,5764,0,0,0,0,0
Mod1_Day_2016_21.csv,Türkiye,180,180,720,0,0,0,0,0
Mod1_Day_2016_22.csv,China,1441,1441,5764,0,0,0,0,0
Mod1_Day_2016_22.csv,Türkiye,180,180,720,0,0,0,0,0
Mod1_Day_2016_23.csv,China,1441,1441,5764,0,0,0,0,0
Mod1_Day_2016_23.csv,Türkiye,180,180,720,0,0,0,0,0
Mod1_Day_2016_24.csv,China,1441,1441,5764,0,0,0,0,0
Mod1_Day_2016_24.csv,Türkiye,180,180,720,0,0,0,0,0
Mod1_Day_2016_3.csv,China,1441,1441,5764,0,0,0,0,0
Mod1_Day_2016_3.csv,Türkiye,180,180,720,0,0,0,0,0
Mod1_Day_2016_30.csv,China,1441,1441,5764,0,0,0,0,0
Mod1_Day_2016_30.csv,Türkiye,180,180,720,0,0,0,0,0
Mod1_Day_2016_4.csv,China,1441,1441,5764,58,14,14,15,15
Mod1_Day_2016_4.csv,Türkiye,180,180,720,0,0,0,0,0
Mod1_Day_2016_5.csv,China,1441,1441,5764,0,0,0,0,0
Mod1_Day_2016_5.csv,Türkiye,180,180,720,0,0,0,0,0
Mod1_Day_2016_6.csv,China,1441,1441,5764,1,0,0,1,0
Mod1_Day_2016_6.csv,Türkiye,180,180,720,0,0,0,0,0
Mod1_Day_2016_7.csv,China,1441,1441,5764,0,0,0,0,0
Mod1_Day_2016_7.csv,Türkiye,180,180,720,0,0,0,0,0
Mod1_Day_2016_8.csv,China,1441,1441,5764,0,0,0,0,0
Mod1_Day_2016_8.csv,Türkiye,180,180,720,0,0,0,0,0
Mod1_Day_2016_9.csv,China,1441,1441,5764,0,0,0,0,0
Mod1_Day_2016_9.csv,Türkiye,180,180,720,0,0,0,0,0
Mod1_Day_2017_1.csv,China,1441,1441,5764,4,1,1,1,1
Mod1_Day_2017_1.csv,Türkiye,180,180,720,0,0,0,0,0
Mod1_Day_2017_10.csv,China,1441,1441,5764,8,2,2,2,2
Mod1_Day_2017_10.csv,Türkiye,180,180,720,0,0,0,0,0
Mod1_Day_2017_11.csv,China,1441,1441,5764,0,0,0,0,0
Mod1_Day_2017_11.csv,Türkiye,180,180,720,0,0,0,0,0
Mod1_Day_2017_12.csv,China,1441,1441,5764,0,0,0,0,0
Mod1_Day_2017_12.csv,Türkiye,180,180,720,0,0,0,0,0
Mod1_Day_2017_2.csv,China,1441,1441,5764,0,0,0,0,0
Mod1_Day_2017_2.csv,Türkiye,180,180,720,0,0,0,0,0
Mod1_Day_2017_21.csv,China,1441,1441,5764,0,0,0,0,0
Mod1_Day_2017_21.csv,Türkiye,180,180,720,0,0,0,0,0
Mod1_Day_2017_22.csv,China,1441,1441,5764,0,0,0,0,0
Mod1_Day_2017_22.csv,Türkiye,180,180,720,0,0,0,0,0
Mod1_Day_2017_23.csv,China,1441,1441,5764,0,0,0,0,0
Mod1_Day_2017_23.csv,Türkiye,180,180,720,0,0,0,0,0
Mod1_Day_2017_24.csv,China,1441,1441,5764,0,0,0,0,0
Mod1_Day_2017_24.csv,Türkiye,180,180,720,0,0,0,0,0
Mod1_Day_2017_3.csv,China,1441,1441,5764,12,3,3,3,3
Mod1_Day_2017_3.csv,Türkiye,180,180,720,0,0,0,0,0
Mod1_Day_2017_30.csv,China,1441,1441,5764,0,0,0,0,0
Mod1_Day_2017_30.csv,Türkiye,180,180,720,0,0,0,0,0
Mod1_Day_2017_4.csv,China,1441,1441,5764,0,0,0,0,0
Mod1_Day_2017_4.csv,Türkiye,180,180,720,0,0,0,0,0
Mod1_Day_2017_5.csv,China,1441,1441,5764,0,0,0,0,0
Mod1_Day_2017_5.csv,Türkiye,180,180,720,0,0,0,0,0
Mod1_Day_2017_6.csv,China,1441,1441,5764,207,52,51,52,52
Mod1_Day_2017_6.csv,Türkiye,180,180,720,0,0,0,0,0
Mod1_Day_2017_7.csv,China,1441,1441,5764,20,5,5,5,5
Mod1_Day_2017_7.csv,Türkiye,180,180,720,0,0,0,0,0
Mod1_Day_2017_8.csv,China,1441,1441,5764,0,0,0,0,0
Mod1_Day_2017_8.csv,Türkiye,180,180,720,0,0,0,0,0
Mod1_Day_2017_9.csv,China,1441,1441,5764,0,0,0,0,0
Mod1_Day_2017_9.csv,Türkiye,180,180,720,0,0,0,0,0
Mod1_Day_2018_1.csv,China,1441,1441,5764,8,2,2,2,2
Mod1_Day_2018_1.csv,Türkiye,180,180,720,0,0,0,0,0
Mod1_Day_2018_10.csv,China,1441,1441,5764,0,0,0,0,0
Mod1_Day_2018_10.csv,Türkiye,180,180,720,0,0,0,0,0
Mod1_Day_2018_11.csv,China,1441,1441,5764,0,0,0,0,0
Mod1_Day_2018_11.csv,Türkiye,180,180,720,0,0,0,0,0
Mod1_Day_2018_12.csv,China,1441,1441,5764,36,9,9,9,9
Mod1_Day_2018_12.csv,Türkiye,180,180,720,0,0,0,0,0
Mod1_Day_2018_2.csv,China,1441,1441,5764,4,1,1,1,1
Mod1_Day_2018_2.csv,Türkiye,180,180,720,0,0,0,0,0
Mod1_Day_2018_21.csv,China,1441,1441,5764,0,0,0,0,0
Mod1_Day_2018_21.csv,Türkiye,180,180,720,0,0,0,0,0
Mod1_Day_2018_22.csv,China,1441,1441,5764,0,0,0,0,0
Mod1_Day_2018_22.csv,Türkiye,180,180,720,0,0,0,0,0
Mod1_Day_2018_23.csv,China,1441,1441,5764,0,0,0,0,0
Mod1_Day_2018_23.csv,Türkiye,180,180,720,0,0,0,0,0
Mod1_Day_2018_24.csv,China,1441,1441,5764,0,0,0,0,0
Mod1_Day_2018_24.csv,Türkiye,180,180,720,0,0,0,0,0
Mod1_Day_2018_3.csv,China,1441,1441,5764,0,0,0,0,0
Mod1_Day_2018_3.csv,Türkiye,180,180,720,0,0,0,0,0
Mod1_Day_2018_30.csv,China,1441,1441,5764,0,0,0,0,0
Mod1_Day_2018_30.csv,Türkiye,180,180,720,0,0,0,0,0
Mod1_Day_2018_4.csv,China,1441,1441,5764,0,0,0,0,0
Mod1_Day_2018_4.csv,Türkiye,180,180,720,0,0,0,0,0
Mod1_Day_2018_5.csv,China,1441,1441,5764,4,1,1,1,1
Mod1_Day_2018_5.csv,Türkiye,180,180,720,0,0,0,0,0
Mod1_Day_2018_6.csv,China,1441,1441,5764,1,0,0,0,1
Mod1_Day_2018_6.csv,Türkiye,180,180,720,0,0,0,0,0
Mod1_Day_2018_7.csv,China,1441,1441,5764,13,3,3,3,4
Mod1_Day_2018_7.csv,Türkiye,180,180,720,0,0,0,0,0
Mod1_Day_2018_8.csv,China,1441,1441,5764,20,5,5,5,5
Mod1_Day_2018_8.csv,Türkiye,180,180,720,0,0,0,0,0
Mod1_Day_2018_9.csv,China,1441,1441,5764,0,0,0,0,0
Mod1_Day_2018_9.csv,Türkiye,180,180,720,0,0,0,0,0
Mod1_Day_2019_1.csv,China,1441,1441,5764,26,6,6,6,8
Mod1_Day_2019_1.csv,Türkiye,180,180,720,0,0,0,0,0
Mod1_Day_2019_10.csv,China,1441,1441,5764,0,0,0,0,0
Mod1_Day_2019_10.csv,Türkiye,180,180,720,0,0,0,0,0
Mod1_Day_2019_11.csv,China,1441,1441,5764,16,4,4,4,4
Mod1_Day_2019_11.csv,Türkiye,180,180,720,0,0,0,0,0
Mod1_Day_2019_12.csv,China,1441,1441,5764,0,0,0,0,0
Mod1_Day_2019_12.csv,Türkiye,180,180,720,0,0,0,0,0
Mod1_Day_2019_2.csv,China,1441,1441,5764,154,36,40,37,41
Mod1_Day_2019_2.csv,Türkiye,180,180,720,0,0,0,0,0
Mod1_Day_2019_21.csv,China,1441,1441,5764,0,0,0,0,0
Mod1_Day_2019_21.csv,Türkiye,180,180,720,0,0,0,0,0
Mod1_Day_2019_22.csv,China,1441,1441,5764,0,0,0,0,0
Mod1_Day_2019_22.csv,Türkiye,180,180,720,0,0,0,0,0
Mod1_Day_2019_23.csv,China,1441,1441,5764,0,0,0,0,0
Mod1_Day_2019_23.csv,Türkiye,180,180,720,0,0,0,0,0
Mod1_Day_2019_24.csv,China,1441,1441,5764,0,0,0,0,0
Mod1_Day_2019_24.csv,Türkiye,180,180,720,0,0,0,0,0
Mod1_Day_2019_3.csv,China,1441,1441,5764,0,0,0,0,0
Mod1_Day_2019_3.csv,Türkiye,180,180,720,0,0,0,0,0
Mod1_Day_2019_30.csv,China,1441,1441,5764,0,0,0,0,0
Mod1_Day_2019_30.csv,Türkiye,180,180,720,0,0,0,0,0
Mod1_Day_2019_4.csv,China,1441,1441,5764,11,2,3,2,4
Mod1_Day_2019_4.csv,Türkiye,180,180,720,0,0,0,0,0
Mod1_Day_2019_5.csv,China,1441,1441,5764,8,2,2,2,2
Mod1_Day_2019_5.csv,Türkiye,180,180,720,0,0,0,0,0
Mod1_Day_2019_6.csv,China,1441,1441,5764,20,5,5,5,5
Mod1_Day_2019_6.csv,Türkiye,180,180,720,0,0,0,0,0
Mod1_Day_2019_7.csv,China,1441,1441,5764,30,7,8,7,8
Mod1_Day_2019_7.csv,Türkiye,180,180,720,0,0,0,0,0
Mod1_Day_2019_8.csv,China,1441,1441,5764,0,0,0,0,0
Mod1_Day_2019_8.csv,Türkiye,180,180,720,0,0,0,0,0
Mod1_Day_2019_9.csv,China,1441,1441,5764,0,0,0,0,0
Mod1_Day_2019_9.csv,Türkiye,180,180,720,0,0,0,0,0
Mod1_Day_2020_1.csv,China,1441,1441,5764,0,0,0,0,0
Mod1_Day_2020_1.csv,Türkiye,180,180,720,0,0,0,0,0
Mod1_Day_2020_10.csv,China,1441,1441,5764,11,3,3,3,2
Mod1_Day_2020_10.csv,Türkiye,180,180,720,0,0,0,0,0
Mod1_Day_2020_11.csv,China,1441,1441,5764,0,0,0,0,0
Mod1_Day_2020_11.csv,Türkiye,180,180,720,0,0,0,0,0
Mod1_Day_2020_12.csv,China,1441,1441,5764,9,2,2,2,3
Mod1_Day_2020_12.csv,Türkiye,180,180,720,0,0,0,0,0
Mod1_Day_2020_2.csv,China,1441,1441,5764,0,0,0,0,0
Mod1_Day_2020_2.csv,Türkiye,180,180,720,0,0,0,0,0
Mod1_Day_2020_21.csv,China,1441,1441,5764,0,0,0,0,0
Mod1_Day_2020_21.csv,Türkiye,180,180,720,0,0,0,0,0
Mod1_Day_2020_22.csv,China,1441,1441,5764,0,0,0,0,0
Mod1_Day_2020_22.csv,Türkiye,180,180,720,0,0,0,0,0
Mod1_Day_2020_23.csv,China,1441,1441,5764,0,0,0,0,0
Mod1_Day_2020_23.csv,Türkiye,180,180,720,0,0,0,0,0
Mod1_Day_2020_24.csv,China,1441,1441,5764,0,0,0,0,0
Mod1_Day_2020_24.csv,Türkiye,180,180,720,0,0,0,0,0
Mod1_Day_2020_3.csv,China,1441,1441,5764,24,6,6,6,6
Mod1_Day_2020_3.csv,Türkiye,180,180,720,0,0,0,0,0
Mod1_Day_2020_30.csv,China,1441,1441,5764,0,0,0,0,0
Mod1_Day_2020_30.csv,Türkiye,180,180,720,0,0,0,0,0
Mod1_Day_2020_4.csv,China,1441,1441,5764,0,0,0,0,0
Mod1_Day_2020_4.csv,Türkiye,180,180,720,0,0,0,0,0
Mod1_Day_2020_5.csv,China,1441,1441,5764,4,1,1,1,1
Mod1_Day_2020_5.csv,Türkiye,180,180,720,0,0,0,0,0
Mod1_Day_2020_6.csv,China,1441,1441,5764,48,12,12,12,12
Mod1_Day_2020_6.csv,Türkiye,180,180,720,0,0,0,0,0
Mod1_Day_2020_7.csv,China,1441,1441,5764,72,18,18,18,18
Mod1_Day_2020_7.csv,Türkiye,180,180,720,0,0,0,0,0
Mod1_Day_2020_8.csv,China,1441,1441,5764,0,0,0,0,0
Mod1_Day_2020_8.csv,Türkiye,180,180,720,0,0,0,0,0
Mod1_Day_2020_9.csv,China,1441,1441,5764,4,1,1,1,1
Mod1_Day_2020_9.csv,Türkiye,180,180,720,0,0,0,0,0
Mod1_Day_2021_1.csv,China,1441,1441,5764,0,0,0,0,0
Mod1_Day_2021_1.csv,Türkiye,180,180,720,0,0,0,0,0
Mod1_Day_2021_10.csv,China,1441,1441,5764,5,1,1,1,2
Mod1_Day_2021_10.csv,Türkiye,180,180,720,0,0,0,0,0
Mod1_Day_2021_11.csv,China,1441,1441,5764,0,0,0,0,0
Mod1_Day_2021_11.csv,Türkiye,180,180,720,0,0,0,0,0
Mod1_Day_2021_12.csv,China,1441,1441,5764,0,0,0,0,0
Mod1_Day_2021_12.csv,Türkiye,180,180,720,0,0,0,0,0
Mod1_Day_2021_2.csv,China,1441,1441,5764,0,0,0,0,0
Mod1_Day_2021_2.csv,Türkiye,180,180,720,0,0,0,0,0
Mod1_Day_2021_21.csv,China,1441,1441,5764,0,0,0,0,0
Mod1_Day_2021_21.csv,Türkiye,180,180,720,0,0,0,0,0
Mod1_Day_2021_22.csv,China,1441,1441,5764,0,0,0,0,0
Mod1_Day_2021_22.csv,Türkiye,180,180,720,0,0,0,0,0
Mod1_Day_2021_23.csv,China,1441,1441,5764,0,0,0,0,0
Mod1_Day_2021_23.csv,Türkiye,180,180,720,0,0,0,0,0
Mod1_Day_2021_24.csv,China,1441,1441,5764,0,0,0,0,0
Mod1_Day_2021_24.csv,Türkiye,180,180,720,0,0,0,0,0
Mod1_Day_2021_3.csv,China,1441,1441,5764,8,2,2,2,2
Mod1_Day_2021_3.csv,Türkiye,180,180,720,0,0,0,0,0
Mod1_Day_2021_30.csv,China,1441,1441,5764,0,0,0,0,0
Mod1_Day_2021_30.csv,Türkiye,180,180,720,0,0,0,0,0
Mod1_Day_2021_4.csv,China,1441,1441,5764,4,1,1,1,1
Mod1_Day_2021_4.csv,Türkiye,180,180,720,0,0,0,0,0
Mod1_Day_2021_5.csv,China,1441,1441,5764,8,2,2,2,2
Mod1_Day_2021_5.csv,Türkiye,180,180,720,0,0,0,0,0
Mod1_Day_2021_6.csv,China,1441,1441,5764,8,2,2,2,2
Mod1_Day_2021_6.csv,Türkiye,180,180,720,0,0,0,0,0
Mod1_Day_2021_7.csv,China,1441,1441,5764,0,0,0,0,0
Mod1_Day_2021_7.csv,Türkiye,180,180,720,0,0,0,0,0
Mod1_Day_2021_8.csv,China,1441,1441,5764,0,0,0,0,0
Mod1_Day_2021_8.csv,Türkiye,180,180,720,0,0,0,0,0
Mod1_Day_2021_9.csv,China,1441,1441,5764,0,0,0,0,0
Mod1_Day_2021_9.csv,Türkiye,180,180,720,0,0,0,0,0
Mod1_Nig_2001_1.csv,China,1441,1441,5764,0,0,0,0,0
Mod1_Nig_2001_1.csv,Türkiye,180,180,720,0,0,0,0,0
Mod1_Nig_2001_10.csv,China,1441,1441,5764,4,1,1,1,1
Mod1_Nig_2001_10.csv,Türkiye,180,180,720,0,0,0,0,0
Mod1_Nig_2001_11.csv,China,1441,1441,5764,0,0,0,0,0
Mod1_Nig_2001_11.csv,Türkiye,180,180,720,0,0,0,0,0
Mod1_Nig_2001_12.csv,China,1441,1441,5764,0,0,0,0,0
Mod1_Nig_2001_12.csv,Türkiye,180,180,720,0,0,0,0,0
Mod1_Nig_2001_2.csv,China,1441,1441,5764,0,0,0,0,0
Mod1_Nig_2001_2.csv,Türkiye,180,180,720,0,0,0,0,0
Mod1_Nig_2001_21.csv,China,1441,1441,5764,0,0,0,0,0
Mod1_Nig_2001_21.csv,Türkiye,180,180,720,0,0,0,0,0
Mod1_Nig_2001_22.csv,China,1441,1441,5764,0,0,0,0,0
Mod1_Nig_2001_22.csv,Türkiye,180,180,720,0,0,0,0,0
Mod1_Nig_2001_23.csv,China,1441,1441,5764,0,0,0,0,0
Mod1_Nig_2001_23.csv,Türkiye,180,180,720,0,0,0,0,0
Mod1_Nig_2001_24.csv,China,1441,1441,5764,0,0,0,0,0
Mod1_Nig_2001_24.csv,Türkiye,180,180,720,0,0,0,0,0
Mod1_Nig_2001_3.csv,China,1441,1441,5764,0,0,0,0,0
Mod1_Nig_2001_3.csv,Türkiye,180,180,720,0,0,0,0,0
Mod1_Nig_2001_30.csv,China,1441,1441,5764,0,0,0,0,0
Mod1_Nig_2001_30.csv,Türkiye,180,180,720,0,0,0,0,0
Mod1_Nig_2001_4.csv,China,1441,1441,5764,12,3,3,3,3
Mod1_Nig_2001_4.csv,Türkiye,180,180,720,0,0,0,0,0
Mod1_Nig_2001_5.csv,China,1441,1441,5764,0,0,0,0,0
Mod1_Nig_2001_5.csv,Türkiye,180,180,720,0,0,0,0,0
Mod1_Nig_2001_6.csv,China,1441,1441,5764,91,22,23,22,24
Mod1_Nig_2001_6.csv,Türkiye,180,180,720,0,0,0,0,0
Mod1_Nig_2001_7.csv,China,1441,1441,5764,0,0,0,0,0
Mod1_Nig_2001_7.csv,Türkiye,180,180,720,0,0,0,0,0
Mod1_Nig_2001_8.csv,China,1441,1441,5764,0,0,0,0,0
Mod1_Nig_2001_8.csv,Türkiye,180,180,720,0,0,0,0,0
Mod1_Nig_2001_9.csv,China,1441,1441,5764,80,20,20,20,20
Mod1_Nig_2001_9.csv,Türkiye,180,180,720,0,0,0,0,0
Mod1_Nig_2002_1.csv,China,1441,1441,5764,0,0,0,0,0
Mod1_Nig_2002_1.csv,Türkiye,180,180,720,0,0,0,0,0
Mod1_Nig_2002_10.csv,China,1441,1441,5764,0,0,0,0,0
Mod1_Nig_2002_10.csv,Türkiye,180,180,720,0,0,0,0,0
Mod1_Nig_2002_11.csv,China,1441,1441,5764,0,0,0,0,0
Mod1_Nig_2002_11.csv,Türkiye,180,180,720,0,0,0,0,0
Mod1_Nig_2002_12.csv,China,1441,1441,5764,4,1,1,1,1
Mod1_Nig_2002_12.csv,Türkiye,180,180,720,0,0,0,0,0
Mod1_Nig_2002_2.csv,China,1441,1441,5764,0,0,0,0,0
Mod1_Nig_2002_2.csv,Türkiye,180,180,720,0,0,0,0,0
Mod1_Nig_2002_21.csv,China,1441,1441,5764,0,0,0,0,0
Mod1_Nig_2002_21.csv,Türkiye,180,180,720,0,0,0,0,0
Mod1_Nig_2002_22.csv,China,1441,1441,5764,0,0,0,0,0
Mod1_Nig_2002_22.csv,Türkiye,180,180,720,0,0,0,0,0
Mod1_Nig_2002_23.csv,China,1441,1441,5764,0,0,0,0,0
Mod1_Nig_2002_23.csv,Türkiye,180,180,720,0,0,0,0,0
Mod1_Nig_2002_24.csv,China,1441,1441,5764,0,0,0,0,0
Mod1_Nig_2002_24.csv,Türkiye,180,180,720,0,0,0,0,0
Mod1_Nig_2002_3.csv,China,1441,1441,5764,0,0,0,0,0
Mod1_Nig_2002_3.csv,Türkiye,180,180,720,0,0,0,0,0
Mod1_Nig_2002_30.csv,China,1441,1441,5764,0,0,0,0,0
Mod1_Nig_2002_30.csv,Türkiye,180,180,720,0,0,0,0,0
Mod1_Nig_2002_4.csv,China,1441,1441,5764,0,0,0,0,0
Mod1_Nig_2002_4.csv,Türkiye,180,180,720,0,0,0,0,0
Mod1_Nig_2002_5.csv,China,1441,1441,5764,4,1,1,1,1
Mod1_Nig_2002_5.csv,Türkiye,180,180,720,0,0,0,0,0
Mod1_Nig_2002_6.csv,China,1441,1441,5764,0,0,0,0,0
Mod1_Nig_2002_6.csv,Türkiye,180,180,720,0,0,0,0,0
Mod1_Nig_2002_7.csv,China,1441,1441,5764,8,2,2,2,2
Mod1_Nig_2002_7.csv,Türkiye,180,180,720,0,0,0,0,0
Mod1_Nig_2002_8.csv,China,1441,1441,5764,0,0,0,0,0
Mod1_Nig_2002_8.csv,Türkiye,180,180,720,0,0,0,0,0
Mod1_Nig_2002_9.csv,China,1441,1441,5764,0,0,0,0,0
Mod1_Nig_2002_9.csv,Türkiye,180,180,720,0,0,0,0,0
Mod1_Nig_2003_1.csv,China,1441,1441,5764,0,0,0,0,0
Mod1_Nig_2003_1.csv,Türkiye,180,180,720,0,0,0,0,0
Mod1_Nig_2003_10.csv,China,1441,1441,5764,0,0,0,0,0
Mod1_Nig_2003_10.csv,Türkiye,180,180,720,0,0,0,0,0
Mod1_Nig_2003_11.csv,China,1441,1441,5764,0,0,0,0,0
Mod1_Nig_2003_11.csv,Türkiye,180,180,720,0,0,0,0,0
Mod1_Nig_2003_12.csv,China,1441,1441,5764,12,3,3,3,3
Mod1_Nig_2003_12.csv,Türkiye,180,180,720,0,0,0,0,0
Mod1_Nig_2003_2.csv,China,1441,1441,5764,4,1,1,1,1
Mod1_Nig_2003_2.csv,Türkiye,180,180,720,0,0,0,0,0
Mod1_Nig_2003_21.csv,China,1441,1441,5764,0,0,0,0,0
Mod1_Nig_2003_21.csv,Türkiye,180,180,720,0,0,0,0,0
Mod1_Nig_2003_22.csv,China,1441,1441,5764,0,0,0,0,0
Mod1_Nig_2003_22.csv,Türkiye,180,180,720,0,0,0,0,0
Mod1_Nig_2003_23.csv,China,1441,1441,5764,0,0,0,0,0
Mod1_Nig_2003_23.csv,Türkiye,180,180,720,0,0,0,0,0
Mod1_Nig_2003_24.csv,China,1441,1441,5764,0,0,0,0,0
Mod1_Nig_2003_24.csv,Türkiye,180,180,720,0,0,0,0,0
Mod1_Nig_2003_3.csv,China,1441,1441,5764,0,0,0,0,0
Mod1_Nig_2003_3.csv,Türkiye,180,180,720,0,0,0,0,0
Mod1_Nig_2003_30.csv,China,1441,1441,5764,0,0,0,0,0
Mod1_Nig_2003_30.csv,Türkiye,180,180,720,0,0,0,0,0
Mod1_Nig_2003_4.csv,China,1441,1441,5764,0,0,0,0,0
Mod1_Nig_2003_4.csv,Türkiye,180,180,720,0,0,0,0,0
Mod1_Nig_2003_5.csv,China,1441,1441,5764,28,7,7,7,7
Mod1_Nig_2003_5.csv,Türkiye,180,180,720,0,0,0,0,0
Mod1_Nig_2003_6.csv,China,1441,1441,5764,0,0,0,0,0
Mod1_Nig_2003_6.csv,Türkiye,180,180,720,0,0,0,0,0
Mod1_Nig_2003_7.csv,China,1441,1441,5764,0,0,0,0,0
Mod1_Nig_2003_7.csv,Türkiye,180,180,720,0,0,0,0,0
Mod1_Nig_2003_8.csv,China,1441,1441,5764,0,0,0,0,0
Mod1_Nig_2003_8.csv,Türkiye,180,180,720,0,0,0,0,0
Mod1_Nig_2003_9.csv,China,1441,1441,5764,0,0,0,0,0
Mod1_Nig_2003_9.csv,Türkiye,180,180,720,0,0,0,0,0
Mod1_Nig_2004_1.csv,China,1441,1441,5764,0,0,0,0,0
Mod1_Nig_2004_1.csv,Türkiye,180,180,720,0,0,0,0,0
Mod1_Nig_2004_10.csv,China,1441,1441,5764,16,4,4,4,4
Mod1_Nig_2004_10.csv,Türkiye,180,180,720,0,0,0,0,0
Mod1_Nig_2004_11.csv,China,1441,1441,5764,0,0,0,0,0
Mod1_Nig_2004_11.csv,Türkiye,180,180,720,0,0,0,0,0
Mod1_Nig_2004_12.csv,China,1441,1441,5764,0,0,0,0,0
Mod1_Nig_2004_12.csv,Türkiye,180,180,720,0,0,0,0,0
Mod1_Nig_2004_2.csv,China,1441,1441,5764,0,0,0,0,0
Mod1_Nig_2004_2.csv,Türkiye,180,180,720,0,0,0,0,0
Mod1_Nig_2004_21.csv,China,1441,1441,5764,0,0,0,0,0
Mod1_Nig_2004_21.csv,Türkiye,180,180,720,0,0,0,0,0
Mod1_Nig_2004_22.csv,China,1441,1441,5764,0,0,0,0,0
Mod1_Nig_2004_22.csv,Türkiye,180,180,720,0,0,0,0,0
Mod1_Nig_2004_23.csv,China,1441,1441,5764,0,0,0,0,0
Mod1_Nig_2004_23.csv,Türkiye,180,180,720,0,0,0,0,0
Mod1_Nig_2004_24.csv,China,1441,1441,5764,0,0,0,0,0
Mod1_Nig_2004_24.csv,Türkiye,180,180,720,0,0,0,0,0
Mod1_Nig_2004_3.csv,China,1441,1441,5764,8,2,2,2,2
Mod1_Nig_2004_3.csv,Türkiye,180,180,720,0,0,0,0,0
Mod1_Nig_2004_30.csv,China,1441,1441,5764,0,0,0,0,0
Mod1_Nig_2004_30.csv,Türkiye,180,180,720,0,0,0,0,0
Mod1_Nig_2004_4.csv,China,1441,1441,5764,0,0,0,0,0
Mod1_Nig_2004_4.csv,Türkiye,180,180,720,0,0,0,0,0
Mod1_Nig_2004_5.csv,China,1441,1441,5764,0,0,0,0,0
Mod1_Nig_2004_5.csv,Türkiye,180,180,720,0,0,0,0,0
Mod1_Nig_2004_6.csv,China,1441,1441,5764,4,1,1,1,1
Mod1_Nig_2004_6.csv,Türkiye,180,180,720,0,0,0,0,0
Mod1_Nig_2004_7.csv,China,1441,1441,5764,32,8,8,8,8
Mod1_Nig_2004_7.csv,Türkiye,180,180,720,0,0,0,0,0
Mod1_Nig_2004_8.csv,China,1441,1441,5764,0,0,0,0,0
Mod1_Nig_2004_8.csv,Türkiye,180,180,720,0,0,0,0,0
Mod1_Nig_2004_9.csv,China,1441,1441,5764,4,1,1,1,1
Mod1_Nig_2004_9.csv,Türkiye,180,180,720,0,0,0,0,0
Mod1_Nig_2005_1.csv,China,1441,1441,5764,0,0,0,0,0
Mod1_Nig_2005_1.csv,Türkiye,180,180,720,0,0,0,0,0
Mod1_Nig_2005_10.csv,China,1441,1441,5764,24,6,6,6,6
Mod1_Nig_2005_10.csv,Türkiye,180,180,720,0,0,0,0,0
Mod1_Nig_2005_11.csv,China,1441,1441,5764,4,1,1,1,1
Mod1_Nig_2005_11.csv,Türkiye,180,180,720,0,0,0,0,0
Mod1_Nig_2005_12.csv,China,1441,1441,5764,16,4,4,4,4
Mod1_Nig_2005_12.csv,Türkiye,180,180,720,0,0,0,0,0
Mod1_Nig_2005_2.csv,China,1441,1441,5764,13,3,3,4,3
Mod1_Nig_2005_2.csv,Türkiye,180,180,720,0,0,0,0,0
Mod1_Nig_2005_21.csv,China,1441,1441,5764,0,0,0,0,0
Mod1_Nig_2005_21.csv,Türkiye,180,180,720,0,0,0,0,0
Mod1_Nig_2005_22.csv,China,1441,1441,5764,0,0,0,0,0
Mod1_Nig_2005_22.csv,Türkiye,180,180,720,0,0,0,0,0
Mod1_Nig_2005_23.csv,China,1441,1441,5764,0,0,0,0,0
Mod1_Nig_2005_23.csv,Türkiye,180,180,720,0,0,0,0,0
Mod1_Nig_2005_24.csv,China,1441,1441,5764,0,0,0,0,0
Mod1_Nig_2005_24.csv,Türkiye,180,180,720,0,0,0,0,0
Mod1_Nig_2005_3.csv,China,1441,1441,5764,4,1,1,1,1
Mod1_Nig_2005_3.csv,Türkiye,180,180,720,0,0,0,0,0
Mod1_Nig_2005_30.csv,China,1441,1441,5764,0,0,0,0,0
Mod1_Nig_2005_30.csv,Türkiye,180,180,720,0,0,0,0,0
Mod1_Nig_2005_4.csv,China,1441,1441,5764,0,0,0,0,0
Mod1_Nig_2005_4.csv,Türkiye,180,180,720,0,0,0,0,0
Mod1_Nig_2005_5.csv,China,1441,1441,5764,36,9,9,9,9
Mod1_Nig_2005_5.csv,Türkiye,180,180,720,0,0,0,0,0
Mod1_Nig_2005_6.csv,China,1441,1441,5764,252,62,63,64,63
Mod1_Nig_2005_6.csv,Türkiye,180,180,720,0,0,0,0,0
Mod1_Nig_2005_7.csv,China,1441,1441,5764,0,0,0,0,0
Mod1_Nig_2005_7.csv,Türkiye,180,180,720,0,0,0,0,0
Mod1_Nig_2005_8.csv,China,1441,1441,5764,8,2,2,2,2
Mod1_Nig_2005_8.csv,Türkiye,180,180,720,0,0,0,0,0
Mod1_Nig_2005_9.csv,China,1441,1441,5764,0,0,0,0,0
Mod1_Nig_2005_9.csv,Türkiye,180,180,720,0,0,0,0,0
Mod1_Nig_2006_1.csv,China,1441,1441,5764,0,0,0,0,0
Mod1_Nig_2006_1.csv,Türkiye,180,180,720,0,0,0,0,0
Mod1_Nig_2006_10.csv,China,1441,1441,5764,0,0,0,0,0
Mod1_Nig_2006_10.csv,Türkiye,180,180,720,0,0,0,0,0
Mod1_Nig_2006_11.csv,China,1441,1441,5764,0,0,0,0,0
Mod1_Nig_2006_11.csv,Türkiye,180,180,720,0,0,0,0,0
Mod1_Nig_2006_12.csv,China,1441,1441,5764,0,0,0,0,0
Mod1_Nig_2006_12.csv,Türkiye,180,180,720,0,0,0,0,0
Mod1_Nig_2006_2.csv,China,1441,1441,5764,24,6,6,6,6
Mod1_Nig_2006_2.csv,Türkiye,180,180,720,0,0,0,0,0
Mod1_Nig_2006_21.csv,China,1441,1441,5764,0,0,0,0,0
Mod1_Nig_2006_21.csv,Türkiye,180,180,720,0,0,0,0,0
Mod1_Nig_2006_22.csv,China,1441,1441,5764,0,0,0,0,0
Mod1_Nig_2006_22.csv,Türkiye,180,180,720,0,0,0,0,0
Mod1_Nig_2006_23.csv,China,1441,1441,5764,0,0,0,0,0
Mod1_Nig_2006_23.csv,Türkiye,180,180,720,0,0,0,0,0
Mod1_Nig_2006_24.csv,China,1441,1441,5764,0,0,0,0,0
Mod1_Nig_2006_24.csv,Türkiye,180,180,720,0,0,0,0,0
Mod1_Nig_2006_3.csv,China,1441,1441,5764,0,0,0,0,0
Mod1_Nig_2006_3.csv,Türkiye,180,180,720,0,0,0,0,0
Mod1_Nig_2006_30.csv,China,1441,1441,5764,0,0,0,0,0
Mod1_Nig_2006_30.csv,Türkiye,180,180,720,0,0,0,0,0
Mod1_Nig_2006_4.csv,China,1441,1441,5764,4,1,1,1,1
Mod1_Nig_2006_4.csv,Türkiye,180,180,720,0,0,0,0,0
Mod1_Nig_2006_5.csv,China,1441,1441,5764,16,4,4,4,4
Mod1_Nig_2006_5.csv,Türkiye,180,180,720,0,0,0,0,0
Mod1_Nig_2006_6.csv,China,1441,1441,5764,8,2,2,2,2
Mod1_Nig_2006_6.csv,Türkiye,180,180,720,0,0,0,0,0
Mod1_Nig_2006_7.csv,China,1441,1441,5764,4,1,1,1,1
Mod1_Nig_2006_7.csv,Türkiye,180,180,720,0,0,0,0,0
Mod1_Nig_2006_8.csv,China,1441,1441,5764,0,0,0,0,0
Mod1_Nig_2006_8.csv,Türkiye,180,180,720,0,0,0,0,0
Mod1_Nig_2006_9.csv,China,1441,1441,5764,0,0,0,0,0
Mod1_Nig_2006_9.csv,Türkiye,180,180,720,0,0,0,0,0
Mod1_Nig_2007_1.csv,China,1441,1441,5764,0,0,0,0,0
Mod1_Nig_2007_1.csv,Türkiye,180,180,720,0,0,0,0,0
Mod1_Nig_2007_10.csv,China,1441,1441,5764,25,6,6,7,6
Mod1_Nig_2007_10.csv,Türkiye,180,180,720,0,0,0,0,0
Mod1_Nig_2007_11.csv,China,1441,1441,5764,0,0,0,0,0
Mod1_Nig_2007_11.csv,Türkiye,180,180,720,0,0,0,0,0
Mod1_Nig_2007_12.csv,China,1441,1441,5764,4,1,1,1,1
Mod1_Nig_2007_12.csv,Türkiye,180,180,720,0,0,0,0,0
Mod1_Nig_2007_2.csv,China,1441,1441,5764,0,0,0,0,0
Mod1_Nig_2007_2.csv,Türkiye,180,180,720,0,0,0,0,0
Mod1_Nig_2007_21.csv,China,1441,1441,5764,0,0,0,0,0
Mod1_Nig_2007_21.csv,Türkiye,180,180,720,0,0,0,0,0
Mod1_Nig_2007_22.csv,China,1441,1441,5764,0,0,0,0,0
Mod1_Nig_2007_22.csv,Türkiye,180,180,720,0,0,0,0,0
Mod1_Nig_2007_23.csv,China,1441,1441,5764,0,0,0,0,0
Mod1_Nig_2007_23.csv,Türkiye,180,180,720,0,0,0,0,0
Mod1_Nig_2007_24.csv,China,1441,1441,5764,0,0,0,0,0
Mod1_Nig_2007_24.csv,Türkiye,180,180,720,0,0,0,0,0
Mod1_Nig_2007_3.csv,China,1441,1441,5764,0,0,0,0,0
Mod1_Nig_2007_3.csv,Türkiye,180,180,720,0,0,0,0,0
Mod1_Nig_2007_30.csv,China,1441,1441,5764,0,0,0,0,0
Mod1_Nig_2007_30.csv,Türkiye,180,180,720,0,0,0,0,0
Mod1_Nig_2007_4.csv,China,1441,1441,5764,0,0,0,0,0
Mod1_Nig_2007_4.csv,Türkiye,180,180,720,0,0,0,0,0
Mod1_Nig_2007_5.csv,China,1441,1441,5764,0,0,0,0,0
Mod1_Nig_2007_5.csv,Türkiye,180,180,720,0,0,0,0,0
Mod1_Nig_2007_6.csv,China,1441,1441,5764,16,4,4,4,4
Mod1_Nig_2007_6.csv,Türkiye,180,180,720,0,0,0,0,0
Mod1_Nig_2007_7.csv,China,1441,1441,5764,17,4,4,4,5
Mod1_Nig_2007_7.csv,Türkiye,180,180,720,0,0,0,0,0
Mod1_Nig_2007_8.csv,China,1441,1441,5764,0,0,0,0,0
Mod1_Nig_2007_8.csv,Türkiye,180,180,720,0,0,0,0,0
Mod1_Nig_2007_9.csv,China,1441,1441,5764,0,0,0,0,0
Mod1_Nig_2007_9.csv,Türkiye,180,180,720,0,0,0,0,0
Mod1_Nig_2008_1.csv,China,1441,1441,5764,0,0,0,0,0
Mod1_Nig_2008_1.csv,Türkiye,180,180,720,0,0,0,0,0
Mod1_Nig_2008_10.csv,China,1441,1441,5764,4,1,1,1,1
Mod1_Nig_2008_10.csv,Türkiye,180,180,720,0,0,0,0,0
Mod1_Nig_2008_11.csv,China,1441,1441,5764,0,0,0,0,0
Mod1_Nig_2008_11.csv,Türkiye,180,180,720,0,0,0,0,0
Mod1_Nig_2008_12.csv,China,1441,1441,5764,0,0,0,0,0
Mod1_Nig_2008_12.csv,Türkiye,180,180,720,0,0,0,0,0
Mod1_Nig_2008_2.csv,China,1441,1441,5764,0,0,0,0,0
Mod1_Nig_2008_2.csv,Türkiye,180,180,720,0,0,0,0,0
Mod1_Nig_2008_21.csv,China,1441,1441,5764,0,0,0,0,0
Mod1_Nig_2008_21.csv,Türkiye,180,180,720,0,0,0,0,0
Mod1_Nig_2008_22.csv,China,1441,1441,5764,0,0,0,0,0
Mod1_Nig_2008_22.csv,Türkiye,180,180,720,0,0,0,0,0
Mod1_Nig_2008_23.csv,China,1441,1441,5764,0,0,0,0,0
Mod1_Nig_2008_23.csv,Türkiye,180,180,720,0,0,0,0,0
Mod1_Nig_2008_24.csv,China,1441,1441,5764,0,0,0,0,0
Mod1_Nig_2008_24.csv,Türkiye,180,180,720,0,0,0,0,0
Mod1_Nig_2008_3.csv,China,1441,1441,5764,0,0,0,0,0
Mod1_Nig_2008_3.csv,Türkiye,180,180,720,0,0,0,0,0
Mod1_Nig_2008_30.csv,China,1441,1441,5764,0,0,0,0,0
Mod1_Nig_2008_30.csv,Türkiye,180,180,720,0,0,0,0,0
Mod1_Nig_2008_4.csv,China,1441,1441,5764,4,1,1,1,1
Mod1_Nig_2008_4.csv,Türkiye,180,180,720,0,0,0,0,0
Mod1_Nig_2008_5.csv,China,1441,1441,5764,0,0,0,0,0
Mod1_Nig_2008_5.csv,Türkiye,180,180,720,0,0,0,0,0
Mod1_Nig_2008_6.csv,China,1441,1441,5764,17,5,4,4,4
Mod1_Nig_2008_6.csv,Türkiye,180,180,720,0,0,0,0,0
Mod1_Nig_2008_7.csv,China,1441,1441,5764,4,1,1,1,1
Mod1_Nig_2008_7.csv,Türkiye,180,180,720,0,0,0,0,0
Mod1_Nig_2008_8.csv,China,1441,1441,5764,16,4,4,4,4
Mod1_Nig_2008_8.csv,Türkiye,180,180,720,0,0,0,0,0
Mod1_Nig_2008_9.csv,China,1441,1441,5764,32,8,8,8,8
Mod1_Nig_2008_9.csv,Türkiye,180,180,720,0,0,0,0,0
Mod1_Nig_2009_1.csv,China,1441,1441,5764,0,0,0,0,0
Mod1_Nig_2009_1.csv,Türkiye,180,180,720,0,0,0,0,0
Mod1_Nig_2009_10.csv,China,1441,1441,5764,13,3,3,4,3
Mod1_Nig_2009_10.csv,Türkiye,180,180,720,0,0,0,0,0
Mod1_Nig_2009_11.csv,China,1441,1441,5764,0,0,0,0,0
Mod1_Nig_2009_11.csv,Türkiye,180,180,720,0,0,0,0,0
Mod1_Nig_2009_12.csv,China,1441,1441,5764,0,0,0,0,0
Mod1_Nig_2009_12.csv,Türkiye,180,180,720,0,0,0,0,0
Mod1_Nig_2009_2.csv,China,1441,1441,5764,0,0,0,0,0
Mod1_Nig_2009_2.csv,Türkiye,180,180,720,0,0,0,0,0
Mod1_Nig_2009_21.csv,China,1441,1441,5764,0,0,0,0,0
Mod1_Nig_2009_21.csv,Türkiye,180,180,720,0,0,0,0,0
Mod1_Nig_2009_22.csv,China,1441,1441,5764,0,0,0,0,0
Mod1_Nig_2009_22.csv,Türkiye,180,180,720,0,0,0,0,0
Mod1_Nig_2009_23.csv,China,1441,1441,5764,0,0,0,0,0
Mod1_Nig_2009_23.csv,Türkiye,180,180,720,0,0,0,0,0
Mod1_Nig_2009_24.csv,China,1441,1441,5764,0,0,0,0,0
Mod1_Nig_2009_24.csv,Türkiye,180,180,720,0,0,0,0,0
Mod1_Nig_2009_3.csv,China,1441,1441,5764,0,0,0,0,0
Mod1_Nig_2009_3.csv,Türkiye,180,180,720,0,0,0,0,0
Mod1_Nig_2009_30.csv,China,1441,1441,5764,0,0,0,0,0
Mod1_Nig_2009_30.csv,Türkiye,180,180,720,0,0,0,0,0
Mod1_Nig_2009_4.csv,China,1441,1441,5764,0,0,0,0,0
Mod1_Nig_2009_4.csv,Türkiye,180,180,720,0,0,0,0,0
Mod1_Nig_2009_5.csv,China,1441,1441,5764,4,1,1,1,1
Mod1_Nig_2009_5.csv,Türkiye,180,180,720,0,0,0,0,0
Mod1_Nig_2009_6.csv,China,1441,1441,5764,0,0,0,0,0
Mod1_Nig_2009_6.csv,Türkiye,180,180,720,0,0,0,0,0
Mod1_Nig_2009_7.csv,China,1441,1441,5764,4,1,1,1,1
Mod1_Nig_2009_7.csv,Türkiye,180,180,720,0,0,0,0,0
Mod1_Nig_2009_8.csv,China,1441,1441,5764,0,0,0,0,0
Mod1_Nig_2009_8.csv,Türkiye,180,180,720,0,0,0,0,0
Mod1_Nig_2009_9.csv,China,1441,1441,5764,0,0,0,0,0
Mod1_Nig_2009_9.csv,Türkiye,180,180,720,0,0,0,0,0
Mod1_Nig_2010_1.csv,China,1441,1441,5764,0,0,0,0,0
Mod1_Nig_2010_1.csv,Türkiye,180,180,720,0,0,0,0,0
Mod1_Nig_2010_10.csv,China,1441,1441,5764,0,0,0,0,0
Mod1_Nig_2010_10.csv,Türkiye,180,180,720,0,0,0,0,0
Mod1_Nig_2010_11.csv,China,1441,1441,5764,0,0,0,0,0
Mod1_Nig_2010_11.csv,Türkiye,180,180,720,0,0,0,0,0
Mod1_Nig_2010_12.csv,China,1441,1441,5764,0,0,0,0,0
Mod1_Nig_2010_12.csv,Türkiye,180,180,720,0,0,0,0,0
Mod1_Nig_2010_2.csv,China,1441,1441,5764,0,0,0,0,0
Mod1_Nig_2010_2.csv,Türkiye,180,180,720,0,0,0,0,0
Mod1_Nig_2010_21.csv,China,1441,1441,5764,0,0,0,0,0
Mod1_Nig_2010_21.csv,Türkiye,180,180,720,0,0,0,0,0
Mod1_Nig_2010_22.csv,China,1441,1441,5764,0,0,0,0,0
Mod1_Nig_2010_22.csv,Türkiye,180,180,720,0,0,0,0,0
Mod1_Nig_2010_23.csv,China,1441,1441,5764,0,0,0,0,0
Mod1_Nig_2010_23.csv,Türkiye,180,180,720,0,0,0,0,0
Mod1_Nig_2010_24.csv,China,1441,1441,5764,0,0,0,0,0
Mod1_Nig_2010_24.csv,Türkiye,180,180,720,0,0,0,0,0
Mod1_Nig_2010_3.csv,China,1441,1441,5764,0,0,0,0,0
Mod1_Nig_2010_3.csv,Türkiye,180,180,720,0,0,0,0,0
Mod1_Nig_2010_30.csv,China,1441,1441,5764,0,0,0,0,0
Mod1_Nig_2010_30.csv,Türkiye,180,180,720,0,0,0,0,0
Mod1_Nig_2010_4.csv,China,1441,1441,5764,0,0,0,0,0
Mod1_Nig_2010_4.csv,Türkiye,180,180,720,0,0,0,0,0
Mod1_Nig_2010_5.csv,China,1441,1441,5764,1,0,0,1,0
Mod1_Nig_2010_5.csv,Türkiye,180,180,720,0,0,0,0,0
Mod1_Nig_2010_6.csv,China,1441,1441,5764,48,12,12,12,12
Mod1_Nig_2010_6.csv,Türkiye,180,180,720,0,0,0,0,0
Mod1_Nig_2010_7.csv,China,1441,1441,5764,4,1,1,1,1
Mod1_Nig_2010_7.csv,Türkiye,180,180,720,0,0,0,0,0
Mod1_Nig_2010_8.csv,China,1441,1441,5764,0,0,0,0,0
Mod1_Nig_2010_8.csv,Türkiye,180,180,720,0,0,0,0,0
Mod1_Nig_2010_9.csv,China,1441,1441,5764,0,0,0,0,0
Mod1_Nig_2010_9.csv,Türkiye,180,180,720,0,0,0,0,0
Mod1_Nig_2011_1.csv,China,1441,1441,5764,29,7,7,8,7
Mod1_Nig_2011_1.csv,Türkiye,180,180,720,0,0,0,0,0
Mod1_Nig_2011_10.csv,China,1441,1441,5764,4,1,1,1,1
Mod1_Nig_2011_10.csv,Türkiye,180,180,720,0,0,0,0,0
Mod1_Nig_2011_11.csv,China,1441,1441,5764,0,0,0,0,0
Mod1_Nig_2011_11.csv,Türkiye,180,180,720,0,0,0,0,0
Mod1_Nig_2011_12.csv,China,1441,1441,5764,0,0,0,0,0
Mod1_Nig_2011_12.csv,Türkiye,180,180,720,0,0,0,0,0
Mod1_Nig_2011_2.csv,China,1441,1441,5764,0,0,0,0,0
Mod1_Nig_2011_2.csv,Türkiye,180,180,720,0,0,0,0,0
Mod1_Nig_2011_21.csv,China,1441,1441,5764,0,0,0,0,0
Mod1_Nig_2011_21.csv,Türkiye,180,180,720,0,0,0,0,0
Mod1_Nig_2011_22.csv,China,1441,1441,5764,0,0,0,0,0
Mod1_Nig_2011_22.csv,Türkiye,180,180,720,0,0,0,0,0
Mod1_Nig_2011_23.csv,China,1441,1441,5764,0,0,0,0,0
Mod1_Nig_2011_23.csv,Türkiye,180,180,720,0,0,0,0,0
Mod1_Nig_2011_24.csv,China,1441,1441,5764,0,0,0,0,0
Mod1_Nig_2011_24.csv,Türkiye,180,180,720,0,0,0,0,0
Mod1_Nig_2011_3.csv,China,1441,1441,5764,16,4,4,4,4
Mod1_Nig_2011_3.csv,Türkiye,180,180,720,0,0,0,0,0
Mod1_Nig_2011_30.csv,China,1441,1441,5764,0,0,0,0,0
Mod1_Nig_2011_30.csv,Türkiye,180,180,720,0,0,0,0,0
Mod1_Nig_2011_4.csv,China,1441,1441,5764,0,0,0,0,0
Mod1_Nig_2011_4.csv,Türkiye,180,180,720,0,0,0,0,0
Mod1_Nig_2011_5.csv,China,1441,1441,5764,0,0,0,0,0
Mod1_Nig_2011_5.csv,Türkiye,180,180,720,0,0,0,0,0
Mod1_Nig_2011_6.csv,China,1441,1441,5764,8,2,2,2,2
Mod1_Nig_2011_6.csv,Türkiye,180,180,720,0,0,0,0,0
Mod1_Nig_2011_7.csv,China,1441,1441,5764,0,0,0,0,0
Mod1_Nig_2011_7.csv,Türkiye,180,180,720,0,0,0,0,0
Mod1_Nig_2011_8.csv,China,1441,1441,5764,0,0,0,0,0
Mod1_Nig_2011_8.csv,Türkiye,180,180,720,0,0,0,0,0
Mod1_Nig_2011_9.csv,China,1441,1441,5764,4,1,1,1,1
Mod1_Nig_2011_9.csv,Türkiye,180,180,720,0,0,0,0,0
Mod1_Nig_2012_1.csv,China,1441,1441,5764,29,7,7,8,7
Mod1_Nig_2012_1.csv,Türkiye,180,180,720,0,0,0,0,0
Mod1_Nig_2012_10.csv,China,1441,1441,5764,3,0,1,1,1
Mod1_Nig_2012_10.csv,Türkiye,180,180,720,0,0,0,0,0
Mod1_Nig_2012_11.csv,China,1441,1441,5764,0,0,0,0,0
Mod1_Nig_2012_11.csv,Türkiye,180,180,720,0,0,0,0,0
Mod1_Nig_2012_12.csv,China,1441,1441,5764,0,0,0,0,0
Mod1_Nig_2012_12.csv,Türkiye,180,180,720,0,0,0,0,0
Mod1_Nig_2012_2.csv,China,1441,1441,5764,34,8,9,8,9
Mod1_Nig_2012_2.csv,Türkiye,180,180,720,0,0,0,0,0
Mod1_Nig_2012_21.csv,China,1441,1441,5764,0,0,0,0,0
Mod1_Nig_2012_21.csv,Türkiye,180,180,720,0,0,0,0,0
Mod1_Nig_2012_22.csv,China,1441,1441,5764,0,0,0,0,0
Mod1_Nig_2012_22.csv,Türkiye,180,180,720,0,0,0,0,0
Mod1_Nig_2012_23.csv,China,1441,1441,5764,0,0,0,0,0
Mod1_Nig_2012_23.csv,Türkiye,180,180,720,0,0,0,0,0
Mod1_Nig_2012_24.csv,China,1441,1441,5764,0,0,0,0,0
Mod1_Nig_2012_24.csv,Türkiye,180,180,720,0,0,0,0,0
Mod1_Nig_2012_3.csv,China,1441,1441,5764,4,1,1,1,1
Mod1_Nig_2012_3.csv,Türkiye,180,180,720,0,0,0,0,0
Mod1_Nig_2012_30.csv,China,1441,1441,5764,0,0,0,0,0
Mod1_Nig_2012_30.csv,Türkiye,180,180,720,0,0,0,0,0
Mod1_Nig_2012_4.csv,China,1441,1441,5764,1,0,0,1,0
Mod1_Nig_2012_4.csv,Türkiye,180,180,720,0,0,0,0,0
Mod1_Nig_2012_5.csv,China,1441,1441,5764,0,0,0,0,0
Mod1_Nig_2012_5.csv,Türkiye,180,180,720,0,0,0,0,0
Mod1_Nig_2012_6.csv,China,1441,1441,5764,42,10,11,10,11
Mod1_Nig_2012_6.csv,Türkiye,180,180,720,0,0,0,0,0
Mod1_Nig_2012_7.csv,China,1441,1441,5764,8,2,2,2,2
Mod1_Nig_2012_7.csv,Türkiye,180,180,720,0,0,0,0,0
Mod1_Nig_2012_8.csv,China,1441,1441,5764,0,0,0,0,0
Mod1_Nig_2012_8.csv,Türkiye,180,180,720,0,0,0,0,0
Mod1_Nig_2012_9.csv,China,1441,1441,5764,20,5,5,5,5
Mod1_Nig_2012_9.csv,Türkiye,180,180,720,0,0,0,0,0
Mod1_Nig_2013_1.csv,China,1441,1441,5764,0,0,0,0,0
Mod1_Nig_2013_1.csv,Türkiye,180,180,720,0,0,0,0,0
Mod1_Nig_2013_10.csv,China,1441,1441,5764,0,0,0,0,0
Mod1_Nig_2013_10.csv,Türkiye,180,180,720,0,0,0,0,0
Mod1_Nig_2013_11.csv,China,1441,1441,5764,0,0,0,0,0
Mod1_Nig_2013_11.csv,Türkiye,180,180,720,0,0,0,0,0
Mod1_Nig_2013_12.csv,China,1441,1441,5764,0,0,0,0,0
Mod1_Nig_2013_12.csv,Türkiye,180,180,720,0,0,0,0,0
Mod1_Nig_2013_2.csv,China,1441,1441,5764,0,0,0,0,0
Mod1_Nig_2013_2.csv,Türkiye,180,180,720,0,0,0,0,0
Mod1_Nig_2013_21.csv,China,1441,1441,5764,0,0,0,0,0
Mod1_Nig_2013_21.csv,Türkiye,180,180,720,0,0,0,0,0
Mod1_Nig_2013_22.csv,China,1441,1441,5764,0,0,0,0,0
Mod1_Nig_2013_22.csv,Türkiye,180,180,720,0,0,0,0,0
Mod1_Nig_2013_23.csv,China,1441,1441,5764,0,0,0,0,0
Mod1_Nig_2013_23.csv,Türkiye,180,180,720,0,0,0,0,0
Mod1_Nig_2013_24.csv,China,1441,1441,5764,0,0,0,0,0
Mod1_Nig_2013_24.csv,Türkiye,180,180,720,0,0,0,0,0
Mod1_Nig_2013_3.csv,China,1441,1441,5764,0,0,0,0,0
Mod1_Nig_2013_3.csv,Türkiye,180,180,720,0,0,0,0,0
Mod1_Nig_2013_30.csv,China,1441,1441,5764,0,0,0,0,0
Mod1_Nig_2013_30.csv,Türkiye,180,180,720,0,0,0,0,0
Mod1_Nig_2013_4.csv,China,1441,1441,5764,0,0,0,0,0
Mod1_Nig_2013_4.csv,Türkiye,180,180,720,0,0,0,0,0
Mod1_Nig_2013_5.csv,China,1441,1441,5764,12,3,3,3,3
Mod1_Nig_2013_5.csv,Türkiye,180,180,720,0,0,0,0,0
Mod1_Nig_2013_6.csv,China,1441,1441,5764,0,0,0,0,0
Mod1_Nig_2013_6.csv,Türkiye,180,180,720,0,0,0,0,0
Mod1_Nig_2013_7.csv,China,1441,1441,5764,6,1,2,1,2
Mod1_Nig_2013_7.csv,Türkiye,180,180,720,0,0,0,0,0
Mod1_Nig_2013_8.csv,China,1441,1441,5764,0,0,0,0,0
Mod1_Nig_2013_8.csv,Türkiye,180,180,720,0,0,0,0,0
Mod1_Nig_2013_9.csv,China,1441,1441,5764,16,4,4,4,4
Mod1_Nig_2013_9.csv,Türkiye,180,180,720,0,0,0,0,0
Mod1_Nig_2014_1.csv,China,1441,1441,5764,0,0,0,0,0
Mod1_Nig_2014_1.csv,Türkiye,180,180,720,0,0,0,0,0
Mod1_Nig_2014_10.csv,China,1441,1441,5764,8,1,2,3,2
Mod1_Nig_2014_10.csv,Türkiye,180,180,720,0,0,0,0,0
Mod1_Nig_2014_11.csv,China,1441,1441,5764,8,2,2,2,2
Mod1_Nig_2014_11.csv,Türkiye,180,180,720,0,0,0,0,0
Mod1_Nig_2014_12.csv,China,1441,1441,5764,0,0,0,0,0
Mod1_Nig_2014_12.csv,Türkiye,180,180,720,0,0,0,0,0
Mod1_Nig_2014_2.csv,China,1441,1441,5764,22,5,5,6,6
Mod1_Nig_2014_2.csv,Türkiye,180,180,720,0,0,0,0,0
Mod1_Nig_2014_21.csv,China,1441,1441,5764,0,0,0,0,0
Mod1_Nig_2014_21.csv,Türkiye,180,180,720,0,0,0,0,0
Mod1_Nig_2014_22.csv,China,1441,1441,5764,0,0,0,0,0
Mod1_Nig_2014_22.csv,Türkiye,180,180,720,0,0,0,0,0
Mod1_Nig_2014_23.csv,China,1441,1441,5764,4,1,1,1,1
Mod1_Nig_2014_23.csv,Türkiye,180,180,720,0,0,0,0,0
Mod1_Nig_2014_24.csv,China,1441,1441,5764,0,0,0,0,0
Mod1_Nig_2014_24.csv,Türkiye,180,180,720,0,0,0,0,0
Mod1_Nig_2014_3.csv,China,1441,1441,5764,0,0,0,0,0
Mod1_Nig_2014_3.csv,Türkiye,180,180,720,0,0,0,0,0
Mod1_Nig_2014_30.csv,China,1441,1441,5764,0,0,0,0,0
Mod1_Nig_2014_30.csv,Türkiye,180,180,720,0,0,0,0,0
Mod1_Nig_2014_4.csv,China,1441,1441,5764,12,3,3,3,3
Mod1_Nig_2014_4.csv,Türkiye,180,180,720,0,0,0,0,0
Mod1_Nig_2014_5.csv,China,1441,1441,5764,69,14,17,18,20
Mod1_Nig_2014_5.csv,Türkiye,180,180,720,0,0,0,0,0
Mod1_Nig_2014_6.csv,China,1441,1441,5764,65,16,16,16,17
Mod1_Nig_2014_6.csv,Türkiye,180,180,720,0,0,0,0,0
Mod1_Nig_2014_7.csv,China,1441,1441,5764,0,0,0,0,0
Mod1_Nig_2014_7.csv,Türkiye,180,180,720,0,0,0,0,0
Mod1_Nig_2014_8.csv,China,1441,1441,5764,61,16,15,15,15
Mod1_Nig_2014_8.csv,Türkiye,180,180,720,0,0,0,0,0
Mod1_Nig_2014_9.csv,China,1441,1441,5764,32,8,8,8,8
Mod1_Nig_2014_9.csv,Türkiye,180,180,720,0,0,0,0,0
Mod1_Nig_2015_1.csv,China,1441,1441,5764,0,0,0,0,0
Mod1_Nig_2015_1.csv,Türkiye,180,180,720,0,0,0,0,0
Mod1_Nig_2015_10.csv,China,1441,1441,5764,0,0,0,0,0
Mod1_Nig_2015_10.csv,Türkiye,180,180,720,0,0,0,0,0
Mod1_Nig_2015_11.csv,China,1441,1441,5764,4,0,1,1,2
Mod1_Nig_2015_11.csv,Türkiye,180,180,720,0,0,0,0,0
Mod1_Nig_2015_12.csv,China,1441,1441,5764,0,0,0,0,0
Mod1_Nig_2015_12.csv,Türkiye,180,180,720,0,0,0,0,0
Mod1_Nig_2015_2.csv,China,1441,1441,5764,0,0,0,0,0
Mod1_Nig_2015_2.csv,Türkiye,180,180,720,0,0,0,0,0
Mod1_Nig_2015_21.csv,China,1441,1441,5764,0,0,0,0,0
Mod1_Nig_2015_21.csv,Türkiye,180,180,720,0,0,0,0,0
Mod1_Nig_2015_22.csv,China,1441,1441,5764,0,0,0,0,0
Mod1_Nig_2015_22.csv,Türkiye,180,180,720,0,0,0,0,0
Mod1_Nig_2015_23.csv,China,1441,1441,5764,0,0,0,0,0
Mod1_Nig_2015_23.csv,Türkiye,180,180,720,0,0,0,0,0
Mod1_Nig_2015_24.csv,China,1441,1441,5764,0,0,0,0,0
Mod1_Nig_2015_24.csv,Türkiye,180,180,720,0,0,0,0,0
Mod1_Nig_2015_3.csv,China,1441,1441,5764,0,0,0,0,0
Mod1_Nig_2015_3.csv,Türkiye,180,180,720,0,0,0,0,0
Mod1_Nig_2015_30.csv,China,1441,1441,5764,0,0,0,0,0
Mod1_Nig_2015_30.csv,Türkiye,180,180,720,0,0,0,0,0
Mod1_Nig_2015_4.csv,China,1441,1441,5764,0,0,0,0,0
Mod1_Nig_2015_4.csv,Türkiye,180,180,720,0,0,0,0,0
Mod1_Nig_2015_5.csv,China,1441,1441,5764,4,1,1,1,1
Mod1_Nig_2015_5.csv,Türkiye,180,180,720,0,0,0,0,0
Mod1_Nig_2015_6.csv,China,1441,1441,5764,133,33,33,34,33
Mod1_Nig_2015_6.csv,Türkiye,180,180,720,0,0,0,0,0
Mod1_Nig_2015_7.csv,China,1441,1441,5764,11,2,3,3,3
Mod1_Nig_2015_7.csv,Türkiye,180,180,720,0,0,0,0,0
Mod1_Nig_2015_8.csv,China,1441,1441,5764,0,0,0,0,0
Mod1_Nig_2015_8.csv,Türkiye,180,180,720,0,0,0,0,0
Mod1_Nig_2015_9.csv,China,1441,1441,5764,128,32,32,32,32
Mod1_Nig_2015_9.csv,Türkiye,180,180,720,0,0,0,0,0
Mod1_Nig_2016_1.csv,China,1441,1441,5764,4,1,1,1,1
Mod1_Nig_2016_1.csv,Türkiye,180,180,720,4,1,1,1,1
Mod1_Nig_2016_10.csv,China,1441,1441,5764,4,1,1,1,1
Mod1_Nig_2016_10.csv,Türkiye,180,180,720,0,0,0,0,0
Mod1_Nig_2016_11.csv,China,1441,1441,5764,0,0,0,0,0
Mod1_Nig_2016_11.csv,Türkiye,180,180,720,0,0,0,0,0
Mod1_Nig_2016_12.csv,China,1441,1441,5764,0,0,0,0,0
Mod1_Nig_2016_12.csv,Türkiye,180,180,720,0,0,0,0,0
Mod1_Nig_2016_2.csv,China,1441,1441,5764,0,0,0,0,0
Mod1_Nig_2016_2.csv,Türkiye,180,180,720,0,0,0,0,0
Mod1_Nig_2016_21.csv,China,1441,1441,5764,0,0,0,0,0
Mod1_Nig_2016_21.csv,Türkiye,180,180,720,0,0,0,0,0
Mod1_Nig_2016_22.csv,China,1441,1441,5764,0,0,0,0,0
Mod1_Nig_2016_22.csv,Türkiye,180,180,720,0,0,0,0,0
Mod1_Nig_2016_23.csv,China,1441,1441,5764,0,0,0,0,0
Mod1_Nig_2016_23.csv,Türkiye,180,180,720,0,0,0,0,0
Mod1_Nig_2016_24.csv,China,1441,1441,5764,0,0,0,0,0
Mod1_Nig_2016_24.csv,Türkiye,180,180,720,0,0,0,0,0
Mod1_Nig_2016_3.csv,China,1441,1441,5764,0,0,0,0,0
Mod1_Nig_2016_3.csv,Türkiye,180,180,720,0,0,0,0,0
Mod1_Nig_2016_30.csv,China,1441,1441,5764,0,0,0,0,0
Mod1_Nig_2016_30.csv,Türkiye,180,180,720,0,0,0,0,0
Mod1_Nig_2016_4.csv,China,1441,1441,5764,0,0,0,0,0
Mod1_Nig_2016_4.csv,Türkiye,180,180,720,0,0,0,0,0
Mod1_Nig_2016_5.csv,China,1441,1441,5764,0,0,0,0,0
Mod1_Nig_2016_5.csv,Türkiye,180,180,720,0,0,0,0,0
Mod1_Nig_2016_6.csv,China,1441,1441,5764,0,0,0,0,0
Mod1_Nig_2016_6.csv,Türkiye,180,180,720,0,0,0,0,0
Mod1_Nig_2016_7.csv,China,1441,1441,5764,0,0,0,0,0
Mod1_Nig_2016_7.csv,Türkiye,180,180,720,0,0,0,0,0
Mod1_Nig_2016_8.csv,China,1441,1441,5764,0,0,0,0,0
Mod1_Nig_2016_8.csv,Türkiye,180,180,720,0,0,0,0,0
Mod1_Nig_2016_9.csv,China,1441,1441,5764,36,9,9,9,9
Mod1_Nig_2016_9.csv,Türkiye,180,180,720,0,0,0,0,0
Mod1_Nig_2017_1.csv,China,1441,1441,5764,0,0,0,0,0
Mod1_Nig_2017_1.csv,Türkiye,180,180,720,0,0,0,0,0
Mod1_Nig_2017_10.csv,China,1441,1441,5764,23,5,6,5,7
Mod1_Nig_2017_10.csv,Türkiye,180,180,720,0,0,0,0,0
Mod1_Nig_2017_11.csv,China,1441,1441,5764,0,0,0,0,0
Mod1_Nig_2017_11.csv,Türkiye,180,180,720,0,0,0,0,0
Mod1_Nig_2017_12.csv,China,1441,1441,5764,0,0,0,0,0
Mod1_Nig_2017_12.csv,Türkiye,180,180,720,0,0,0,0,0
Mod1_Nig_2017_2.csv,China,1441,1441,5764,0,0,0,0,0
Mod1_Nig_2017_2.csv,Türkiye,180,180,720,0,0,0,0,0
Mod1_Nig_2017_21.csv,China,1441,1441,5764,0,0,0,0,0
Mod1_Nig_2017_21.csv,Türkiye,180,180,720,0,0,0,0,0
Mod1_Nig_2017_22.csv,China,1441,1441,5764,0,0,0,0,0
Mod1_Nig_2017_22.csv,Türkiye,180,180,720,0,0,0,0,0
Mod1_Nig_2017_23.csv,China,1441,1441,5764,0,0,0,0,0
Mod1_Nig_2017_23.csv,Türkiye,180,180,720,0,0,0,0,0
Mod1_Nig_2017_24.csv,China,1441,1441,5764,0,0,0,0,0
Mod1_Nig_2017_24.csv,Türkiye,180,180,720,0,0,0,0,0
Mod1_Nig_2017_3.csv,China,1441,1441,5764,52,12,14,13,13
Mod1_Nig_2017_3.csv,Türkiye,180,180,720,0,0,0,0,0
Mod1_Nig_2017_30.csv,China,1441,1441,5764,0,0,0,0,0
Mod1_Nig_2017_30.csv,Türkiye,180,180,720,0,0,0,0,0
Mod1_Nig_2017_4.csv,China,1441,1441,5764,1,0,0,0,1
Mod1_Nig_2017_4.csv,Türkiye,180,180,720,0,0,0,0,0
Mod1_Nig_2017_5.csv,China,1441,1441,5764,0,0,0,0,0
Mod1_Nig_2017_5.csv,Türkiye,180,180,720,0,0,0,0,0
Mod1_Nig_2017_6.csv,China,1441,1441,5764,220,55,55,55,55
Mod1_Nig_2017_6.csv,Türkiye,180,180,720,0,0,0,0,0
Mod1_Nig_2017_7.csv,China,1441,1441,5764,56,14,14,14,14
Mod1_Nig_2017_7.csv,Türkiye,180,180,720,0,0,0,0,0
Mod1_Nig_2017_8.csv,China,1441,1441,5764,3,0,1,1,1
Mod1_Nig_2017_8.csv,Türkiye,180,180,720,0,0,0,0,0
Mod1_Nig_2017_9.csv,China,1441,1441,5764,16,4,4,4,4
Mod1_Nig_2017_9.csv,Türkiye,180,180,720,0,0,0,0,0
Mod1_Nig_2018_1.csv,China,1441,1441,5764,0,0,0,0,0
Mod1_Nig_2018_1.csv,Türkiye,180,180,720,0,0,0,0,0
Mod1_Nig_2018_10.csv,China,1441,1441,5764,0,0,0,0,0
Mod1_Nig_2018_10.csv,Türkiye,180,180,720,0,0,0,0,0
Mod1_Nig_2018_11.csv,China,1441,1441,5764,0,0,0,0,0
Mod1_Nig_2018_11.csv,Türkiye,180,180,720,0,0,0,0,0
Mod1_Nig_2018_12.csv,China,1441,1441,5764,2,1,0,0,1
Mod1_Nig_2018_12.csv,Türkiye,180,180,720,0,0,0,0,0
Mod1_Nig_2018_2.csv,China,1441,1441,5764,0,0,0,0,0
Mod1_Nig_2018_2.csv,Türkiye,180,180,720,0,0,0,0,0
Mod1_Nig_2018_21.csv,China,1441,1441,5764,0,0,0,0,0
Mod1_Nig_2018_21.csv,Türkiye,180,180,720,0,0,0,0,0
Mod1_Nig_2018_22.csv,China,1441,1441,5764,0,0,0,0,0
Mod1_Nig_2018_22.csv,Türkiye,180,180,720,0,0,0,0,0
Mod1_Nig_2018_23.csv,China,1441,1441,5764,0,0,0,0,0
Mod1_Nig_2018_23.csv,Türkiye,180,180,720,0,0,0,0,0
Mod1_Nig_2018_24.csv,China,1441,1441,5764,0,0,0,0,0
Mod1_Nig_2018_24.csv,Türkiye,180,180,720,0,0,0,0,0
Mod1_Nig_2018_3.csv,China,1441,1441,5764,0,0,0,0,0
Mod1_Nig_2018_3.csv,Türkiye,180,180,720,0,0,0,0,0
Mod1_Nig_2018_30.csv,China,1441,1441,5764,0,0,0,0,0
Mod1_Nig_2018_30.csv,Türkiye,180,180,720,0,0,0,0,0
Mod1_Nig_2018_4.csv,China,1441,1441,5764,4,1,1,1,1
Mod1_Nig_2018_4.csv,Türkiye,180,180,720,0,0,0,0,0
Mod1_Nig_2018_5.csv,China,1441,1441,5764,4,1,1,1,1
Mod1_Nig_2018_5.csv,Türkiye,180,180,720,0,0,0,0,0
Mod1_Nig_2018_6.csv,China,1441,1441,5764,0,0,0,0,0
Mod1_Nig_2018_6.csv,Türkiye,180,180,720,0,0,0,0,0
Mod1_Nig_2018_7.csv,China,1441,1441,5764,0,0,0,0,0
Mod1_Nig_2018_7.csv,Türkiye,180,180,720,0,0,0,0,0
Mod1_Nig_2018_8.csv,China,1441,1441,5764,58,14,15,14,15
Mod1_Nig_2018_8.csv,Türkiye,180,180,720,0,0,0,0,0
Mod1_Nig_2018_9.csv,China,1441,1441,5764,1,0,0,0,1
Mod1_Nig_2018_9.csv,Türkiye,180,180,720,0,0,0,0,0
Mod1_Nig_2019_1.csv,China,1441,1441,5764,1,0,1,0,0
Mod1_Nig_2019_1.csv,Türkiye,180,180,720,0,0,0,0,0
Mod1_Nig_2019_10.csv,China,1441,1441,5764,0,0,0,0,0
Mod1_Nig_2019_10.csv,Türkiye,180,180,720,0,0,0,0,0
Mod1_Nig_2019_11.csv,China,1441,1441,5764,0,0,0,0,0
Mod1_Nig_2019_11.csv,Türkiye,180,180,720,0,0,0,0,0
Mod1_Nig_2019_12.csv,China,1441,1441,5764,0,0,0,0,0
Mod1_Nig_2019_12.csv,Türkiye,180,180,720,0,0,0,0,0
Mod1_Nig_2019_2.csv,China,1441,1441,5764,2,0,1,0,1
Mod1_Nig_2019_2.csv,Türkiye,180,180,720,0,0,0,0,0
Mod1_Nig_2019_21.csv,China,1441,1441,5764,0,0,0,0,0
Mod1_Nig_2019_21.csv,Türkiye,180,180,720,0,0,0,0,0
Mod1_Nig_2019_22.csv,China,1441,1441,5764,0,0,0,0,0
Mod1_Nig_2019_22.csv,Türkiye,180,180,720,0,0,0,0,0
Mod1_Nig_2019_23.csv,China,1441,1441,5764,0,0,0,0,0
Mod1_Nig_2019_23.csv,Türkiye,180,180,720,0,0,0,0,0
Mod1_Nig_2019_24.csv,China,1441,1441,5764,0,0,0,0,0
Mod1_Nig_2019_24.csv,Türkiye,180,180,720,0,0,0,0,0
Mod1_Nig_2019_3.csv,China,1441,1441,5764,0,0,0,0,0
Mod1_Nig_2019_3.csv,Türkiye,180,180,720,0,0,0,0,0
Mod1_Nig_2019_30.csv,China,1441,1441,5764,0,0,0,0,0
Mod1_Nig_2019_30.csv,Türkiye,180,180,720,0,0,0,0,0
Mod1_Nig_2019_4.csv,China,1441,1441,5764,0,0,0,0,0
Mod1_Nig_2019_4.csv,Türkiye,180,180,720,0,0,0,0,0
Mod1_Nig_2019_5.csv,China,1441,1441,5764,55,14,14,13,14
Mod1_Nig_2019_5.csv,Türkiye,180,180,720,0,0,0,0,0
Mod1_Nig_2019_6.csv,China,1441,1441,5764,0,0,0,0,0
Mod1_Nig_2019_6.csv,Türkiye,180,180,720,0,0,0,0,0
Mod1_Nig_2019_7.csv,China,1441,1441,5764,12,3,3,3,3
Mod1_Nig_2019_7.csv,Türkiye,180,180,720,0,0,0,0,0
Mod1_Nig_2019_8.csv,China,1441,1441,5764,0,0,0,0,0
Mod1_Nig_2019_8.csv,Türkiye,180,180,720,0,0,0,0,0
Mod1_Nig_2019_9.csv,China,1441,1441,5764,0,0,0,0,0
Mod1_Nig_2019_9.csv,Türkiye,180,180,720,0,0,0,0,0
Mod1_Nig_2020_1.csv,China,1441,1441,5764,0,0,0,0,0
Mod1_Nig_2020_1.csv,Türkiye,180,180,720,0,0,0,0,0
Mod1_Nig_2020_10.csv,China,1441,1441,5764,4,1,1,1,1
Mod1_Nig_2020_10.csv,Türkiye,180,180,720,0,0,0,0,0
Mod1_Nig_2020_11.csv,China,1441,1441,5764,0,0,0,0,0
Mod1_Nig_2020_11.csv,Türkiye,180,180,720,0,0,0,0,0
Mod1_Nig_2020_12.csv,China,1441,1441,5764,4,1,1,1,1
Mod1_Nig_2020_12.csv,Türkiye,180,180,720,0,0,0,0,0
Mod1_Nig_2020_2.csv,China,1441,1441,5764,0,0,0,0,0
Mod1_Nig_2020_2.csv,Türkiye,180,180,720,0,0,0,0,0
Mod1_Nig_2020_21.csv,China,1441,1441,5764,0,0,0,0,0
Mod1_Nig_2020_21.csv,Türkiye,180,180,720,0,0,0,0,0
Mod1_Nig_2020_22.csv,China,1441,1441,5764,0,0,0,0,0
Mod1_Nig_2020_22.csv,Türkiye,180,180,720,0,0,0,0,0
Mod1_Nig_2020_23.csv,China,1441,1441,5764,0,0,0,0,0
Mod1_Nig_2020_23.csv,Türkiye,180,180,720,0,0,0,0,0
Mod1_Nig_2020_24.csv,China,1441,1441,5764,0,0,0,0,0
Mod1_Nig_2020_24.csv,Türkiye,180,180,720,0,0,0,0,0
Mod1_Nig_2020_3.csv,China,1441,1441,5764,0,0,0,0,0
Mod1_Nig_2020_3.csv,Türkiye,180,180,720,0,0,0,0,0
Mod1_Nig_2020_30.csv,China,1441,1441,5764,0,0,0,0,0
Mod1_Nig_2020_30.csv,Türkiye,180,180,720,0,0,0,0,0
Mod1_Nig_2020_4.csv,China,1441,1441,5764,4,1,1,1,1
Mod1_Nig_2020_4.csv,Türkiye,180,180,720,0,0,0,0,0
Mod1_Nig_2020_5.csv,China,1441,1441,5764,0,0,0,0,0
Mod1_Nig_2020_5.csv,Türkiye,180,180,720,0,0,0,0,0
Mod1_Nig_2020_6.csv,China,1441,1441,5764,30,7,8,7,8
Mod1_Nig_2020_6.csv,Türkiye,180,180,720,0,0,0,0,0
Mod1_Nig_2020_7.csv,China,1441,1441,5764,33,8,8,8,9
Mod1_Nig_2020_7.csv,Türkiye,180,180,720,0,0,0,0,0
Mod1_Nig_2020_8.csv,China,1441,1441,5764,0,0,0,0,0
Mod1_Nig_2020_8.csv,Türkiye,180,180,720,0,0,0,0,0
Mod1_Nig_2020_9.csv,China,1441,1441,5764,40,10,10,10,10
Mod1_Nig_2020_9.csv,Türkiye,180,180,720,0,0,0,0,0
Mod1_Nig_2021_1.csv,China,1441,1441,5764,0,0,0,0,0
Mod1_Nig_2021_1.csv,Türkiye,180,180,720,0,0,0,0,0
Mod1_Nig_2021_10.csv,China,1441,1441,5764,16,3,3,4,6
Mod1_Nig_2021_10.csv,Türkiye,180,180,720,0,0,0,0,0
Mod1_Nig_2021_11.csv,China,1441,1441,5764,0,0,0,0,0
Mod1_Nig_2021_11.csv,Türkiye,180,180,720,0,0,0,0,0
Mod1_Nig_2021_12.csv,China,1441,1441,5764,0,0,0,0,0
Mod1_Nig_2021_12.csv,Türkiye,180,180,720,0,0,0,0,0
Mod1_Nig_2021_2.csv,China,1441,1441,5764,0,0,0,0,0
Mod1_Nig_2021_2.csv,Türkiye,180,180,720,0,0,0,0,0
Mod1_Nig_2021_21.csv,China,1441,1441,5764,0,0,0,0,0
Mod1_Nig_2021_21.csv,Türkiye,180,180,720,0,0,0,0,0
Mod1_Nig_2021_22.csv,China,1441,1441,5764,0,0,0,0,0
Mod1_Nig_2021_22.csv,Türkiye,180,180,720,0,0,0,0,0
Mod1_Nig_2021_23.csv,China,1441,1441,5764,0,0,0,0,0
Mod1_Nig_2021_23.csv,Türkiye,180,180,720,0,0,0,0,0
Mod1_Nig_2021_24.csv,China,1441,1441,5764,0,0,0,0,0
Mod1_Nig_2021_24.csv,Türkiye,180,180,720,0,0,0,0,0
Mod1_Nig_2021_3.csv,China,1441,1441,5764,0,0,0,0,0
Mod1_Nig_2021_3.csv,Türkiye,180,180,720,0,0,0,0,0
Mod1_Nig_2021_30.csv,China,1441,1441,5764,0,0,0,0,0
Mod1_Nig_2021_30.csv,Türkiye,180,180,720,0,0,0,0,0
Mod1_Nig_2021_4.csv,China,1441,1441,5764,0,0,0,0,0
Mod1_Nig_2021_4.csv,Türkiye,180,180,720,0,0,0,0,0
Mod1_Nig_2021_5.csv,China,1441,1441,5764,0,0,0,0,0
Mod1_Nig_2021_5.csv,Türkiye,180,180,720,0,0,0,0,0
Mod1_Nig_2021_6.csv,China,1441,1441,5764,4,1,1,1,1
Mod1_Nig_2021_6.csv,Türkiye,180,180,720,0,0,0,0,0
Mod1_Nig_2021_7.csv,China,1441,1441,5764,0,0,0,0,0
Mod1_Nig_2021_7.csv,Türkiye,180,180,720,0,0,0,0,0
Mod1_Nig_2021_8.csv,China,1441,1441,5764,2,0,1,1,0
Mod1_Nig_2021_8.csv,Türkiye,180,180,720,0,0,0,0,0
Mod1_Nig_2021_9.csv,China,1441,1441,5764,0,0,0,0,0
Mod1_Nig_2021_9.csv,Türkiye,180,180,720,0,0,0,0,0
Mod2_Day_2001_1.csv,China,1441,1441,5764,0,0,0,0,0
Mod2_Day_2001_1.csv,Türkiye,180,180,720,0,0,0,0,0
Mod2_Day_2001_10.csv,China,1441,1441,5764,24,6,6,6,6
Mod2_Day_2001_10.csv,Türkiye,180,180,720,0,0,0,0,0
Mod2_Day_2001_11.csv,China,1441,1441,5764,0,0,0,0,0
Mod2_Day_2001_11.csv,Türkiye,180,180,720,0,0,0,0,0
Mod2_Day_2001_12.csv,China,1441,1441,5764,0,0,0,0,0
Mod2_Day_2001_12.csv,Türkiye,180,180,720,0,0,0,0,0
Mod2_Day_2001_2.csv,China,1441,1441,5764,0,0,0,0,0
Mod2_Day_2001_2.csv,Türkiye,180,180,720,0,0,0,0,0
Mod2_Day_2001_21.csv,China,1441,1441,5764,0,0,0,0,0
Mod2_Day_2001_21.csv,Türkiye,180,180,720,0,0,0,0,0
Mod2_Day_2001_22.csv,China,1441,1441,5764,0,0,0,0,0
Mod2_Day_2001_22.csv,Türkiye,180,180,720,0,0,0,0,0
Mod2_Day_2001_23.csv,China,1441,1441,5764,0,0,0,0,0
Mod2_Day_2001_23.csv,Türkiye,180,180,720,0,0,0,0,0
Mod2_Day_2001_24.csv,China,1441,1441,5764,0,0,0,0,0
Mod2_Day_2001_24.csv,Türkiye,180,180,720,0,0,0,0,0
Mod2_Day_2001_3.csv,China,1441,1441,5764,0,0,0,0,0
Mod2_Day_2001_3.csv,Türkiye,180,180,720,0,0,0,0,0
Mod2_Day_2001_30.csv,China,1441,1441,5764,0,0,0,0,0
Mod2_Day_2001_30.csv,Türkiye,180,180,720,0,0,0,0,0
Mod2_Day_2001_4.csv,China,1441,1441,5764,24,6,6,6,6
Mod2_Day_2001_4.csv,Türkiye,180,180,720,0,0,0,0,0
Mod2_Day_2001_5.csv,China,1441,1441,5764,0,0,0,0,0
Mod2_Day_2001_5.csv,Türkiye,180,180,720,0,0,0,0,0
Mod2_Day_2001_6.csv,China,1441,1441,5764,146,36,37,36,37
Mod2_Day_2001_6.csv,Türkiye,180,180,720,0,0,0,0,0
Mod2_Day_2001_7.csv,China,1441,1441,5764,4,1,1,1,1
Mod2_Day_2001_7.csv,Türkiye,180,180,720,0,0,0,0,0
Mod2_Day_2001_8.csv,China,1441,1441,5764,0,0,0,0,0
Mod2_Day_2001_8.csv,Türkiye,180,180,720,0,0,0,0,0
Mod2_Day_2001_9.csv,China,1441,1441,5764,36,9,9,9,9
Mod2_Day_2001_9.csv,Türkiye,180,180,720,0,0,0,0,0
Mod2_Day_2002_1.csv,China,1441,1441,5764,8,2,2,2,2
Mod2_Day_2002_1.csv,Türkiye,180,180,720,0,0,0,0,0
Mod2_Day_2002_10.csv,China,1441,1441,5764,0,0,0,0,0
Mod2_Day_2002_10.csv,Türkiye,180,180,720,0,0,0,0,0
Mod2_Day_2002_11.csv,China,1441,1441,5764,0,0,0,0,0
Mod2_Day_2002_11.csv,Türkiye,180,180,720,0,0,0,0,0
Mod2_Day_2002_12.csv,China,1441,1441,5764,0,0,0,0,0
Mod2_Day_2002_12.csv,Türkiye,180,180,720,0,0,0,0,0
Mod2_Day_2002_2.csv,China,1441,1441,5764,20,5,5,5,5
Mod2_Day_2002_2.csv,Türkiye,180,180,720,0,0,0,0,0
Mod2_Day_2002_21.csv,China,1441,1441,5764,0,0,0,0,0
Mod2_Day_2002_21.csv,Türkiye,180,180,720,0,0,0,0,0
Mod2_Day_2002_22.csv,China,1441,1441,5764,0,0,0,0,0
Mod2_Day_2002_22.csv,Türkiye,180,180,720,0,0,0,0,0
Mod2_Day_2002_23.csv,China,1441,1441,5764,0,0,0,0,0
Mod2_Day_2002_23.csv,Türkiye,180,180,720,0,0,0,0,0
Mod2_Day_2002_24.csv,China,1441,1441,5764,0,0,0,0,0
Mod2_Day_2002_24.csv,Türkiye,180,180,720,0,0,0,0,0
Mod2_Day_2002_3.csv,China,1441,1441,5764,2,0,1,0,1
Mod2_Day_2002_3.csv,Türkiye,180,180,720,0,0,0,0,0
Mod2_Day_2002_30.csv,China,1441,1441,5764,0,0,0,0,0
Mod2_Day_2002_30.csv,Türkiye,180,180,720,0,0,0,0,0
Mod2_Day_2002_4.csv,China,1441,1441,5764,0,0,0,0,0
Mod2_Day_2002_4.csv,Türkiye,180,180,720,0,0,0,0,0
Mod2_Day_2002_5.csv,China,1441,1441,5764,0,0,0,0,0
Mod2_Day_2002_5.csv,Türkiye,180,180,720,0,0,0,0,0
Mod2_Day_2002_6.csv,China,1441,1441,5764,16,4,4,4,4
Mod2_Day_2002_6.csv,Türkiye,180,180,720,0,0,0,0,0
Mod2_Day_2002_7.csv,China,1441,1441,5764,0,0,0,0,0
Mod2_Day_2002_7.csv,Türkiye,180,180,720,0,0,0,0,0
Mod2_Day_2002_8.csv,China,1441,1441,5764,0,0,0,0,0
Mod2_Day_2002_8.csv,Türkiye,180,180,720,0,0,0,0,0
Mod2_Day_2002_9.csv,China,1441,1441,5764,0,0,0,0,0
Mod2_Day_2002_9.csv,Türkiye,180,180,720,0,0,0,0,0
Mod2_Day_2003_1.csv,China,1441,1441,5764,4,1,1,1,1
Mod2_Day_2003_1.csv,Türkiye,180,180,720,0,0,0,0,0
Mod2_Day_2003_10.csv,China,1441,1441,5764,8,2,2,2,2
Mod2_Day_2003_10.csv,Türkiye,180,180,720,0,0,0,0,0
Mod2_Day_2003_11.csv,China,1441,1441,5764,0,0,0,0,0
Mod2_Day_2003_11.csv,Türkiye,180,180,720,0,0,0,0,0
Mod2_Day_2003_12.csv,China,1441,1441,5764,8,2,2,2,2
Mod2_Day_2003_12.csv,Türkiye,180,180,720,0,0,0,0,0
Mod2_Day_2003_2.csv,China,1441,1441,5764,0,0,0,0,0
Mod2_Day_2003_2.csv,Türkiye,180,180,720,0,0,0,0,0
Mod2_Day_2003_21.csv,China,1441,1441,5764,0,0,0,0,0
Mod2_Day_2003_21.csv,Türkiye,180,180,720,0,0,0,0,0
Mod2_Day_2003_22.csv,China,1441,1441,5764,0,0,0,0,0
Mod2_Day_2003_22.csv,Türkiye,180,180,720,0,0,0,0,0
Mod2_Day_2003_23.csv,China,1441,1441,5764,0,0,0,0,0
Mod2_Day_2003_23.csv,Türkiye,180,180,720,0,0,0,0,0
Mod2_Day_2003_24.csv,China,1441,1441,5764,0,0,0,0,0
Mod2_Day_2003_24.csv,Türkiye,180,180,720,0,0,0,0,0
Mod2_Day_2003_3.csv,China,1441,1441,5764,12,3,3,3,3
Mod2_Day_2003_3.csv,Türkiye,180,180,720,0,0,0,0,0
Mod2_Day_2003_30.csv,China,1441,1441,5764,0,0,0,0,0
Mod2_Day_2003_30.csv,Türkiye,180,180,720,0,0,0,0,0
Mod2_Day_2003_4.csv,China,1441,1441,5764,0,0,0,0,0
Mod2_Day_2003_4.csv,Türkiye,180,180,720,0,0,0,0,0
Mod2_Day_2003_5.csv,China,1441,1441,5764,0,0,0,0,0
Mod2_Day_2003_5.csv,Türkiye,180,180,720,0,0,0,0,0
Mod2_Day_2003_6.csv,China,1441,1441,5764,4,1,1,1,1
Mod2_Day_2003_6.csv,Türkiye,180,180,720,0,0,0,0,0
Mod2_Day_2003_7.csv,China,1441,1441,5764,0,0,0,0,0
Mod2_Day_2003_7.csv,Türkiye,180,180,720,0,0,0,0,0
Mod2_Day_2003_8.csv,China,1441,1441,5764,36,8,10,8,10
Mod2_Day_2003_8.csv,Türkiye,180,180,720,0,0,0,0,0
Mod2_Day_2003_9.csv,China,1441,1441,5764,0,0,0,0,0
Mod2_Day_2003_9.csv,Türkiye,180,180,720,0,0,0,0,0
Mod2_Day_2004_1.csv,China,1441,1441,5764,28,7,7,8,6
Mod2_Day_2004_1.csv,Türkiye,180,180,720,0,0,0,0,0
Mod2_Day_2004_10.csv,China,1441,1441,5764,4,1,1,1,1
Mod2_Day_2004_10.csv,Türkiye,180,180,720,0,0,0,0,0
Mod2_Day_2004_11.csv,China,1441,1441,5764,20,5,5,5,5
Mod2_Day_2004_11.csv,Türkiye,180,180,720,0,0,0,0,0
Mod2_Day_2004_12.csv,China,1441,1441,5764,21,5,6,5,5
Mod2_Day_2004_12.csv,Türkiye,180,180,720,0,0,0,0,0
Mod2_Day_2004_2.csv,China,1441,1441,5764,0,0,0,0,0
Mod2_Day_2004_2.csv,Türkiye,180,180,720,0,0,0,0,0
Mod2_Day_2004_21.csv,China,1441,1441,5764,0,0,0,0,0
Mod2_Day_2004_21.csv,Türkiye,180,180,720,0,0,0,0,0
Mod2_Day_2004_22.csv,China,1441,1441,5764,0,0,0,0,0
Mod2_Day_2004_22.csv,Türkiye,180,180,720,0,0,0,0,0
Mod2_Day_2004_23.csv,China,1441,1441,5764,0,0,0,0,0
Mod2_Day_2004_23.csv,Türkiye,180,180,720,0,0,0,0,0
Mod2_Day_2004_24.csv,China,1441,1441,5764,0,0,0,0,0
Mod2_Day_2004_24.csv,Türkiye,180,180,720,0,0,0,0,0
Mod2_Day_2004_3.csv,China,1441,1441,5764,0,0,0,0,0
Mod2_Day_2004_3.csv,Türkiye,180,180,720,0,0,0,0,0
Mod2_Day_2004_30.csv,China,1441,1441,5764,0,0,0,0,0
Mod2_Day_2004_30.csv,Türkiye,180,180,720,0,0,0,0,0
Mod2_Day_2004_4.csv,China,1441,1441,5764,0,0,0,0,0
Mod2_Day_2004_4.csv,Türkiye,180,180,720,0,0,0,0,0
Mod2_Day_2004_5.csv,China,1441,1441,5764,0,0,0,0,0
Mod2_Day_2004_5.csv,Türkiye,180,180,720,0,0,0,0,0
Mod2_Day_2004_6.csv,China,1441,1441,5764,0,0,0,0,0
Mod2_Day_2004_6.csv,Türkiye,180,180,720,0,0,0,0,0
Mod2_Day_2004_7.csv,China,1441,1441,5764,12,3,3,3,3
Mod2_Day_2004_7.csv,Türkiye,180,180,720,0,0,0,0,0
Mod2_Day_2004_8.csv,China,1441,1441,5764,0,0,0,0,0
Mod2_Day_2004_8.csv,Türkiye,180,180,720,0,0,0,0,0
Mod2_Day_2004_9.csv,China,1441,1441,5764,0,0,0,0,0
Mod2_Day_2004_9.csv,Türkiye,180,180,720,0,0,0,0,0
Mod2_Day_2005_1.csv,China,1441,1441,5764,13,3,3,4,3
Mod2_Day_2005_1.csv,Türkiye,180,180,720,0,0,0,0,0
Mod2_Day_2005_10.csv,China,1441,1441,5764,0,0,0,0,0
Mod2_Day_2005_10.csv,Türkiye,180,180,720,0,0,0,0,0
Mod2_Day_2005_11.csv,China,1441,1441,5764,32,8,8,8,8
Mod2_Day_2005_11.csv,Türkiye,180,180,720,0,0,0,0,0
Mod2_Day_2005_12.csv,China,1441,1441,5764,32,8,8,8,8
Mod2_Day_2005_12.csv,Türkiye,180,180,720,0,0,0,0,0
Mod2_Day_2005_2.csv,China,1441,1441,5764,4,1,1,1,1
Mod2_Day_2005_2.csv,Türkiye,180,180,720,0,0,0,0,0
Mod2_Day_2005_21.csv,China,1441,1441,5764,0,0,0,0,0
Mod2_Day_2005_21.csv,Türkiye,180,180,720,0,0,0,0,0
Mod2_Day_2005_22.csv,China,1441,1441,5764,0,0,0,0,0
Mod2_Day_2005_22.csv,Türkiye,180,180,720,0,0,0,0,0
Mod2_Day_2005_23.csv,China,1441,1441,5764,0,0,0,0,0
Mod2_Day_2005_23.csv,Türkiye,180,180,720,0,0,0,0,0
Mod2_Day_2005_24.csv,China,1441,1441,5764,0,0,0,0,0
Mod2_Day_2005_24.csv,Türkiye,180,180,720,0,0,0,0,0
Mod2_Day_2005_3.csv,China,1441,1441,5764,8,2,2,2,2
Mod2_Day_2005_3.csv,Türkiye,180,180,720,0,0,0,0,0
Mod2_Day_2005_30.csv,China,1441,1441,5764,0,0,0,0,0
Mod2_Day_2005_30.csv,Türkiye,180,180,720,0,0,0,0,0
Mod2_Day_2005_4.csv,China,1441,1441,5764,12,3,3,3,3
Mod2_Day_2005_4.csv,Türkiye,180,180,720,0,0,0,0,0
Mod2_Day_2005_5.csv,China,1441,1441,5764,4,1,1,1,1
Mod2_Day_2005_5.csv,Türkiye,180,180,720,0,0,0,0,0
Mod2_Day_2005_6.csv,China,1441,1441,5764,87,20,23,21,23
Mod2_Day_2005_6.csv,Türkiye,180,180,720,0,0,0,0,0
Mod2_Day_2005_7.csv,China,1441,1441,5764,0,0,0,0,0
Mod2_Day_2005_7.csv,Türkiye,180,180,720,0,0,0,0,0
Mod2_Day_2005_8.csv,China,1441,1441,5764,0,0,0,0,0
Mod2_Day_2005_8.csv,Türkiye,180,180,720,0,0,0,0,0
Mod2_Day_2005_9.csv,China,1441,1441,5764,0,0,0,0,0
Mod2_Day_2005_9.csv,Türkiye,180,180,720,0,0,0,0,0
Mod2_Day_2006_1.csv,China,1441,1441,5764,4,1,1,1,1
Mod2_Day_2006_1.csv,Türkiye,180,180,720,0,0,0,0,0
Mod2_Day_2006_10.csv,China,1441,1441,5764,25,6,6,7,6
Mod2_Day_2006_10.csv,Türkiye,180,180,720,0,0,0,0,0
Mod2_Day_2006_11.csv,China,1441,1441,5764,0,0,0,0,0
Mod2_Day_2006_11.csv,Türkiye,180,180,720,0,0,0,0,0
Mod2_Day_2006_12.csv,China,1441,1441,5764,16,4,4,4,4
Mod2_Day_2006_12.csv,Türkiye,180,180,720,0,0,0,0,0
Mod2_Day_2006_2.csv,China,1441,1441,5764,0,0,0,0,0
Mod2_Day_2006_2.csv,Türkiye,180,180,720,0,0,0,0,0
Mod2_Day_2006_21.csv,China,1441,1441,5764,0,0,0,0,0
Mod2_Day_2006_21.csv,Türkiye,180,180,720,0,0,0,0,0
Mod2_Day_2006_22.csv,China,1441,1441,5764,0,0,0,0,0
Mod2_Day_2006_22.csv,Türkiye,180,180,720,0,0,0,0,0
Mod2_Day_2006_23.csv,China,1441,1441,5764,0,0,0,0,0
Mod2_Day_2006_23.csv,Türkiye,180,180,720,0,0,0,0,0
Mod2_Day_2006_24.csv,China,1441,1441,5764,0,0,0,0,0
Mod2_Day_2006_24.csv,Türkiye,180,180,720,0,0,0,0,0
Mod2_Day_2006_3.csv,China,1441,1441,5764,0,0,0,0,0
Mod2_Day_2006_3.csv,Türkiye,180,180,720,0,0,0,0,0
Mod2_Day_2006_30.csv,China,1441,1441,5764,0,0,0,0,0
Mod2_Day_2006_30.csv,Türkiye,180,180,720,0,0,0,0,0
Mod2_Day_2006_4.csv,China,1441,1441,5764,12,3,3,3,3
Mod2_Day_2006_4.csv,Türkiye,180,180,720,0,0,0,0,0
Mod2_Day_2006_5.csv,China,1441,1441,5764,0,0,0,0,0
Mod2_Day_2006_5.csv,Türkiye,180,180,720,0,0,0,0,0
Mod2_Day_2006_6.csv,China,1441,1441,5764,4,1,1,1,1
Mod2_Day_2006_6.csv,Türkiye,180,180,720,0,0,0,0,0
Mod2_Day_2006_7.csv,China,1441,1441,5764,8,2,2,2,2
Mod2_Day_2006_7.csv,Türkiye,180,180,720,0,0,0,0,0
Mod2_Day_2006_8.csv,China,1441,1441,5764,0,0,0,0,0
Mod2_Day_2006_8.csv,Türkiye,180,180,720,0,0,0,0,0
Mod2_Day_2006_9.csv,China,1441,1441,5764,0,0,0,0,0
Mod2_Day_2006_9.csv,Türkiye,180,180,720,0,0,0,0,0
Mod2_Day_2007_1.csv,China,1441,1441,5764,0,0,0,0,0
Mod2_Day_2007_1.csv,Türkiye,180,180,720,0,0,0,0,0
Mod2_Day_2007_10.csv,China,1441,1441,5764,151,36,39,37,39
Mod2_Day_2007_10.csv,Türkiye,180,180,720,0,0,0,0,0
Mod2_Day_2007_11.csv,China,1441,1441,5764,0,0,0,0,0
Mod2_Day_2007_11.csv,Türkiye,180,180,720,0,0,0,0,0
Mod2_Day_2007_12.csv,China,1441,1441,5764,18,4,5,4,5
Mod2_Day_2007_12.csv,Türkiye,180,180,720,0,0,0,0,0
Mod2_Day_2007_2.csv,China,1441,1441,5764,4,1,1,1,1
Mod2_Day_2007_2.csv,Türkiye,180,180,720,0,0,0,0,0
Mod2_Day_2007_21.csv,China,1441,1441,5764,0,0,0,0,0
Mod2_Day_2007_21.csv,Türkiye,180,180,720,0,0,0,0,0
Mod2_Day_2007_22.csv,China,1441,1441,5764,0,0,0,0,0
Mod2_Day_2007_22.csv,Türkiye,180,180,720,0,0,0,0,0
Mod2_Day_2007_23.csv,China,1441,1441,5764,0,0,0,0,0
Mod2_Day_2007_23.csv,Türkiye,180,180,720,0,0,0,0,0
Mod2_Day_2007_24.csv,China,1441,1441,5764,0,0,0,0,0
Mod2_Day_2007_24.csv,Türkiye,180,180,720,0,0,0,0,0
Mod2_Day_2007_3.csv,China,1441,1441,5764,66,15,17,17,17
Mod2_Day_2007_3.csv,Türkiye,180,180,720,0,0,0,0,0
Mod2_Day_2007_30.csv,China,1441,1441,5764,0,0,0,0,0
Mod2_Day_2007_30.csv,Türkiye,180,180,720,0,0,0,0,0
Mod2_Day_2007_4.csv,China,1441,1441,5764,0,0,0,0,0
Mod2_Day_2007_4.csv,Türkiye,180,180,720,0,0,0,0,0
Mod2_Day_2007_5.csv,China,1441,1441,5764,0,0,0,0,0
Mod2_Day_2007_5.csv,Türkiye,180,180,720,0,0,0,0,0
Mod2_Day_2007_6.csv,China,1441,1441,5764,25,6,6,6,7
Mod2_Day_2007_6.csv,Türkiye,180,180,720,0,0,0,0,0
Mod2_Day_2007_7.csv,China,1441,1441,5764,24,6,6,6,6
Mod2_Day_2007_7.csv,Türkiye,180,180,720,0,0,0,0,0
Mod2_Day_2007_8.csv,China,1441,1441,5764,0,0,0,0,0
Mod2_Day_2007_8.csv,Türkiye,180,180,720,0,0,0,0,0
Mod2_Day_2007_9.csv,China,1441,1441,5764,0,0,0,0,0
Mod2_Day_2007_9.csv,Türkiye,180,180,720,0,0,0,0,0
Mod2_Day_2008_1.csv,China,1441,1441,5764,40,10,10,10,10
Mod2_Day_2008_1.csv,Türkiye,180,180,720,0,0,0,0,0
Mod2_Day_2008_10.csv,China,1441,1441,5764,0,0,0,0,0
Mod2_Day_2008_10.csv,Türkiye,180,180,720,0,0,0,0,0
Mod2_Day_2008_11.csv,China,1441,1441,5764,0,0,0,0,0
Mod2_Day_2008_11.csv,Türkiye,180,180,720,0,0,0,0,0
Mod2_Day_2008_12.csv,China,1441,1441,5764,23,5,6,6,6
Mod2_Day_2008_12.csv,Türkiye,180,180,720,0,0,0,0,0
Mod2_Day_2008_2.csv,China,1441,1441,5764,0,0,0,0,0
Mod2_Day_2008_2.csv,Türkiye,180,180,720,0,0,0,0,0
Mod2_Day_2008_21.csv,China,1441,1441,5764,0,0,0,0,0
Mod2_Day_2008_21.csv,Türkiye,180,180,720,0,0,0,0,0
Mod2_Day_2008_22.csv,China,1441,1441,5764,0,0,0,0,0
Mod2_Day_2008_22.csv,Türkiye,180,180,720,0,0,0,0,0
Mod2_Day_2008_23.csv,China,1441,1441,5764,0,0,0,0,0
Mod2_Day_2008_23.csv,Türkiye,180,180,720,0,0,0,0,0
Mod2_Day_2008_24.csv,China,1441,1441,5764,0,0,0,0,0
Mod2_Day_2008_24.csv,Türkiye,180,180,720,0,0,0,0,0
Mod2_Day_2008_3.csv,China,1441,1441,5764,0,0,0,0,0
Mod2_Day_2008_3.csv,Türkiye,180,180,720,0,0,0,0,0
Mod2_Day_2008_30.csv,China,1441,1441,5764,0,0,0,0,0
Mod2_Day_2008_30.csv,Türkiye,180,180,720,0,0,0,0,0
Mod2_Day_2008_4.csv,China,1441,1441,5764,20,5,5,5,5
Mod2_Day_2008_4.csv,Türkiye,180,180,720,0,0,0,0,0
Mod2_Day_2008_5.csv,China,1441,1441,5764,0,0,0,0,0
Mod2_Day_2008_5.csv,Türkiye,180,180,720,0,0,0,0,0
Mod2_Day_2008_6.csv,China,1441,1441,5764,16,4,4,4,4
Mod2_Day_2008_6.csv,Türkiye,180,180,720,0,0,0,0,0
Mod2_Day_2008_7.csv,China,1441,1441,5764,12,3,3,3,3
Mod2_Day_2008_7.csv,Türkiye,180,180,720,0,0,0,0,0
Mod2_Day_2008_8.csv,China,1441,1441,5764,0,0,0,0,0
Mod2_Day_2008_8.csv,Türkiye,180,180,720,0,0,0,0,0
Mod2_Day_2008_9.csv,China,1441,1441,5764,0,0,0,0,0
Mod2_Day_2008_9.csv,Türkiye,180,180,720,0,0,0,0,0
Mod2_Day_2009_1.csv,China,1441,1441,5764,0,0,0,0,0
Mod2_Day_2009_1.csv,Türkiye,180,180,720,0,0,0,0,0
Mod2_Day_2009_10.csv,China,1441,1441,5764,36,9,9,9,9
Mod2_Day_2009_10.csv,Türkiye,180,180,720,0,0,0,0,0
Mod2_Day_2009_11.csv,China,1441,1441,5764,0,0,0,0,0
Mod2_Day_2009_11.csv,Türkiye,180,180,720,0,0,0,0,0
Mod2_Day_2009_12.csv,China,1441,1441,5764,5,1,1,2,1
Mod2_Day_2009_12.csv,Türkiye,180,180,720,0,0,0,0,0
Mod2_Day_2009_2.csv,China,1441,1441,5764,12,3,3,3,3
Mod2_Day_2009_2.csv,Türkiye,180,180,720,0,0,0,0,0
Mod2_Day_2009_21.csv,China,1441,1441,5764,0,0,0,0,0
Mod2_Day_2009_21.csv,Türkiye,180,180,720,0,0,0,0,0
Mod2_Day_2009_22.csv,China,1441,1441,5764,0,0,0,0,0
Mod2_Day_2009_22.csv,Türkiye,180,180,720,0,0,0,0,0
Mod2_Day_2009_23.csv,China,1441,1441,5764,0,0,0,0,0
Mod2_Day_2009_23.csv,Türkiye,180,180,720,0,0,0,0,0
Mod2_Day_2009_24.csv,China,1441,1441,5764,0,0,0,0,0
Mod2_Day_2009_24.csv,Türkiye,180,180,720,0,0,0,0,0
Mod2_Day_2009_3.csv,China,1441,1441,5764,0,0,0,0,0
Mod2_Day_2009_3.csv,Türkiye,180,180,720,0,0,0,0,0
Mod2_Day_2009_30.csv,China,1441,1441,5764,0,0,0,0,0
Mod2_Day_2009_30.csv,Türkiye,180,180,720,0,0,0,0,0
Mod2_Day_2009_4.csv,China,1441,1441,5764,0,0,0,0,0
Mod2_Day_2009_4.csv,Türkiye,180,180,720,0,0,0,0,0
Mod2_Day_2009_5.csv,China,1441,1441,5764,0,0,0,0,0
Mod2_Day_2009_5.csv,Türkiye,180,180,720,0,0,0,0,0
Mod2_Day_2009_6.csv,China,1441,1441,5764,0,0,0,0,0
Mod2_Day_2009_6.csv,Türkiye,180,180,720,0,0,0,0,0
Mod2_Day_2009_7.csv,China,1441,1441,5764,8,2,2,2,2
Mod2_Day_2009_7.csv,Türkiye,180,180,720,0,0,0,0,0
Mod2_Day_2009_8.csv,China,1441,1441,5764,0,0,0,0,0
Mod2_Day_2009_8.csv,Türkiye,180,180,720,0,0,0,0,0
Mod2_Day_2009_9.csv,China,1441,1441,5764,0,0,0,0,0
Mod2_Day_2009_9.csv,Türkiye,180,180,720,0,0,0,0,0
Mod2_Day_2010_1.csv,China,1441,1441,5764,15,3,4,4,4
Mod2_Day_2010_1.csv,Türkiye,180,180,720,0,0,0,0,0
Mod2_Day_2010_10.csv,China,1441,1441,5764,4,1,1,1,1
Mod2_Day_2010_10.csv,Türkiye,180,180,720,0,0,0,0,0
Mod2_Day_2010_11.csv,China,1441,1441,5764,0,0,0,0,0
Mod2_Day_2010_11.csv,Türkiye,180,180,720,0,0,0,0,0
Mod2_Day_2010_12.csv,China,1441,1441,5764,0,0,0,0,0
Mod2_Day_2010_12.csv,Türkiye,180,180,720,0,0,0,0,0
Mod2_Day_2010_2.csv,China,1441,1441,5764,8,2,2,2,2
Mod2_Day_2010_2.csv,Türkiye,180,180,720,0,0,0,0,0
Mod2_Day_2010_21.csv,China,1441,1441,5764,0,0,0,0,0
Mod2_Day_2010_21.csv,Türkiye,180,180,720,0,0,0,0,0
Mod2_Day_2010_22.csv,China,1441,1441,5764,0,0,0,0,0
Mod2_Day_2010_22.csv,Türkiye,180,180,720,0,0,0,0,0
Mod2_Day_2010_23.csv,China,1441,1441,5764,0,0,0,0,0
Mod2_Day_2010_23.csv,Türkiye,180,180,720,0,0,0,0,0
Mod2_Day_2010_24.csv,China,1441,1441,5764,0,0,0,0,0
Mod2_Day_2010_24.csv,Türkiye,180,180,720,0,0,0,0,0
Mod2_Day_2010_3.csv,China,1441,1441,5764,7,1,2,2,2
Mod2_Day_2010_3.csv,Türkiye,180,180,720,0,0,0,0,0
Mod2_Day_2010_30.csv,China,1441,1441,5764,0,0,0,0,0
Mod2_Day_2010_30.csv,Türkiye,180,180,720,0,0,0,0,0
Mod2_Day_2010_4.csv,China,1441,1441,5764,32,8,8,8,8
Mod2_Day_2010_4.csv,Türkiye,180,180,720,0,0,0,0,0
Mod2_Day_2010_5.csv,China,1441,1441,5764,4,1,1,1,1
Mod2_Day_2010_5.csv,Türkiye,180,180,720,0,0,0,0,0
Mod2_Day_2010_6.csv,China,1441,1441,5764,45,11,11,12,11
Mod2_Day_2010_6.csv,Türkiye,180,180,720,0,0,0,0,0
Mod2_Day_2010_7.csv,China,1441,1441,5764,12,3,3,3,3
Mod2_Day_2010_7.csv,Türkiye,180,180,720,0,0,0,0,0
Mod2_Day_2010_8.csv,China,1441,1441,5764,0,0,0,0,0
Mod2_Day_2010_8.csv,Türkiye,180,180,720,0,0,0,0,0
Mod2_Day_2010_9.csv,China,1441,1441,5764,0,0,0,0,0
Mod2_Day_2010_9.csv,Türkiye,180,180,720,0,0,0,0,0
Mod2_Day_2011_1.csv,China,1441,1441,5764,118,28,30,30,30
Mod2_Day_2011_1.csv,Türkiye,180,180,720,0,0,0,0,0
Mod2_Day_2011_10.csv,China,1441,1441,5764,4,1,1,1,1
Mod2_Day_2011_10.csv,Türkiye,180,180,720,0,0,0,0,0
Mod2_Day_2011_11.csv,China,1441,1441,5764,4,1,1,1,1
Mod2_Day_2011_11.csv,Türkiye,180,180,720,0,0,0,0,0
Mod2_Day_2011_12.csv,China,1441,1441,5764,45,12,11,11,11
Mod2_Day_2011_12.csv,Türkiye,180,180,720,0,0,0,0,0
Mod2_Day_2011_2.csv,China,1441,1441,5764,2,0,1,0,1
Mod2_Day_2011_2.csv,Türkiye,180,180,720,0,0,0,0,0
Mod2_Day_2011_21.csv,China,1441,1441,5764,0,0,0,0,0
Mod2_Day_2011_21.csv,Türkiye,180,180,720,0,0,0,0,0
Mod2_Day_2011_22.csv,China,1441,1441,5764,0,0,0,0,0
Mod2_Day_2011_22.csv,Türkiye,180,180,720,0,0,0,0,0
Mod2_Day_2011_23.csv,China,1441,1441,5764,0,0,0,0,0
Mod2_Day_2011_23.csv,Türkiye,180,180,720,0,0,0,0,0
Mod2_Day_2011_24.csv,China,1441,1441,5764,0,0,0,0,0
Mod2_Day_2011_24.csv,Türkiye,180,180,720,0,0,0,0,0
Mod2_Day_2011_3.csv,China,1441,1441,5764,37,9,9,10,9
Mod2_Day_2011_3.csv,Türkiye,180,180,720,0,0,0,0,0
Mod2_Day_2011_30.csv,China,1441,1441,5764,0,0,0,0,0
Mod2_Day_2011_30.csv,Türkiye,180,180,720,0,0,0,0,0
Mod2_Day_2011_4.csv,China,1441,1441,5764,0,0,0,0,0
Mod2_Day_2011_4.csv,Türkiye,180,180,720,0,0,0,0,0
Mod2_Day_2011_5.csv,China,1441,1441,5764,0,0,0,0,0
Mod2_Day_2011_5.csv,Türkiye,180,180,720,0,0,0,0,0
Mod2_Day_2011_6.csv,China,1441,1441,5764,36,9,9,9,9
Mod2_Day_2011_6.csv,Türkiye,180,180,720,0,0,0,0,0
Mod2_Day_2011_7.csv,China,1441,1441,5764,0,0,0,0,0
Mod2_Day_2011_7.csv,Türkiye,180,180,720,0,0,0,0,0
Mod2_Day_2011_8.csv,China,1441,1441,5764,4,1,1,1,1
Mod2_Day_2011_8.csv,Türkiye,180,180,720,0,0,0,0,0
Mod2_Day_2011_9.csv,China,1441,1441,5764,20,5,5,5,5
Mod2_Day_2011_9.csv,Türkiye,180,180,720,0,0,0,0,0
Mod2_Day_2012_1.csv,China,1441,1441,5764,169,42,42,43,42
Mod2_Day_2012_1.csv,Türkiye,180,180,720,0,0,0,0,0
Mod2_Day_2012_10.csv,China,1441,1441,5764,0,0,0,0,0
Mod2_Day_2012_10.csv,Türkiye,180,180,720,0,0,0,0,0
Mod2_Day_2012_11.csv,China,1441,1441,5764,20,5,5,5,5
Mod2_Day_2012_11.csv,Türkiye,180,180,720,0,0,0,0,0
Mod2_Day_2012_12.csv,China,1441,1441,5764,0,0,0,0,0
Mod2_Day_2012_12.csv,Türkiye,180,180,720,0,0,0,0,0
Mod2_Day_2012_2.csv,China,1441,1441,5764,133,31,34,34,34
Mod2_Day_2012_2.csv,Türkiye,180,180,720,0,0,0,0,0
Mod2_Day_2012_21.csv,China,1441,1441,5764,0,0,0,0,0
Mod2_Day_2012_21.csv,Türkiye,180,180,720,0,0,0,0,0
Mod2_Day_2012_22.csv,China,1441,1441,5764,0,0,0,0,0
Mod2_Day_2012_22.csv,Türkiye,180,180,720,0,0,0,0,0
Mod2_Day_2012_23.csv,China,1441,1441,5764,0,0,0,0,0
Mod2_Day_2012_23.csv,Türkiye,180,180,720,0,0,0,0,0
Mod2_Day_2012_24.csv,China,1441,1441,5764,0,0,0,0,0
Mod2_Day_2012_24.csv,Türkiye,180,180,720,0,0,0,0,0
Mod2_Day_2012_3.csv,China,1441,1441,5764,8,2,2,2,2
Mod2_Day_2012_3.csv,Türkiye,180,180,720,0,0,0,0,0
Mod2_Day_2012_30.csv,China,1441,1441,5764,0,0,0,0,0
Mod2_Day_2012_30.csv,Türkiye,180,180,720,0,0,0,0,0
Mod2_Day_2012_4.csv,China,1441,1441,5764,0,0,0,0,0
Mod2_Day_2012_4.csv,Türkiye,180,180,720,0,0,0,0,0
Mod2_Day_2012_5.csv,China,1441,1441,5764,23,5,6,6,6
Mod2_Day_2012_5.csv,Türkiye,180,180,720,0,0,0,0,0
Mod2_Day_2012_6.csv,China,1441,1441,5764,21,4,6,5,6
Mod2_Day_2012_6.csv,Türkiye,180,180,720,0,0,0,0,0
Mod2_Day_2012_7.csv,China,1441,1441,5764,0,0,0,0,0
Mod2_Day_2012_7.csv,Türkiye,180,180,720,0,0,0,0,0
Mod2_Day_2012_8.csv,China,1441,1441,5764,0,0,0,0,0
Mod2_Day_2012_8.csv,Türkiye,180,180,720,0,0,0,0,0
Mod2_Day_2012_9.csv,China,1441,1441,5764,12,3,3,3,3
Mod2_Day_2012_9.csv,Türkiye,180,180,720,0,0,0,0,0
Mod2_Day_2013_1.csv,China,1441,1441,5764,16,4,4,4,4
Mod2_Day_2013_1.csv,Türkiye,180,180,720,0,0,0,0,0
Mod2_Day_2013_10.csv,China,1441,1441,5764,0,0,0,0,0
Mod2_Day_2013_10.csv,Türkiye,180,180,720,0,0,0,0,0
Mod2_Day_2013_11.csv,China,1441,1441,5764,0,0,0,0,0
Mod2_Day_2013_11.csv,Türkiye,180,180,720,0,0,0,0,0
Mod2_Day_2013_12.csv,China,1441,1441,5764,8,2,2,2,2
Mod2_Day_2013_12.csv,Türkiye,180,180,720,0,0,0,0,0
Mod2_Day_2013_2.csv,China,1441,1441,5764,8,2,2,2,2
Mod2_Day_2013_2.csv,Türkiye,180,180,720,4,1,1,1,1
Mod2_Day_2013_21.csv,China,1441,1441,5764,0,0,0,0,0
Mod2_Day_2013_21.csv,Türkiye,180,180,720,0,0,0,0,0
Mod2_Day_2013_22.csv,China,1441,1441,5764,0,0,0,0,0
Mod2_Day_2013_22.csv,Türkiye,180,180,720,0,0,0,0,0
Mod2_Day_2013_23.csv,China,1441,1441,5764,0,0,0,0,0
Mod2_Day_2013_23.csv,Türkiye,180,180,720,0,0,0,0,0
Mod2_Day_2013_24.csv,China,1441,1441,5764,0,0,0,0,0
Mod2_Day_2013_24.csv,Türkiye,180,180,720,0,0,0,0,0
Mod2_Day_2013_3.csv,China,1441,1441,5764,0,0,0,0,0
Mod2_Day_2013_3.csv,Türkiye,180,180,720,0,0,0,0,0
Mod2_Day_2013_30.csv,China,1441,1441,5764,0,0,0,0,0
Mod2_Day_2013_30.csv,Türkiye,180,180,720,0,0,0,0,0
Mod2_Day_2013_4.csv,China,1441,1441,5764,8,2,2,2,2
Mod2_Day_2013_4.csv,Türkiye,180,180,720,0,0,0,0,0
Mod2_Day_2013_5.csv,China,1441,1441,5764,0,0,0,0,0
Mod2_Day_2013_5.csv,Türkiye,180,180,720,0,0,0,0,0
Mod2_Day_2013_6.csv,China,1441,1441,5764,0,0,0,0,0
Mod2_Day_2013_6.csv,Türkiye,180,180,720,0,0,0,0,0
Mod2_Day_2013_7.csv,China,1441,1441,5764,4,1,1,1,1
Mod2_Day_2013_7.csv,Türkiye,180,180,720,0,0,0,0,0
Mod2_Day_2013_8.csv,China,1441,1441,5764,0,0,0,0,0
Mod2_Day_2013_8.csv,Türkiye,180,180,720,0,0,0,0,0
Mod2_Day_2013_9.csv,China,1441,1441,5764,0,0,0,0,0
Mod2_Day_2013_9.csv,Türkiye,180,180,720,0,0,0,0,0
Mod2_Day_2014_1.csv,China,1441,1441,5764,0,0,0,0,0
Mod2_Day_2014_1.csv,Türkiye,180,180,720,0,0,0,0,0
Mod2_Day_2014_10.csv,China,1441,1441,5764,28,6,7,7,8
Mod2_Day_2014_10.csv,Türkiye,180,180,720,0,0,0,0,0
Mod2_Day_2014_11.csv,China,1441,1441,5764,0,0,0,0,0
Mod2_Day_2014_11.csv,Türkiye,180,180,720,0,0,0,0,0
Mod2_Day_2014_12.csv,China,1441,1441,5764,0,0,0,0,0
Mod2_Day_2014_12.csv,Türkiye,180,180,720,0,0,0,0,0
Mod2_Day_2014_2.csv,China,1441,1441,5764,36,9,9,9,9
Mod2_Day_2014_2.csv,Türkiye,180,180,720,0,0,0,0,0
Mod2_Day_2014_21.csv,China,1441,1441,5764,0,0,0,0,0
Mod2_Day_2014_21.csv,Türkiye,180,180,720,0,0,0,0,0
Mod2_Day_2014_22.csv,China,1441,1441,5764,0,0,0,0,0
Mod2_Day_2014_22.csv,Türkiye,180,180,720,0,0,0,0,0
Mod2_Day_2014_23.csv,China,1441,1441,5764,0,0,0,0,0
Mod2_Day_2014_23.csv,Türkiye,180,180,720,0,0,0,0,0
Mod2_Day_2014_24.csv,China,1441,1441,5764,0,0,0,0,0
Mod2_Day_2014_24.csv,Türkiye,180,180,720,0,0,0,0,0
Mod2_Day_2014_3.csv,China,1441,1441,5764,13,3,3,3,4
Mod2_Day_2014_3.csv,Türkiye,180,180,720,0,0,0,0,0
Mod2_Day_2014_30.csv,China,1441,1441,5764,0,0,0,0,0
Mod2_Day_2014_30.csv,Türkiye,180,180,720,0,0,0,0,0
Mod2_Day_2014_4.csv,China,1441,1441,5764,134,33,34,33,34
Mod2_Day_2014_4.csv,Türkiye,180,180,720,0,0,0,0,0
Mod2_Day_2014_5.csv,China,1441,1441,5764,20,5,5,5,5
Mod2_Day_2014_5.csv,Türkiye,180,180,720,0,0,0,0,0
Mod2_Day_2014_6.csv,China,1441,1441,5764,69,18,17,17,17
Mod2_Day_2014_6.csv,Türkiye,180,180,720,0,0,0,0,0
Mod2_Day_2014_7.csv,China,1441,1441,5764,4,1,1,1,1
Mod2_Day_2014_7.csv,Türkiye,180,180,720,0,0,0,0,0
Mod2_Day_2014_8.csv,China,1441,1441,5764,4,1,1,1,1
Mod2_Day_2014_8.csv,Türkiye,180,180,720,0,0,0,0,0
Mod2_Day_2014_9.csv,China,1441,1441,5764,0,0,0,0,0
Mod2_Day_2014_9.csv,Türkiye,180,180,720,0,0,0,0,0
Mod2_Day_2015_1.csv,China,1441,1441,5764,0,0,0,0,0
Mod2_Day_2015_1.csv,Türkiye,180,180,720,0,0,0,0,0
Mod2_Day_2015_10.csv,China,1441,1441,5764,1,0,0,0,1
Mod2_Day_2015_10.csv,Türkiye,180,180,720,0,0,0,0,0
Mod2_Day_2015_11.csv,China,1441,1441,5764,26,6,6,6,8
Mod2_Day_2015_11.csv,Türkiye,180,180,720,0,0,0,0,0
Mod2_Day_2015_12.csv,China,1441,1441,5764,0,0,0,0,0
Mod2_Day_2015_12.csv,Türkiye,180,180,720,0,0,0,0,0
Mod2_Day_2015_2.csv,China,1441,1441,5764,0,0,0,0,0
Mod2_Day_2015_2.csv,Türkiye,180,180,720,0,0,0,0,0
Mod2_Day_2015_21.csv,China,1441,1441,5764,0,0,0,0,0
Mod2_Day_2015_21.csv,Türkiye,180,180,720,0,0,0,0,0
Mod2_Day_2015_22.csv,China,1441,1441,5764,0,0,0,0,0
Mod2_Day_2015_22.csv,Türkiye,180,180,720,0,0,0,0,0
Mod2_Day_2015_23.csv,China,1441,1441,5764,0,0,0,0,0
Mod2_Day_2015_23.csv,Türkiye,180,180,720,0,0,0,0,0
Mod2_Day_2015_24.csv,China,1441,1441,5764,0,0,0,0,0
Mod2_Day_2015_24.csv,Türkiye,180,180,720,0,0,0,0,0
Mod2_Day_2015_3.csv,China,1441,1441,5764,11,2,3,3,3
Mod2_Day_2015_3.csv,Türkiye,180,180,720,0,0,0,0,0
Mod2_Day_2015_30.csv,China,1441,1441,5764,0,0,0,0,0
Mod2_Day_2015_30.csv,Türkiye,180,180,720,0,0,0,0,0
Mod2_Day_2015_4.csv,China,1441,1441,5764,0,0,0,0,0
Mod2_Day_2015_4.csv,Türkiye,180,180,720,0,0,0,0,0
Mod2_Day_2015_5.csv,China,1441,1441,5764,45,11,11,12,11
Mod2_Day_2015_5.csv,Türkiye,180,180,720,0,0,0,0,0
Mod2_Day_2015_6.csv,China,1441,1441,5764,30,7,8,7,8
Mod2_Day_2015_6.csv,Türkiye,180,180,720,0,0,0,0,0
Mod2_Day_2015_7.csv,China,1441,1441,5764,0,0,0,0,0
Mod2_Day_2015_7.csv,Türkiye,180,180,720,0,0,0,0,0
Mod2_Day_2015_8.csv,China,1441,1441,5764,4,1,1,1,1
Mod2_Day_2015_8.csv,Türkiye,180,180,720,0,0,0,0,0
Mod2_Day_2015_9.csv,China,1441,1441,5764,4,1,1,1,1
Mod2_Day_2015_9.csv,Türkiye,180,180,720,0,0,0,0,0
Mod2_Day_2016_1.csv,China,1441,1441,5764,9,2,3,2,2
Mod2_Day_2016_1.csv,Türkiye,180,180,720,0,0,0,0,0
Mod2_Day_2016_10.csv,China,1441,1441,5764,21,5,5,5,6
Mod2_Day_2016_10.csv,Türkiye,180,180,720,0,0,0,0,0
Mod2_Day_2016_11.csv,China,1441,1441,5764,5,2,1,1,1
Mod2_Day_2016_11.csv,Türkiye,180,180,720,0,0,0,0,0
Mod2_Day_2016_12.csv,China,1441,1441,5764,0,0,0,0,0
Mod2_Day_2016_12.csv,Türkiye,180,180,720,0,0,0,0,0
Mod2_Day_2016_2.csv,China,1441,1441,5764,0,0,0,0,0
Mod2_Day_2016_2.csv,Türkiye,180,180,720,0,0,0,0,0
Mod2_Day_2016_21.csv,China,1441,1441,5764,0,0,0,0,0
Mod2_Day_2016_21.csv,Türkiye,180,180,720,0,0,0,0,0
Mod2_Day_2016_22.csv,China,1441,1441,5764,0,0,0,0,0
Mod2_Day_2016_22.csv,Türkiye,180,180,720,0,0,0,0,0
Mod2_Day_2016_23.csv,China,1441,1441,5764,0,0,0,0,0
Mod2_Day_2016_23.csv,Türkiye,180,180,720,0,0,0,0,0
Mod2_Day_2016_24.csv,China,1441,1441,5764,0,0,0,0,0
Mod2_Day_2016_24.csv,Türkiye,180,180,720,0,0,0,0,0
Mod2_Day_2016_3.csv,China,1441,1441,5764,4,1,1,1,1
Mod2_Day_2016_3.csv,Türkiye,180,180,720,0,0,0,0,0
Mod2_Day_2016_30.csv,China,1441,1441,5764,0,0,0,0,0
Mod2_Day_2016_30.csv,Türkiye,180,180,720,0,0,0,0,0
Mod2_Day_2016_4.csv,China,1441,1441,5764,41,10,10,10,11
Mod2_Day_2016_4.csv,Türkiye,180,180,720,0,0,0,0,0
Mod2_Day_2016_5.csv,China,1441,1441,5764,4,1,1,1,1
Mod2_Day_2016_5.csv,Türkiye,180,180,720,0,0,0,0,0
Mod2_Day_2016_6.csv,China,1441,1441,5764,1,0,0,1,0
Mod2_Day_2016_6.csv,Türkiye,180,180,720,0,0,0,0,0
Mod2_Day_2016_7.csv,China,1441,1441,5764,0,0,0,0,0
Mod2_Day_2016_7.csv,Türkiye,180,180,720,0,0,0,0,0
Mod2_Day_2016_8.csv,China,1441,1441,5764,0,0,0,0,0
Mod2_Day_2016_8.csv,Türkiye,180,180,720,0,0,0,0,0
Mod2_Day_2016_9.csv,China,1441,1441,5764,0,0,0,0,0
Mod2_Day_2016_9.csv,Türkiye,180,180,720,0,0,0,0,0
Mod2_Day_2017_1.csv,China,1441,1441,5764,4,1,1,1,1
Mod2_Day_2017_1.csv,Türkiye,180,180,720,0,0,0,0,0
Mod2_Day_2017_10.csv,China,1441,1441,5764,16,4,4,4,4
Mod2_Day_2017_10.csv,Türkiye,180,180,720,0,0,0,0,0
Mod2_Day_2017_11.csv,China,1441,1441,5764,0,0,0,0,0
Mod2_Day_2017_11.csv,Türkiye,180,180,720,0,0,0,0,0
Mod2_Day_2017_12.csv,China,1441,1441,5764,0,0,0,0,0
Mod2_Day_2017_12.csv,Türkiye,180,180,720,0,0,0,0,0
Mod2_Day_2017_2.csv,China,1441,1441,5764,0,0,0,0,0
Mod2_Day_2017_2.csv,Türkiye,180,180,720,0,0,0,0,0
Mod2_Day_2017_21.csv,China,1441,1441,5764,0,0,0,0,0
Mod2_Day_2017_21.csv,Türkiye,180,180,720,0,0,0,0,0
Mod2_Day_2017_22.csv,China,1441,1441,5764,0,0,0,0,0
Mod2_Day_2017_22.csv,Türkiye,180,180,720,0,0,0,0,0
Mod2_Day_2017_23.csv,China,1441,1441,5764,0,0,0,0,0
Mod2_Day_2017_23.csv,Türkiye,180,180,720,0,0,0,0,0
Mod2_Day_2017_24.csv,China,1441,1441,5764,0,0,0,0,0
Mod2_Day_2017_24.csv,Türkiye,180,180,720,0,0,0,0,0
Mod2_Day_2017_3.csv,China,1441,1441,5764,0,0,0,0,0
Mod2_Day_2017_3.csv,Türkiye,180,180,720,0,0,0,0,0
Mod2_Day_2017_30.csv,China,1441,1441,5764,0,0,0,0,0
Mod2_Day_2017_30.csv,Türkiye,180,180,720,0,0,0,0,0
Mod2_Day_2017_4.csv,China,1441,1441,5764,4,1,1,1,1
Mod2_Day_2017_4.csv,Türkiye,180,180,720,0,0,0,0,0
Mod2_Day_2017_5.csv,China,1441,1441,5764,0,0,0,0,0
Mod2_Day_2017_5.csv,Türkiye,180,180,720,0,0,0,0,0
Mod2_Day_2017_6.csv,China,1441,1441,5764,195,49,48,49,49
Mod2_Day_2017_6.csv,Türkiye,180,180,720,0,0,0,0,0
Mod2_Day_2017_7.csv,China,1441,1441,5764,20,5,5,5,5
Mod2_Day_2017_7.csv,Türkiye,180,180,720,0,0,0,0,0
Mod2_Day_2017_8.csv,China,1441,1441,5764,0,0,0,0,0
Mod2_Day_2017_8.csv,Türkiye,180,180,720,0,0,0,0,0
Mod2_Day_2017_9.csv,China,1441,1441,5764,0,0,0,0,0
Mod2_Day_2017_9.csv,Türkiye,180,180,720,0,0,0,0,0
Mod2_Day_2018_1.csv,China,1441,1441,5764,4,1,1,1,1
Mod2_Day_2018_1.csv,Türkiye,180,180,720,0,0,0,0,0
Mod2_Day_2018_10.csv,China,1441,1441,5764,0,0,0,0,0
Mod2_Day_2018_10.csv,Türkiye,180,180,720,0,0,0,0,0
Mod2_Day_2018_11.csv,China,1441,1441,5764,0,0,0,0,0
Mod2_Day_2018_11.csv,Türkiye,180,180,720,0,0,0,0,0
Mod2_Day_2018_12.csv,China,1441,1441,5764,40,10,10,10,10
Mod2_Day_2018_12.csv,Türkiye,180,180,720,0,0,0,0,0
Mod2_Day_2018_2.csv,China,1441,1441,5764,4,1,1,1,1
Mod2_Day_2018_2.csv,Türkiye,180,180,720,0,0,0,0,0
Mod2_Day_2018_21.csv,China,1441,1441,5764,0,0,0,0,0
Mod2_Day_2018_21.csv,Türkiye,180,180,720,0,0,0,0,0
Mod2_Day_2018_22.csv,China,1441,1441,5764,0,0,0,0,0
Mod2_Day_2018_22.csv,Türkiye,180,180,720,0,0,0,0,0
Mod2_Day_2018_23.csv,China,1441,1441,5764,0,0,0,0,0
Mod2_Day_2018_23.csv,Türkiye,180,180,720,0,0,0,0,0
Mod2_Day_2018_24.csv,China,1441,1441,5764,0,0,0,0,0
Mod2_Day_2018_24.csv,Türkiye,180,180,720,0,0,0,0,0
Mod2_Day_2018_3.csv,China,1441,1441,5764,0,0,0,0,0
Mod2_Day_2018_3.csv,Türkiye,180,180,720,0,0,0,0,0
Mod2_Day_2018_30.csv,China,1441,1441,5764,0,0,0,0,0
Mod2_Day_2018_30.csv,Türkiye,180,180,720,0,0,0,0,0
Mod2_Day_2018_4.csv,China,1441,1441,5764,4,1,1,1,1
Mod2_Day_2018_4.csv,Türkiye,180,180,720,0,0,0,0,0
Mod2_Day_2018_5.csv,China,1441,1441,5764,4,1,1,1,1
Mod2_Day_2018_5.csv,Türkiye,180,180,720,0,0,0,0,0
Mod2_Day_2018_6.csv,China,1441,1441,5764,1,0,0,0,1
Mod2_Day_2018_6.csv,Türkiye,180,180,720,0,0,0,0,0
Mod2_Day_2018_7.csv,China,1441,1441,5764,30,7,8,7,8
Mod2_Day_2018_7.csv,Türkiye,180,180,720,0,0,0,0,0
Mod2_Day_2018_8.csv,China,1441,1441,5764,0,0,0,0,0
Mod2_Day_2018_8.csv,Türkiye,180,180,720,0,0,0,0,0
Mod2_Day_2018_9.csv,China,1441,1441,5764,41,10,10,10,11
Mod2_Day_2018_9.csv,Türkiye,180,180,720,0,0,0,0,0
Mod2_Day_2019_1.csv,China,1441,1441,5764,26,6,6,6,8
Mod2_Day_2019_1.csv,Türkiye,180,180,720,0,0,0,0,0
Mod2_Day_2019_10.csv,China,1441,1441,5764,0,0,0,0,0
Mod2_Day_2019_10.csv,Türkiye,180,180,720,0,0,0,0,0
Mod2_Day_2019_11.csv,China,1441,1441,5764,12,3,3,3,3
Mod2_Day_2019_11.csv,Türkiye,180,180,720,0,0,0,0,0
Mod2_Day_2019_12.csv,China,1441,1441,5764,0,0,0,0,0
Mod2_Day_2019_12.csv,Türkiye,180,180,720,0,0,0,0,0
Mod2_Day_2019_2.csv,China,1441,1441,5764,40,9,10,11,10
Mod2_Day_2019_2.csv,Türkiye,180,180,720,0,0,0,0,0
Mod2_Day_2019_21.csv,China,1441,1441,5764,0,0,0,0,0
Mod2_Day_2019_21.csv,Türkiye,180,180,720,0,0,0,0,0
Mod2_Day_2019_22.csv,China,1441,1441,5764,0,0,0,0,0
Mod2_Day_2019_22.csv,Türkiye,180,180,720,0,0,0,0,0
Mod2_Day_2019_23.csv,China,1441,1441,5764,0,0,0,0,0
Mod2_Day_2019_23.csv,Türkiye,180,180,720,0,0,0,0,0
Mod2_Day_2019_24.csv,China,1441,1441,5764,0,0,0,0,0
Mod2_Day_2019_24.csv,Türkiye,180,180,720,0,0,0,0,0
Mod2_Day_2019_3.csv,China,1441,1441,5764,0,0,0,0,0
Mod2_Day_2019_3.csv,Türkiye,180,180,720,0,0,0,0,0
Mod2_Day_2019_30.csv,China,1441,1441,5764,0,0,0,0,0
Mod2_Day_2019_30.csv,Türkiye,180,180,720,0,0,0,0,0
Mod2_Day_2019_4.csv,China,1441,1441,5764,25,6,6,6,7
Mod2_Day_2019_4.csv,Türkiye,180,180,720,0,0,0,0,0
Mod2_Day_2019_5.csv,China,1441,1441,5764,8,2,2,2,2
Mod2_Day_2019_5.csv,Türkiye,180,180,720,0,0,0,0,0
Mod2_Day_2019_6.csv,China,1441,1441,5764,20,5,5,5,5
Mod2_Day_2019_6.csv,Türkiye,180,180,720,0,0,0,0,0
Mod2_Day_2019_7.csv,China,1441,1441,5764,24,6,6,6,6
Mod2_Day_2019_7.csv,Türkiye,180,180,720,0,0,0,0,0
Mod2_Day_2019_8.csv,China,1441,1441,5764,0,0,0,0,0
Mod2_Day_2019_8.csv,Türkiye,180,180,720,0,0,0,0,0
Mod2_Day_2019_9.csv,China,1441,1441,5764,0,0,0,0,0
Mod2_Day_2019_9.csv,Türkiye,180,180,720,0,0,0,0,0
Mod2_Day_2020_1.csv,China,1441,1441,5764,0,0,0,0,0
Mod2_Day_2020_1.csv,Türkiye,180,180,720,0,0,0,0,0
Mod2_Day_2020_10.csv,China,1441,1441,5764,1,0,0,0,1
Mod2_Day_2020_10.csv,Türkiye,180,180,720,0,0,0,0,0
Mod2_Day_2020_11.csv,China,1441,1441,5764,0,0,0,0,0
Mod2_Day_2020_11.csv,Türkiye,180,180,720,0,0,0,0,0
Mod2_Day_2020_12.csv,China,1441,1441,5764,9,2,2,2,3
Mod2_Day_2020_12.csv,Türkiye,180,180,720,0,0,0,0,0
Mod2_Day_2020_2.csv,China,1441,1441,5764,0,0,0,0,0
Mod2_Day_2020_2.csv,Türkiye,180,180,720,0,0,0,0,0
Mod2_Day_2020_21.csv,China,1441,1441,5764,0,0,0,0,0
Mod2_Day_2020_21.csv,Türkiye,180,180,720,0,0,0,0,0
Mod2_Day_2020_22.csv,China,1441,1441,5764,0,0,0,0,0
Mod2_Day_2020_22.csv,Türkiye,180,180,720,0,0,0,0,0
Mod2_Day_2020_23.csv,China,1441,1441,5764,0,0,0,0,0
Mod2_Day_2020_23.csv,Türkiye,180,180,720,0,0,0,0,0
Mod2_Day_2020_24.csv,China,1441,1441,5764,0,0,0,0,0
Mod2_Day_2020_24.csv,Türkiye,180,180,720,0,0,0,0,0
Mod2_Day_2020_3.csv,China,1441,1441,5764,35,8,9,9,9
Mod2_Day_2020_3.csv,Türkiye,180,180,720,0,0,0,0,0
Mod2_Day_2020_30.csv,China,1441,1441,5764,0,0,0,0,0
Mod2_Day_2020_30.csv,Türkiye,180,180,720,0,0,0,0,0
Mod2_Day_2020_4.csv,China,1441,1441,5764,0,0,0,0,0
Mod2_Day_2020_4.csv,Türkiye,180,180,720,0,0,0,0,0
Mod2_Day_2020_5.csv,China,1441,1441,5764,22,5,6,6,5
Mod2_Day_2020_5.csv,Türkiye,180,180,720,0,0,0,0,0
Mod2_Day_2020_6.csv,China,1441,1441,5764,44,11,11,11,11
Mod2_Day_2020_6.csv,Türkiye,180,180,720,0,0,0,0,0
Mod2_Day_2020_7.csv,China,1441,1441,5764,0,0,0,0,0
Mod2_Day_2020_7.csv,Türkiye,180,180,720,0,0,0,0,0
Mod2_Day_2020_8.csv,China,1441,1441,5764,0,0,0,0,0
Mod2_Day_2020_8.csv,Türkiye,180,180,720,0,0,0,0,0
Mod2_Day_2020_9.csv,China,1441,1441,5764,168,42,42,42,42
Mod2_Day_2020_9.csv,Türkiye,180,180,720,0,0,0,0,0
Mod2_Day_2021_1.csv,China,1441,1441,5764,0,0,0,0,0
Mod2_Day_2021_1.csv,Türkiye,180,180,720,0,0,0,0,0
Mod2_Day_2021_10.csv,China,1441,1441,5764,82,20,20,20,22
Mod2_Day_2021_10.csv,Türkiye,180,180,720,0,0,0,0,0
Mod2_Day_2021_11.csv,China,1441,1441,5764,0,0,0,0,0
Mod2_Day_2021_11.csv,Türkiye,180,180,720,0,0,0,0,0
Mod2_Day_2021_12.csv,China,1441,1441,5764,0,0,0,0,0
Mod2_Day_2021_12.csv,Türkiye,180,180,720,0,0,0,0,0
Mod2_Day_2021_2.csv,China,1441,1441,5764,0,0,0,0,0
Mod2_Day_2021_2.csv,Türkiye,180,180,720,0,0,0,0,0
Mod2_Day_2021_21.csv,China,1441,1441,5764,0,0,0,0,0
Mod2_Day_2021_21.csv,Türkiye,180,180,720,0,0,0,0,0
Mod2_Day_2021_22.csv,China,1441,1441,5764,0,0,0,0,0
Mod2_Day_2021_22.csv,Türkiye,180,180,720,0,0,0,0,0
Mod2_Day_2021_23.csv,China,1441,1441,5764,0,0,0,0,0
Mod2_Day_2021_23.csv,Türkiye,180,180,720,0,0,0,0,0
Mod2_Day_2021_24.csv,China,1441,1441,5764,0,0,0,0,0
Mod2_Day_2021_24.csv,Türkiye,180,180,720,0,0,0,0,0
Mod2_Day_2021_3.csv,China,1441,1441,5764,4,1,1,1,1
Mod2_Day_2021_3.csv,Türkiye,180,180,720,0,0,0,0,0
Mod2_Day_2021_30.csv,China,1441,1441,5764,0,0,0,0,0
Mod2_Day_2021_30.csv,Türkiye,180,180,720,0,0,0,0,0
Mod2_Day_2021_4.csv,China,1441,1441,5764,48,12,12,12,12
Mod2_Day_2021_4.csv,Türkiye,180,180,720,0,0,0,0,0
Mod2_Day_2021_5.csv,China,1441,1441,5764,8,2,2,2,2
Mod2_Day_2021_5.csv,Türkiye,180,180,720,0,0,0,0,0
Mod2_Day_2021_6.csv,China,1441,1441,5764,5,1,1,1,2
Mod2_Day_2021_6.csv,Türkiye,180,180,720,0,0,0,0,0
Mod2_Day_2021_7.csv,China,1441,1441,5764,0,0,0,0,0
Mod2_Day_2021_7.csv,Türkiye,180,180,720,0,0,0,0,0
Mod2_Day_2021_8.csv,China,1441,1441,5764,0,0,0,0,0
Mod2_Day_2021_8.csv,Türkiye,180,180,720,0,0,0,0,0
Mod2_Day_2021_9.csv,China,1441,1441,5764,0,0,0,0,0
Mod2_Day_2021_9.csv,Türkiye,180,180,720,0,0,0,0,0
Mod2_Nig_2001_1.csv,China,1441,1441,5764,0,0,0,0,0
Mod2_Nig_2001_1.csv,Türkiye,180,180,720,0,0,0,0,0
Mod2_Nig_2001_10.csv,China,1441,1441,5764,12,3,3,3,3
Mod2_Nig_2001_10.csv,Türkiye,180,180,720,0,0,0,0,0
Mod2_Nig_2001_11.csv,China,1441,1441,5764,0,0,0,0,0
Mod2_Nig_2001_11.csv,Türkiye,180,180,720,0,0,0,0,0
Mod2_Nig_2001_12.csv,China,1441,1441,5764,0,0,0,0,0
Mod2_Nig_2001_12.csv,Türkiye,180,180,720,0,0,0,0,0
Mod2_Nig_2001_2.csv,China,1441,1441,5764,0,0,0,0,0
Mod2_Nig_2001_2.csv,Türkiye,180,180,720,0,0,0,0,0
Mod2_Nig_2001_21.csv,China,1441,1441,5764,0,0,0,0,0
Mod2_Nig_2001_21.csv,Türkiye,180,180,720,0,0,0,0,0
Mod2_Nig_2001_22.csv,China,1441,1441,5764,0,0,0,0,0
Mod2_Nig_2001_22.csv,Türkiye,180,180,720,0,0,0,0,0
Mod2_Nig_2001_23.csv,China,1441,1441,5764,0,0,0,0,0
Mod2_Nig_2001_23.csv,Türkiye,180,180,720,0,0,0,0,0
Mod2_Nig_2001_24.csv,China,1441,1441,5764,0,0,0,0,0
Mod2_Nig_2001_24.csv,Türkiye,180,180,720,0,0,0,0,0
Mod2_Nig_2001_3.csv,China,1441,1441,5764,0,0,0,0,0
Mod2_Nig_2001_3.csv,Türkiye,180,180,720,0,0,0,0,0
Mod2_Nig_2001_30.csv,China,1441,1441,5764,0,0,0,0,0
Mod2_Nig_2001_30.csv,Türkiye,180,180,720,0,0,0,0,0
Mod2_Nig_2001_4.csv,China,1441,1441,5764,12,3,3,3,3
Mod2_Nig_2001_4.csv,Türkiye,180,180,720,0,0,0,0,0
Mod2_Nig_2001_5.csv,China,1441,1441,5764,0,0,0,0,0
Mod2_Nig_2001_5.csv,Türkiye,180,180,720,0,0,0,0,0
Mod2_Nig_2001_6.csv,China,1441,1441,5764,99,24,25,24,26
Mod2_Nig_2001_6.csv,Türkiye,180,180,720,0,0,0,0,0
Mod2_Nig_2001_7.csv,China,1441,1441,5764,0,0,0,0,0
Mod2_Nig_2001_7.csv,Türkiye,180,180,720,0,0,0,0,0
Mod2_Nig_2001_8.csv,China,1441,1441,5764,0,0,0,0,0
Mod2_Nig_2001_8.csv,Türkiye,180,180,720,0,0,0,0,0
Mod2_Nig_2001_9.csv,China,1441,1441,5764,28,7,7,7,7
Mod2_Nig_2001_9.csv,Türkiye,180,180,720,0,0,0,0,0
Mod2_Nig_2002_1.csv,China,1441,1441,5764,0,0,0,0,0
Mod2_Nig_2002_1.csv,Türkiye,180,180,720,0,0,0,0,0
Mod2_Nig_2002_10.csv,China,1441,1441,5764,0,0,0,0,0
Mod2_Nig_2002_10.csv,Türkiye,180,180,720,0,0,0,0,0
Mod2_Nig_2002_11.csv,China,1441,1441,5764,0,0,0,0,0
Mod2_Nig_2002_11.csv,Türkiye,180,180,720,0,0,0,0,0
Mod2_Nig_2002_12.csv,China,1441,1441,5764,12,3,3,3,3
Mod2_Nig_2002_12.csv,Türkiye,180,180,720,0,0,0,0,0
Mod2_Nig_2002_2.csv,China,1441,1441,5764,0,0,0,0,0
Mod2_Nig_2002_2.csv,Türkiye,180,180,720,0,0,0,0,0
Mod2_Nig_2002_21.csv,China,1441,1441,5764,0,0,0,0,0
Mod2_Nig_2002_21.csv,Türkiye,180,180,720,0,0,0,0,0
Mod2_Nig_2002_22.csv,China,1441,1441,5764,0,0,0,0,0
Mod2_Nig_2002_22.csv,Türkiye,180,180,720,0,0,0,0,0
Mod2_Nig_2002_23.csv,China,1441,1441,5764,0,0,0,0,0
Mod2_Nig_2002_23.csv,Türkiye,180,180,720,0,0,0,0,0
Mod2_Nig_2002_24.csv,China,1441,1441,5764,0,0,0,0,0
Mod2_Nig_2002_24.csv,Türkiye,180,180,720,0,0,0,0,0
Mod2_Nig_2002_3.csv,China,1441,1441,5764,0,0,0,0,0
Mod2_Nig_2002_3.csv,Türkiye,180,180,720,0,0,0,0,0
Mod2_Nig_2002_30.csv,China,1441,1441,5764,0,0,0,0,0
Mod2_Nig_2002_30.csv,Türkiye,180,180,720,0,0,0,0,0
Mod2_Nig_2002_4.csv,China,1441,1441,5764,0,0,0,0,0
Mod2_Nig_2002_4.csv,Türkiye,180,180,720,0,0,0,0,0
Mod2_Nig_2002_5.csv,China,1441,1441,5764,4,1,1,1,1
Mod2_Nig_2002_5.csv,Türkiye,180,180,720,0,0,0,0,0
Mod2_Nig_2002_6.csv,China,1441,1441,5764,0,0,0,0,0
Mod2_Nig_2002_6.csv,Türkiye,180,180,720,0,0,0,0,0
Mod2_Nig_2002_7.csv,China,1441,1441,5764,0,0,0,0,0
Mod2_Nig_2002_7.csv,Türkiye,180,180,720,0,0,0,0,0
Mod2_Nig_2002_8.csv,China,1441,1441,5764,0,0,0,0,0
Mod2_Nig_2002_8.csv,Türkiye,180,180,720,0,0,0,0,0
Mod2_Nig_2002_9.csv,China,1441,1441,5764,0,0,0,0,0
Mod2_Nig_2002_9.csv,Türkiye,180,180,720,0,0,0,0,0
Mod2_Nig_2003_1.csv,China,1441,1441,5764,0,0,0,0,0
Mod2_Nig_2003_1.csv,Türkiye,180,180,720,0,0,0,0,0
Mod2_Nig_2003_10.csv,China,1441,1441,5764,0,0,0,0,0
Mod2_Nig_2003_10.csv,Türkiye,180,180,720,0,0,0,0,0
Mod2_Nig_2003_11.csv,China,1441,1441,5764,0,0,0,0,0
Mod2_Nig_2003_11.csv,Türkiye,180,180,720,0,0,0,0,0
Mod2_Nig_2003_12.csv,China,1441,1441,5764,16,4,4,4,4
Mod2_Nig_2003_12.csv,Türkiye,180,180,720,0,0,0,0,0
Mod2_Nig_2003_2.csv,China,1441,1441,5764,4,1,1,1,1
Mod2_Nig_2003_2.csv,Türkiye,180,180,720,0,0,0,0,0
Mod2_Nig_2003_21.csv,China,1441,1441,5764,0,0,0,0,0
Mod2_Nig_2003_21.csv,Türkiye,180,180,720,0,0,0,0,0
Mod2_Nig_2003_22.csv,China,1441,1441,5764,0,0,0,0,0
Mod2_Nig_2003_22.csv,Türkiye,180,180,720,0,0,0,0,0
Mod2_Nig_2003_23.csv,China,1441,1441,5764,0,0,0,0,0
Mod2_Nig_2003_23.csv,Türkiye,180,180,720,0,0,0,0,0
Mod2_Nig_2003_24.csv,China,1441,1441,5764,0,0,0,0,0
Mod2_Nig_2003_24.csv,Türkiye,180,180,720,0,0,0,0,0
Mod2_Nig_2003_3.csv,China,1441,1441,5764,0,0,0,0,0
Mod2_Nig_2003_3.csv,Türkiye,180,180,720,0,0,0,0,0
Mod2_Nig_2003_30.csv,China,1441,1441,5764,0,0,0,0,0
Mod2_Nig_2003_30.csv,Türkiye,180,180,720,0,0,0,0,0
Mod2_Nig_2003_4.csv,China,1441,1441,5764,0,0,0,0,0
Mod2_Nig_2003_4.csv,Türkiye,180,180,720,0,0,0,0,0
Mod2_Nig_2003_5.csv,China,1441,1441,5764,28,7,7,7,7
Mod2_Nig_2003_5.csv,Türkiye,180,180,720,0,0,0,0,0
Mod2_Nig_2003_6.csv,China,1441,1441,5764,0,0,0,0,0
Mod2_Nig_2003_6.csv,Türkiye,180,180,720,0,0,0,0,0
Mod2_Nig_2003_7.csv,China,1441,1441,5764,0,0,0,0,0
Mod2_Nig_2003_7.csv,Türkiye,180,180,720,0,0,0,0,0
Mod2_Nig_2003_8.csv,China,1441,1441,5764,0,0,0,0,0
Mod2_Nig_2003_8.csv,Türkiye,180,180,720,0,0,0,0,0
Mod2_Nig_2003_9.csv,China,1441,1441,5764,0,0,0,0,0
Mod2_Nig_2003_9.csv,Türkiye,180,180,720,0,0,0,0,0
Mod2_Nig_2004_1.csv,China,1441,1441,5764,0,0,0,0,0
Mod2_Nig_2004_1.csv,Türkiye,180,180,720,0,0,0,0,0
Mod2_Nig_2004_10.csv,China,1441,1441,5764,0,0,0,0,0
Mod2_Nig_2004_10.csv,Türkiye,180,180,720,0,0,0,0,0
Mod2_Nig_2004_11.csv,China,1441,1441,5764,0,0,0,0,0
Mod2_Nig_2004_11.csv,Türkiye,180,180,720,0,0,0,0,0
Mod2_Nig_2004_12.csv,China,1441,1441,5764,0,0,0,0,0
Mod2_Nig_2004_12.csv,Türkiye,180,180,720,0,0,0,0,0
Mod2_Nig_2004_2.csv,China,1441,1441,5764,0,0,0,0,0
Mod2_Nig_2004_2.csv,Türkiye,180,180,720,0,0,0,0,0
Mod2_Nig_2004_21.csv,China,1441,1441,5764,0,0,0,0,0
Mod2_Nig_2004_21.csv,Türkiye,180,180,720,0,0,0,0,0
Mod2_Nig_2004_22.csv,China,1441,1441,5764,0,0,0,0,0
Mod2_Nig_2004_22.csv,Türkiye,180,180,720,0,0,0,0,0
Mod2_Nig_2004_23.csv,China,1441,1441,5764,0,0,0,0,0
Mod2_Nig_2004_23.csv,Türkiye,180,180,720,0,0,0,0,0
Mod2_Nig_2004_24.csv,China,1441,1441,5764,0,0,0,0,0
Mod2_Nig_2004_24.csv,Türkiye,180,180,720,0,0,0,0,0
Mod2_Nig_2004_3.csv,China,1441,1441,5764,0,0,0,0,0
Mod2_Nig_2004_3.csv,Türkiye,180,180,720,0,0,0,0,0
Mod2_Nig_2004_30.csv,China,1441,1441,5764,0,0,0,0,0
Mod2_Nig_2004_30.csv,Türkiye,180,180,720,0,0,0,0,0
Mod2_Nig_2004_4.csv,China,1441,1441,5764,0,0,0,0,0
Mod2_Nig_2004_4.csv,Türkiye,180,180,720,0,0,0,0,0
Mod2_Nig_2004_5.csv,China,1441,1441,5764,8,2,2,2,2
Mod2_Nig_2004_5.csv,Türkiye,180,180,720,0,0,0,0,0
Mod2_Nig_2004_6.csv,China,1441,1441,5764,0,0,0,0,0
Mod2_Nig_2004_6.csv,Türkiye,180,180,720,0,0,0,0,0
Mod2_Nig_2004_7.csv,China,1441,1441,5764,0,0,0,0,0
Mod2_Nig_2004_7.csv,Türkiye,180,180,720,0,0,0,0,0
Mod2_Nig_2004_8.csv,China,1441,1441,5764,0,0,0,0,0
Mod2_Nig_2004_8.csv,Türkiye,180,180,720,0,0,0,0,0
Mod2_Nig_2004_9.csv,China,1441,1441,5764,0,0,0,0,0
Mod2_Nig_2004_9.csv,Türkiye,180,180,720,0,0,0,0,0
Mod2_Nig_2005_1.csv,China,1441,1441,5764,0,0,0,0,0
Mod2_Nig_2005_1.csv,Türkiye,180,180,720,0,0,0,0,0
Mod2_Nig_2005_10.csv,China,1441,1441,5764,24,6,6,6,6
Mod2_Nig_2005_10.csv,Türkiye,180,180,720,0,0,0,0,0
Mod2_Nig_2005_11.csv,China,1441,1441,5764,4,1,1,1,1
Mod2_Nig_2005_11.csv,Türkiye,180,180,720,0,0,0,0,0
Mod2_Nig_2005_12.csv,China,1441,1441,5764,16,4,4,4,4
Mod2_Nig_2005_12.csv,Türkiye,180,180,720,0,0,0,0,0
Mod2_Nig_2005_2.csv,China,1441,1441,5764,0,0,0,0,0
Mod2_Nig_2005_2.csv,Türkiye,180,180,720,0,0,0,0,0
Mod2_Nig_2005_21.csv,China,1441,1441,5764,0,0,0,0,0
Mod2_Nig_2005_21.csv,Türkiye,180,180,720,0,0,0,0,0
Mod2_Nig_2005_22.csv,China,1441,1441,5764,0,0,0,0,0
Mod2_Nig_2005_22.csv,Türkiye,180,180,720,0,0,0,0,0
Mod2_Nig_2005_23.csv,China,1441,1441,5764,0,0,0,0,0
Mod2_Nig_2005_23.csv,Türkiye,180,180,720,0,0,0,0,0
Mod2_Nig_2005_24.csv,China,1441,1441,5764,0,0,0,0,0
Mod2_Nig_2005_24.csv,Türkiye,180,180,720,0,0,0,0,0
Mod2_Nig_2005_3.csv,China,1441,1441,5764,4,1,1,1,1
Mod2_Nig_2005_3.csv,Türkiye,180,180,720,0,0,0,0,0
Mod2_Nig_2005_30.csv,China,1441,1441,5764,0,0,0,0,0
Mod2_Nig_2005_30.csv,Türkiye,180,180,720,0,0,0,0,0
Mod2_Nig_2005_4.csv,China,1441,1441,5764,0,0,0,0,0
Mod2_Nig_2005_4.csv,Türkiye,180,180,720,0,0,0,0,0
Mod2_Nig_2005_5.csv,China,1441,1441,5764,36,9,9,9,9
Mod2_Nig_2005_5.csv,Türkiye,180,180,720,0,0,0,0,0
Mod2_Nig_2005_6.csv,China,1441,1441,5764,97,23,24,26,24
Mod2_Nig_2005_6.csv,Türkiye,180,180,720,0,0,0,0,0
Mod2_Nig_2005_7.csv,China,1441,1441,5764,0,0,0,0,0
Mod2_Nig_2005_7.csv,Türkiye,180,180,720,0,0,0,0,0
Mod2_Nig_2005_8.csv,China,1441,1441,5764,0,0,0,0,0
Mod2_Nig_2005_8.csv,Türkiye,180,180,720,0,0,0,0,0
Mod2_Nig_2005_9.csv,China,1441,1441,5764,0,0,0,0,0
Mod2_Nig_2005_9.csv,Türkiye,180,180,720,0,0,0,0,0
Mod2_Nig_2006_1.csv,China,1441,1441,5764,0,0,0,0,0
Mod2_Nig_2006_1.csv,Türkiye,180,180,720,0,0,0,0,0
Mod2_Nig_2006_10.csv,China,1441,1441,5764,0,0,0,0,0
Mod2_Nig_2006_10.csv,Türkiye,180,180,720,0,0,0,0,0
Mod2_Nig_2006_11.csv,China,1441,1441,5764,0,0,0,0,0
Mod2_Nig_2006_11.csv,Türkiye,180,180,720,0,0,0,0,0
Mod2_Nig_2006_12.csv,China,1441,1441,5764,0,0,0,0,0
Mod2_Nig_2006_12.csv,Türkiye,180,180,720,0,0,0,0,0
Mod2_Nig_2006_2.csv,China,1441,1441,5764,0,0,0,0,0
Mod2_Nig_2006_2.csv,Türkiye,180,180,720,0,0,0,0,0
Mod2_Nig_2006_21.csv,China,1441,1441,5764,0,0,0,0,0
Mod2_Nig_2006_21.csv,Türkiye,180,180,720,0,0,0,0,0
Mod2_Nig_2006_22.csv,China,1441,1441,5764,0,0,0,0,0
Mod2_Nig_2006_22.csv,Türkiye,180,180,720,0,0,0,0,0
Mod2_Nig_2006_23.csv,China,1441,1441,5764,0,0,0,0,0
Mod2_Nig_2006_23.csv,Türkiye,180,180,720,0,0,0,0,0
Mod2_Nig_2006_24.csv,China,1441,1441,5764,0,0,0,0,0
Mod2_Nig_2006_24.csv,Türkiye,180,180,720,0,0,0,0,0
Mod2_Nig_2006_3.csv,China,1441,1441,5764,0,0,0,0,0
Mod2_Nig_2006_3.csv,Türkiye,180,180,720,0,0,0,0,0
Mod2_Nig_2006_30.csv,China,1441,1441,5764,0,0,0,0,0
Mod2_Nig_2006_30.csv,Türkiye,180,180,720,0,0,0,0,0
Mod2_Nig_2006_4.csv,China,1441,1441,5764,4,1,1,1,1
Mod2_Nig_2006_4.csv,Türkiye,180,180,720,0,0,0,0,0
Mod2_Nig_2006_5.csv,China,1441,1441,5764,8,2,2,2,2
Mod2_Nig_2006_5.csv,Türkiye,180,180,720,0,0,0,0,0
Mod2_Nig_2006_6.csv,China,1441,1441,5764,0,0,0,0,0
Mod2_Nig_2006_6.csv,Türkiye,180,180,720,0,0,0,0,0
Mod2_Nig_2006_7.csv,China,1441,1441,5764,0,0,0,0,0
Mod2_Nig_2006_7.csv,Türkiye,180,180,720,0,0,0,0,0
Mod2_Nig_2006_8.csv,China,1441,1441,5764,0,0,0,0,0
Mod2_Nig_2006_8.csv,Türkiye,180,180,720,0,0,0,0,0
Mod2_Nig_2006_9.csv,China,1441,1441,5764,0,0,0,0,0
Mod2_Nig_2006_9.csv,Türkiye,180,180,720,0,0,0,0,0
Mod2_Nig_2007_1.csv,China,1441,1441,5764,0,0,0,0,0
Mod2_Nig_2007_1.csv,Türkiye,180,180,720,0,0,0,0,0
Mod2_Nig_2007_10.csv,China,1441,1441,5764,25,6,6,7,6
Mod2_Nig_2007_10.csv,Türkiye,180,180,720,0,0,0,0,0
Mod2_Nig_2007_11.csv,China,1441,1441,5764,0,0,0,0,0
Mod2_Nig_2007_11.csv,Türkiye,180,180,720,0,0,0,0,0
Mod2_Nig_2007_12.csv,China,1441,1441,5764,12,3,3,3,3
Mod2_Nig_2007_12.csv,Türkiye,180,180,720,0,0,0,0,0
Mod2_Nig_2007_2.csv,China,1441,1441,5764,0,0,0,0,0
Mod2_Nig_2007_2.csv,Türkiye,180,180,720,0,0,0,0,0
Mod2_Nig_2007_21.csv,China,1441,1441,5764,0,0,0,0,0
Mod2_Nig_2007_21.csv,Türkiye,180,180,720,0,0,0,0,0
Mod2_Nig_2007_22.csv,China,1441,1441,5764,0,0,0,0,0
Mod2_Nig_2007_22.csv,Türkiye,180,180,720,0,0,0,0,0
Mod2_Nig_2007_23.csv,China,1441,1441,5764,0,0,0,0,0
Mod2_Nig_2007_23.csv,Türkiye,180,180,720,0,0,0,0,0
Mod2_Nig_2007_24.csv,China,1441,1441,5764,0,0,0,0,0
Mod2_Nig_2007_24.csv,Türkiye,180,180,720,0,0,0,0,0
Mod2_Nig_2007_3.csv,China,1441,1441,5764,0,0,0,0,0
Mod2_Nig_2007_3.csv,Türkiye,180,180,720,0,0,0,0,0
Mod2_Nig_2007_30.csv,China,1441,1441,5764,0,0,0,0,0
Mod2_Nig_2007_30.csv,Türkiye,180,180,720,0,0,0,0,0
Mod2_Nig_2007_4.csv,China,1441,1441,5764,0,0,0,0,0
Mod2_Nig_2007_4.csv,Türkiye,180,180,720,0,0,0,0,0
Mod2_Nig_2007_5.csv,China,1441,1441,5764,0,0,0,0,0
Mod2_Nig_2007_5.csv,Türkiye,180,180,720,0,0,0,0,0
Mod2_Nig_2007_6.csv,China,1441,1441,5764,12,3,3,3,3
Mod2_Nig_2007_6.csv,Türkiye,180,180,720,0,0,0,0,0
Mod2_Nig_2007_7.csv,China,1441,1441,5764,1,0,0,0,1
Mod2_Nig_2007_7.csv,Türkiye,180,180,720,0,0,0,0,0
Mod2_Nig_2007_8.csv,China,1441,1441,5764,16,4,4,4,4
Mod2_Nig_2007_8.csv,Türkiye,180,180,720,0,0,0,0,0
Mod2_Nig_2007_9.csv,China,1441,1441,5764,0,0,0,0,0
Mod2_Nig_2007_9.csv,Türkiye,180,180,720,0,0,0,0,0
Mod2_Nig_2008_1.csv,China,1441,1441,5764,0,0,0,0,0
Mod2_Nig_2008_1.csv,Türkiye,180,180,720,0,0,0,0,0
Mod2_Nig_2008_10.csv,China,1441,1441,5764,4,1,1,1,1
Mod2_Nig_2008_10.csv,Türkiye,180,180,720,0,0,0,0,0
Mod2_Nig_2008_11.csv,China,1441,1441,5764,0,0,0,0,0
Mod2_Nig_2008_11.csv,Türkiye,180,180,720,0,0,0,0,0
Mod2_Nig_2008_12.csv,China,1441,1441,5764,0,0,0,0,0
Mod2_Nig_2008_12.csv,Türkiye,180,180,720,0,0,0,0,0
Mod2_Nig_2008_2.csv,China,1441,1441,5764,0,0,0,0,0
Mod2_Nig_2008_2.csv,Türkiye,180,180,720,0,0,0,0,0
Mod2_Nig_2008_21.csv,China,1441,1441,5764,0,0,0,0,0
Mod2_Nig_2008_21.csv,Türkiye,180,180,720,0,0,0,0,0
Mod2_Nig_2008_22.csv,China,1441,1441,5764,0,0,0,0,0
Mod2_Nig_2008_22.csv,Türkiye,180,180,720,0,0,0,0,0
Mod2_Nig_2008_23.csv,China,1441,1441,5764,0,0,0,0,0
Mod2_Nig_2008_23.csv,Türkiye,180,180,720,0,0,0,0,0
Mod2_Nig_2008_24.csv,China,1441,1441,5764,0,0,0,0,0
Mod2_Nig_2008_24.csv,Türkiye,180,180,720,0,0,0,0,0
Mod2_Nig_2008_3.csv,China,1441,1441,5764,0,0,0,0,0
Mod2_Nig_2008_3.csv,Türkiye,180,180,720,0,0,0,0,0
Mod2_Nig_2008_30.csv,China,1441,1441,5764,0,0,0,0,0
Mod2_Nig_2008_30.csv,Türkiye,180,180,720,0,0,0,0,0
Mod2_Nig_2008_4.csv,China,1441,1441,5764,4,1,1,1,1
Mod2_Nig_2008_4.csv,Türkiye,180,180,720,0,0,0,0,0
Mod2_Nig_2008_5.csv,China,1441,1441,5764,0,0,0,0,0
Mod2_Nig_2008_5.csv,Türkiye,180,180,720,0,0,0,0,0
Mod2_Nig_2008_6.csv,China,1441,1441,5764,16,4,4,4,4
Mod2_Nig_2008_6.csv,Türkiye,180,180,720,0,0,0,0,0
Mod2_Nig_2008_7.csv,China,1441,1441,5764,4,1,1,1,1
Mod2_Nig_2008_7.csv,Türkiye,180,180,720,0,0,0,0,0
Mod2_Nig_2008_8.csv,China,1441,1441,5764,16,4,4,4,4
Mod2_Nig_2008_8.csv,Türkiye,180,180,720,0,0,0,0,0
Mod2_Nig_2008_9.csv,China,1441,1441,5764,8,2,2,2,2
Mod2_Nig_2008_9.csv,Türkiye,180,180,720,0,0,0,0,0
Mod2_Nig_2009_1.csv,China,1441,1441,5764,0,0,0,0,0
Mod2_Nig_2009_1.csv,Türkiye,180,180,720,0,0,0,0,0
Mod2_Nig_2009_10.csv,China,1441,1441,5764,43,10,11,11,11
Mod2_Nig_2009_10.csv,Türkiye,180,180,720,0,0,0,0,0
Mod2_Nig_2009_11.csv,China,1441,1441,5764,0,0,0,0,0
Mod2_Nig_2009_11.csv,Türkiye,180,180,720,0,0,0,0,0
Mod2_Nig_2009_12.csv,China,1441,1441,5764,0,0,0,0,0
Mod2_Nig_2009_12.csv,Türkiye,180,180,720,0,0,0,0,0
Mod2_Nig_2009_2.csv,China,1441,1441,5764,0,0,0,0,0
Mod2_Nig_2009_2.csv,Türkiye,180,180,720,0,0,0,0,0
Mod2_Nig_2009_21.csv,China,1441,1441,5764,0,0,0,0,0
Mod2_Nig_2009_21.csv,Türkiye,180,180,720,0,0,0,0,0
Mod2_Nig_2009_22.csv,China,1441,1441,5764,0,0,0,0,0
Mod2_Nig_2009_22.csv,Türkiye,180,180,720,0,0,0,0,0
Mod2_Nig_2009_23.csv,China,1441,1441,5764,0,0,0,0,0
Mod2_Nig_2009_23.csv,Türkiye,180,180,720,0,0,0,0,0
Mod2_Nig_2009_24.csv,China,1441,1441,5764,0,0,0,0,0
Mod2_Nig_2009_24.csv,Türkiye,180,180,720,0,0,0,0,0
Mod2_Nig_2009_3.csv,China,1441,1441,5764,0,0,0,0,0
Mod2_Nig_2009_3.csv,Türkiye,180,180,720,0,0,0,0,0
Mod2_Nig_2009_30.csv,China,1441,1441,5764,0,0,0,0,0
Mod2_Nig_2009_30.csv,Türkiye,180,180,720,0,0,0,0,0
Mod2_Nig_2009_4.csv,China,1441,1441,5764,4,1,1,1,1
Mod2_Nig_2009_4.csv,Türkiye,180,180,720,0,0,0,0,0
Mod2_Nig_2009_5.csv,China,1441,1441,5764,4,1,1,1,1
Mod2_Nig_2009_5.csv,Türkiye,180,180,720,0,0,0,0,0
Mod2_Nig_2009_6.csv,China,1441,1441,5764,0,0,0,0,0
Mod2_Nig_2009_6.csv,Türkiye,180,180,720,0,0,0,0,0
Mod2_Nig_2009_7.csv,China,1441,1441,5764,4,1,1,1,1
Mod2_Nig_2009_7.csv,Türkiye,180,180,720,0,0,0,0,0
Mod2_Nig_2009_8.csv,China,1441,1441,5764,0,0,0,0,0
Mod2_Nig_2009_8.csv,Türkiye,180,180,720,0,0,0,0,0
Mod2_Nig_2009_9.csv,China,1441,1441,5764,0,0,0,0,0
Mod2_Nig_2009_9.csv,Türkiye,180,180,720,0,0,0,0,0
Mod2_Nig_2010_1.csv,China,1441,1441,5764,0,0,0,0,0
Mod2_Nig_2010_1.csv,Türkiye,180,180,720,0,0,0,0,0
Mod2_Nig_2010_10.csv,China,1441,1441,5764,0,0,0,0,0
Mod2_Nig_2010_10.csv,Türkiye,180,180,720,0,0,0,0,0
Mod2_Nig_2010_11.csv,China,1441,1441,5764,0,0,0,0,0
Mod2_Nig_2010_11.csv,Türkiye,180,180,720,0,0,0,0,0
Mod2_Nig_2010_12.csv,China,1441,1441,5764,0,0,0,0,0
Mod2_Nig_2010_12.csv,Türkiye,180,180,720,0,0,0,0,0
Mod2_Nig_2010_2.csv,China,1441,1441,5764,0,0,0,0,0
Mod2_Nig_2010_2.csv,Türkiye,180,180,720,0,0,0,0,0
Mod2_Nig_2010_21.csv,China,1441,1441,5764,0,0,0,0,0
Mod2_Nig_2010_21.csv,Türkiye,180,180,720,0,0,0,0,0
Mod2_Nig_2010_22.csv,China,1441,1441,5764,0,0,0,0,0
Mod2_Nig_2010_22.csv,Türkiye,180,180,720,0,0,0,0,0
Mod2_Nig_2010_23.csv,China,1441,1441,5764,0,0,0,0,0
Mod2_Nig_2010_23.csv,Türkiye,180,180,720,0,0,0,0,0
Mod2_Nig_2010_24.csv,China,1441,1441,5764,0,0,0,0,0
Mod2_Nig_2010_24.csv,Türkiye,180,180,720,0,0,0,0,0
Mod2_Nig_2010_3.csv,China,1441,1441,5764,0,0,0,0,0
Mod2_Nig_2010_3.csv,Türkiye,180,180,720,0,0,0,0,0
Mod2_Nig_2010_30.csv,China,1441,1441,5764,0,0,0,0,0
Mod2_Nig_2010_30.csv,Türkiye,180,180,720,0,0,0,0,0
Mod2_Nig_2010_4.csv,China,1441,1441,5764,0,0,0,0,0
Mod2_Nig_2010_4.csv,Türkiye,180,180,720,0,0,0,0,0
Mod2_Nig_2010_5.csv,China,1441,1441,5764,1,0,0,1,0
Mod2_Nig_2010_5.csv,Türkiye,180,180,720,0,0,0,0,0
Mod2_Nig_2010_6.csv,China,1441,1441,5764,12,3,3,3,3
Mod2_Nig_2010_6.csv,Türkiye,180,180,720,0,0,0,0,0
Mod2_Nig_2010_7.csv,China,1441,1441,5764,0,0,0,0,0
Mod2_Nig_2010_7.csv,Türkiye,180,180,720,0,0,0,0,0
Mod2_Nig_2010_8.csv,China,1441,1441,5764,0,0,0,0,0
Mod2_Nig_2010_8.csv,Türkiye,180,180,720,0,0,0,0,0
Mod2_Nig_2010_9.csv,China,1441,1441,5764,0,0,0,0,0
Mod2_Nig_2010_9.csv,Türkiye,180,180,720,0,0,0,0,0
Mod2_Nig_2011_1.csv,China,1441,1441,5764,8,2,2,2,2
Mod2_Nig_2011_1.csv,Türkiye,180,180,720,0,0,0,0,0
Mod2_Nig_2011_10.csv,China,1441,1441,5764,4,1,1,1,1
Mod2_Nig_2011_10.csv,Türkiye,180,180,720,0,0,0,0,0
Mod2_Nig_2011_11.csv,China,1441,1441,5764,2888,722,722,722,722
Mod2_Nig_2011_11.csv,Türkiye,180,180,720,0,0,0,0,0
Mod2_Nig_2011_12.csv,China,1441,1441,5764,4,1,1,1,1
Mod2_Nig_2011_12.csv,Türkiye,180,180,720,0,0,0,0,0
Mod2_Nig_2011_2.csv,China,1441,1441,5764,0,0,0,0,0
Mod2_Nig_2011_2.csv,Türkiye,180,180,720,0,0,0,0,0
Mod2_Nig_2011_21.csv,China,1441,1441,5764,0,0,0,0,0
Mod2_Nig_2011_21.csv,Türkiye,180,180,720,0,0,0,0,0
Mod2_Nig_2011_22.csv,China,1441,1441,5764,0,0,0,0,0
Mod2_Nig_2011_22.csv,Türkiye,180,180,720,0,0,0,0,0
Mod2_Nig_2011_23.csv,China,1441,1441,5764,4,1,1,1,1
Mod2_Nig_2011_23.csv,Türkiye,180,180,720,0,0,0,0,0
Mod2_Nig_2011_24.csv,China,1441,1441,5764,0,0,0,0,0
Mod2_Nig_2011_24.csv,Türkiye,180,180,720,0,0,0,0,0
Mod2_Nig_2011_3.csv,China,1441,1441,5764,11,2,3,3,3
Mod2_Nig_2011_3.csv,Türkiye,180,180,720,0,0,0,0,0
Mod2_Nig_2011_30.csv,China,1441,1441,5764,0,0,0,0,0
Mod2_Nig_2011_30.csv,Türkiye,180,180,720,0,0,0,0,0
Mod2_Nig_2011_4.csv,China,1441,1441,5764,0,0,0,0,0
Mod2_Nig_2011_4.csv,Türkiye,180,180,720,0,0,0,0,0
Mod2_Nig_2011_5.csv,China,1441,1441,5764,0,0,0,0,0
Mod2_Nig_2011_5.csv,Türkiye,180,180,720,0,0,0,0,0
Mod2_Nig_2011_6.csv,China,1441,1441,5764,0,0,0,0,0
Mod2_Nig_2011_6.csv,Türkiye,180,180,720,0,0,0,0,0
Mod2_Nig_2011_7.csv,China,1441,1441,5764,0,0,0,0,0
Mod2_Nig_2011_7.csv,Türkiye,180,180,720,0,0,0,0,0
Mod2_Nig_2011_8.csv,China,1441,1441,5764,0,0,0,0,0
Mod2_Nig_2011_8.csv,Türkiye,180,180,720,0,0,0,0,0
Mod2_Nig_2011_9.csv,China,1441,1441,5764,54,13,14,13,14
Mod2_Nig_2011_9.csv,Türkiye,180,180,720,0,0,0,0,0
Mod2_Nig_2012_1.csv,China,1441,1441,5764,29,7,7,8,7
Mod2_Nig_2012_1.csv,Türkiye,180,180,720,0,0,0,0,0
Mod2_Nig_2012_10.csv,China,1441,1441,5764,0,0,0,0,0
Mod2_Nig_2012_10.csv,Türkiye,180,180,720,0,0,0,0,0
Mod2_Nig_2012_11.csv,China,1441,1441,5764,4,1,1,1,1
Mod2_Nig_2012_11.csv,Türkiye,180,180,720,0,0,0,0,0
Mod2_Nig_2012_12.csv,China,1441,1441,5764,0,0,0,0,0
Mod2_Nig_2012_12.csv,Türkiye,180,180,720,0,0,0,0,0
Mod2_Nig_2012_2.csv,China,1441,1441,5764,28,7,7,7,7
Mod2_Nig_2012_2.csv,Türkiye,180,180,720,0,0,0,0,0
Mod2_Nig_2012_21.csv,China,1441,1441,5764,0,0,0,0,0
Mod2_Nig_2012_21.csv,Türkiye,180,180,720,0,0,0,0,0
Mod2_Nig_2012_22.csv,China,1441,1441,5764,0,0,0,0,0
Mod2_Nig_2012_22.csv,Türkiye,180,180,720,0,0,0,0,0
Mod2_Nig_2012_23.csv,China,1441,1441,5764,0,0,0,0,0
Mod2_Nig_2012_23.csv,Türkiye,180,180,720,0,0,0,0,0
Mod2_Nig_2012_24.csv,China,1441,1441,5764,0,0,0,0,0
Mod2_Nig_2012_24.csv,Türkiye,180,180,720,0,0,0,0,0
Mod2_Nig_2012_3.csv,China,1441,1441,5764,4,1,1,1,1
Mod2_Nig_2012_3.csv,Türkiye,180,180,720,0,0,0,0,0
Mod2_Nig_2012_30.csv,China,1441,1441,5764,0,0,0,0,0
Mod2_Nig_2012_30.csv,Türkiye,180,180,720,0,0,0,0,0
Mod2_Nig_2012_4.csv,China,1441,1441,5764,0,0,0,0,0
Mod2_Nig_2012_4.csv,Türkiye,180,180,720,0,0,0,0,0
Mod2_Nig_2012_5.csv,China,1441,1441,5764,0,0,0,0,0
Mod2_Nig_2012_5.csv,Türkiye,180,180,720,0,0,0,0,0
Mod2_Nig_2012_6.csv,China,1441,1441,5764,5,1,2,1,1
Mod2_Nig_2012_6.csv,Türkiye,180,180,720,0,0,0,0,0
Mod2_Nig_2012_7.csv,China,1441,1441,5764,8,2,2,2,2
Mod2_Nig_2012_7.csv,Türkiye,180,180,720,0,0,0,0,0
Mod2_Nig_2012_8.csv,China,1441,1441,5764,0,0,0,0,0
Mod2_Nig_2012_8.csv,Türkiye,180,180,720,0,0,0,0,0
Mod2_Nig_2012_9.csv,China,1441,1441,5764,16,4,4,4,4
Mod2_Nig_2012_9.csv,Türkiye,180,180,720,0,0,0,0,0
Mod2_Nig_2013_1.csv,China,1441,1441,5764,0,0,0,0,0
Mod2_Nig_2013_1.csv,Türkiye,180,180,720,0,0,0,0,0
Mod2_Nig_2013_10.csv,China,1441,1441,5764,0,0,0,0,0
Mod2_Nig_2013_10.csv,Türkiye,180,180,720,0,0,0,0,0
Mod2_Nig_2013_11.csv,China,1441,1441,5764,0,0,0,0,0
Mod2_Nig_2013_11.csv,Türkiye,180,180,720,0,0,0,0,0
Mod2_Nig_2013_12.csv,China,1441,1441,5764,0,0,0,0,0
Mod2_Nig_2013_12.csv,Türkiye,180,180,720,0,0,0,0,0
Mod2_Nig_2013_2.csv,China,1441,1441,5764,0,0,0,0,0
Mod2_Nig_2013_2.csv,Türkiye,180,180,720,0,0,0,0,0
Mod2_Nig_2013_21.csv,China,1441,1441,5764,0,0,0,0,0
Mod2_Nig_2013_21.csv,Türkiye,180,180,720,0,0,0,0,0
Mod2_Nig_2013_22.csv,China,1441,1441,5764,0,0,0,0,0
Mod2_Nig_2013_22.csv,Türkiye,180,180,720,0,0,0,0,0
Mod2_Nig_2013_23.csv,China,1441,1441,5764,0,0,0,0,0
Mod2_Nig_2013_23.csv,Türkiye,180,180,720,0,0,0,0,0
Mod2_Nig_2013_24.csv,China,1441,1441,5764,0,0,0,0,0
Mod2_Nig_2013_24.csv,Türkiye,180,180,720,0,0,0,0,0
Mod2_Nig_2013_3.csv,China,1441,1441,5764,0,0,0,0,0
Mod2_Nig_2013_3.csv,Türkiye,180,180,720,0,0,0,0,0
Mod2_Nig_2013_30.csv,China,1441,1441,5764,0,0,0,0,0
Mod2_Nig_2013_30.csv,Türkiye,180,180,720,0,0,0,0,0
Mod2_Nig_2013_4.csv,China,1441,1441,5764,0,0,0,0,0
Mod2_Nig_2013_4.csv,Türkiye,180,180,720,0,0,0,0,0
Mod2_Nig_2013_5.csv,China,1441,1441,5764,12,3,3,3,3
Mod2_Nig_2013_5.csv,Türkiye,180,180,720,0,0,0,0,0
Mod2_Nig_2013_6.csv,China,1441,1441,5764,0,0,0,0,0
Mod2_Nig_2013_6.csv,Türkiye,180,180,720,0,0,0,0,0
Mod2_Nig_2013_7.csv,China,1441,1441,5764,6,1,2,1,2
Mod2_Nig_2013_7.csv,Türkiye,180,180,720,0,0,0,0,0
Mod2_Nig_2013_8.csv,China,1441,1441,5764,0,0,0,0,0
Mod2_Nig_2013_8.csv,Türkiye,180,180,720,0,0,0,0,0
Mod2_Nig_2013_9.csv,China,1441,1441,5764,16,4,4,4,4
Mod2_Nig_2013_9.csv,Türkiye,180,180,720,0,0,0,0,0
Mod2_Nig_2014_1.csv,China,1441,1441,5764,0,0,0,0,0
Mod2_Nig_2014_1.csv,Türkiye,180,180,720,0,0,0,0,0
Mod2_Nig_2014_10.csv,China,1441,1441,5764,18,3,5,5,5
Mod2_Nig_2014_10.csv,Türkiye,180,180,720,0,0,0,0,0
Mod2_Nig_2014_11.csv,China,1441,1441,5764,8,2,2,2,2
Mod2_Nig_2014_11.csv,Türkiye,180,180,720,0,0,0,0,0
Mod2_Nig_2014_12.csv,China,1441,1441,5764,0,0,0,0,0
Mod2_Nig_2014_12.csv,Türkiye,180,180,720,0,0,0,0,0
Mod2_Nig_2014_2.csv,China,1441,1441,5764,22,5,5,6,6
Mod2_Nig_2014_2.csv,Türkiye,180,180,720,0,0,0,0,0
Mod2_Nig_2014_21.csv,China,1441,1441,5764,0,0,0,0,0
Mod2_Nig_2014_21.csv,Türkiye,180,180,720,0,0,0,0,0
Mod2_Nig_2014_22.csv,China,1441,1441,5764,0,0,0,0,0
Mod2_Nig_2014_22.csv,Türkiye,180,180,720,0,0,0,0,0
Mod2_Nig_2014_23.csv,China,1441,1441,5764,4,1,1,1,1
Mod2_Nig_2014_23.csv,Türkiye,180,180,720,0,0,0,0,0
Mod2_Nig_2014_24.csv,China,1441,1441,5764,0,0,0,0,0
Mod2_Nig_2014_24.csv,Türkiye,180,180,720,0,0,0,0,0
Mod2_Nig_2014_3.csv,China,1441,1441,5764,0,0,0,0,0
Mod2_Nig_2014_3.csv,Türkiye,180,180,720,0,0,0,0,0
Mod2_Nig_2014_30.csv,China,1441,1441,5764,0,0,0,0,0
Mod2_Nig_2014_30.csv,Türkiye,180,180,720,0,0,0,0,0
Mod2_Nig_2014_4.csv,China,1441,1441,5764,17,4,4,4,5
Mod2_Nig_2014_4.csv,Türkiye,180,180,720,0,0,0,0,0
Mod2_Nig_2014_5.csv,China,1441,1441,5764,34,8,8,9,9
Mod2_Nig_2014_5.csv,Türkiye,180,180,720,0,0,0,0,0
Mod2_Nig_2014_6.csv,China,1441,1441,5764,73,18,18,18,19
Mod2_Nig_2014_6.csv,Türkiye,180,180,720,0,0,0,0,0
Mod2_Nig_2014_7.csv,China,1441,1441,5764,0,0,0,0,0
Mod2_Nig_2014_7.csv,Türkiye,180,180,720,0,0,0,0,0
Mod2_Nig_2014_8.csv,China,1441,1441,5764,48,12,12,12,12
Mod2_Nig_2014_8.csv,Türkiye,180,180,720,0,0,0,0,0
Mod2_Nig_2014_9.csv,China,1441,1441,5764,13,3,3,4,3
Mod2_Nig_2014_9.csv,Türkiye,180,180,720,0,0,0,0,0
Mod2_Nig_2015_1.csv,China,1441,1441,5764,0,0,0,0,0
Mod2_Nig_2015_1.csv,Türkiye,180,180,720,0,0,0,0,0
Mod2_Nig_2015_10.csv,China,1441,1441,5764,0,0,0,0,0
Mod2_Nig_2015_10.csv,Türkiye,180,180,720,0,0,0,0,0
Mod2_Nig_2015_11.csv,China,1441,1441,5764,4,0,1,1,2
Mod2_Nig_2015_11.csv,Türkiye,180,180,720,0,0,0,0,0
Mod2_Nig_2015_12.csv,China,1441,1441,5764,0,0,0,0,0
Mod2_Nig_2015_12.csv,Türkiye,180,180,720,0,0,0,0,0
Mod2_Nig_2015_2.csv,China,1441,1441,5764,0,0,0,0,0
Mod2_Nig_2015_2.csv,Türkiye,180,180,720,0,0,0,0,0
Mod2_Nig_2015_21.csv,China,1441,1441,5764,0,0,0,0,0
Mod2_Nig_2015_21.csv,Türkiye,180,180,720,0,0,0,0,0
Mod2_Nig_2015_22.csv,China,1441,1441,5764,0,0,0,0,0
Mod2_Nig_2015_22.csv,Türkiye,180,180,720,0,0,0,0,0
Mod2_Nig_2015_23.csv,China,1441,1441,5764,0,0,0,0,0
Mod2_Nig_2015_23.csv,Türkiye,180,180,720,0,0,0,0,0
Mod2_Nig_2015_24.csv,China,1441,1441,5764,0,0,0,0,0
Mod2_Nig_2015_24.csv,Türkiye,180,180,720,0,0,0,0,0
Mod2_Nig_2015_3.csv,China,1441,1441,5764,0,0,0,0,0
Mod2_Nig_2015_3.csv,Türkiye,180,180,720,0,0,0,0,0
Mod2_Nig_2015_30.csv,China,1441,1441,5764,0,0,0,0,0
Mod2_Nig_2015_30.csv,Türkiye,180,180,720,0,0,0,0,0
Mod2_Nig_2015_4.csv,China,1441,1441,5764,0,0,0,0,0
Mod2_Nig_2015_4.csv,Türkiye,180,180,720,0,0,0,0,0
Mod2_Nig_2015_5.csv,China,1441,1441,5764,4,1,1,1,1
Mod2_Nig_2015_5.csv,Türkiye,180,180,720,0,0,0,0,0
Mod2_Nig_2015_6.csv,China,1441,1441,5764,117,29,29,30,29
Mod2_Nig_2015_6.csv,Türkiye,180,180,720,0,0,0,0,0
Mod2_Nig_2015_7.csv,China,1441,1441,5764,4,1,1,1,1
Mod2_Nig_2015_7.csv,Türkiye,180,180,720,0,0,0,0,0
Mod2_Nig_2015_8.csv,China,1441,1441,5764,0,0,0,0,0
Mod2_Nig_2015_8.csv,Türkiye,180,180,720,0,0,0,0,0
Mod2_Nig_2015_9.csv,China,1441,1441,5764,70,17,18,17,18
Mod2_Nig_2015_9.csv,Türkiye,180,180,720,0,0,0,0,0
Mod2_Nig_2016_1.csv,China,1441,1441,5764,4,1,1,1,1
Mod2_Nig_2016_1.csv,Türkiye,180,180,720,4,1,1,1,1
Mod2_Nig_2016_10.csv,China,1441,1441,5764,10,2,2,3,3
Mod2_Nig_2016_10.csv,Türkiye,180,180,720,0,0,0,0,0
Mod2_Nig_2016_11.csv,China,1441,1441,5764,0,0,0,0,0
Mod2_Nig_2016_11.csv,Türkiye,180,180,720,0,0,0,0,0
Mod2_Nig_2016_12.csv,China,1441,1441,5764,0,0,0,0,0
Mod2_Nig_2016_12.csv,Türkiye,180,180,720,0,0,0,0,0
Mod2_Nig_2016_2.csv,China,1441,1441,5764,0,0,0,0,0
Mod2_Nig_2016_2.csv,Türkiye,180,180,720,0,0,0,0,0
Mod2_Nig_2016_21.csv,China,1441,1441,5764,0,0,0,0,0
Mod2_Nig_2016_21.csv,Türkiye,180,180,720,0,0,0,0,0
Mod2_Nig_2016_22.csv,China,1441,1441,5764,0,0,0,0,0
Mod2_Nig_2016_22.csv,Türkiye,180,180,720,0,0,0,0,0
Mod2_Nig_2016_23.csv,China,1441,1441,5764,0,0,0,0,0
Mod2_Nig_2016_23.csv,Türkiye,180,180,720,0,0,0,0,0
Mod2_Nig_2016_24.csv,China,1441,1441,5764,0,0,0,0,0
Mod2_Nig_2016_24.csv,Türkiye,180,180,720,0,0,0,0,0
Mod2_Nig_2016_3.csv,China,1441,1441,5764,0,0,0,0,0
Mod2_Nig_2016_3.csv,Türkiye,180,180,720,0,0,0,0,0
Mod2_Nig_2016_30.csv,China,1441,1441,5764,0,0,0,0,0
Mod2_Nig_2016_30.csv,Türkiye,180,180,720,0,0,0,0,0
Mod2_Nig_2016_4.csv,China,1441,1441,5764,0,0,0,0,0
Mod2_Nig_2016_4.csv,Türkiye,180,180,720,0,0,0,0,0
Mod2_Nig_2016_5.csv,China,1441,1441,5764,5,1,1,1,2
Mod2_Nig_2016_5.csv,Türkiye,180,180,720,0,0,0,0,0
Mod2_Nig_2016_6.csv,China,1441,1441,5764,0,0,0,0,0
Mod2_Nig_2016_6.csv,Türkiye,180,180,720,0,0,0,0,0
Mod2_Nig_2016_7.csv,China,1441,1441,5764,0,0,0,0,0
Mod2_Nig_2016_7.csv,Türkiye,180,180,720,0,0,0,0,0
Mod2_Nig_2016_8.csv,China,1441,1441,5764,0,0,0,0,0
Mod2_Nig_2016_8.csv,Türkiye,180,180,720,0,0,0,0,0
Mod2_Nig_2016_9.csv,China,1441,1441,5764,0,0,0,0,0
Mod2_Nig_2016_9.csv,Türkiye,180,180,720,0,0,0,0,0
Mod2_Nig_2017_1.csv,China,1441,1441,5764,0,0,0,0,0
Mod2_Nig_2017_1.csv,Türkiye,180,180,720,0,0,0,0,0
Mod2_Nig_2017_10.csv,China,1441,1441,5764,39,9,10,9,11
Mod2_Nig_2017_10.csv,Türkiye,180,180,720,0,0,0,0,0
Mod2_Nig_2017_11.csv,China,1441,1441,5764,0,0,0,0,0
Mod2_Nig_2017_11.csv,Türkiye,180,180,720,0,0,0,0,0
Mod2_Nig_2017_12.csv,China,1441,1441,5764,0,0,0,0,0
Mod2_Nig_2017_12.csv,Türkiye,180,180,720,0,0,0,0,0
Mod2_Nig_2017_2.csv,China,1441,1441,5764,0,0,0,0,0
Mod2_Nig_2017_2.csv,Türkiye,180,180,720,0,0,0,0,0
Mod2_Nig_2017_21.csv,China,1441,1441,5764,0,0,0,0,0
Mod2_Nig_2017_21.csv,Türkiye,180,180,720,0,0,0,0,0
Mod2_Nig_2017_22.csv,China,1441,1441,5764,0,0,0,0,0
Mod2_Nig_2017_22.csv,Türkiye,180,180,720,0,0,0,0,0
Mod2_Nig_2017_23.csv,China,1441,1441,5764,0,0,0,0,0
Mod2_Nig_2017_23.csv,Türkiye,180,180,720,0,0,0,0,0
Mod2_Nig_2017_24.csv,China,1441,1441,5764,0,0,0,0,0
Mod2_Nig_2017_24.csv,Türkiye,180,180,720,0,0,0,0,0
Mod2_Nig_2017_3.csv,China,1441,1441,5764,33,8,8,8,9
Mod2_Nig_2017_3.csv,Türkiye,180,180,720,0,0,0,0,0
Mod2_Nig_2017_30.csv,China,1441,1441,5764,0,0,0,0,0
Mod2_Nig_2017_30.csv,Türkiye,180,180,720,0,0,0,0,0
Mod2_Nig_2017_4.csv,China,1441,1441,5764,1,0,0,0,1
Mod2_Nig_2017_4.csv,Türkiye,180,180,720,0,0,0,0,0
Mod2_Nig_2017_5.csv,China,1441,1441,5764,0,0,0,0,0
Mod2_Nig_2017_5.csv,Türkiye,180,180,720,0,0,0,0,0
Mod2_Nig_2017_6.csv,China,1441,1441,5764,184,46,46,46,46
Mod2_Nig_2017_6.csv,Türkiye,180,180,720,0,0,0,0,0
Mod2_Nig_2017_7.csv,China,1441,1441,5764,56,14,14,14,14
Mod2_Nig_2017_7.csv,Türkiye,180,180,720,0,0,0,0,0
Mod2_Nig_2017_8.csv,China,1441,1441,5764,3,0,1,1,1
Mod2_Nig_2017_8.csv,Türkiye,180,180,720,0,0,0,0,0
Mod2_Nig_2017_9.csv,China,1441,1441,5764,14,3,4,3,4
Mod2_Nig_2017_9.csv,Türkiye,180,180,720,0,0,0,0,0
Mod2_Nig_2018_1.csv,China,1441,1441,5764,0,0,0,0,0
Mod2_Nig_2018_1.csv,Türkiye,180,180,720,0,0,0,0,0
Mod2_Nig_2018_10.csv,China,1441,1441,5764,0,0,0,0,0
Mod2_Nig_2018_10.csv,Türkiye,180,180,720,0,0,0,0,0
Mod2_Nig_2018_11.csv,China,1441,1441,5764,0,0,0,0,0
Mod2_Nig_2018_11.csv,Türkiye,180,180,720,0,0,0,0,0
Mod2_Nig_2018_12.csv,China,1441,1441,5764,2,1,0,0,1
Mod2_Nig_2018_12.csv,Türkiye,180,180,720,0,0,0,0,0
Mod2_Nig_2018_2.csv,China,1441,1441,5764,0,0,0,0,0
Mod2_Nig_2018_2.csv,Türkiye,180,180,720,0,0,0,0,0
Mod2_Nig_2018_21.csv,China,1441,1441,5764,0,0,0,0,0
Mod2_Nig_2018_21.csv,Türkiye,180,180,720,0,0,0,0,0
Mod2_Nig_2018_22.csv,China,1441,1441,5764,0,0,0,0,0
Mod2_Nig_2018_22.csv,Türkiye,180,180,720,0,0,0,0,0
Mod2_Nig_2018_23.csv,China,1441,1441,5764,0,0,0,0,0
Mod2_Nig_2018_23.csv,Türkiye,180,180,720,0,0,0,0,0
Mod2_Nig_2018_24.csv,China,1441,1441,5764,0,0,0,0,0
Mod2_Nig_2018_24.csv,Türkiye,180,180,720,0,0,0,0,0
Mod2_Nig_2018_3.csv,China,1441,1441,5764,0,0,0,0,0
Mod2_Nig_2018_3.csv,Türkiye,180,180,720,0,0,0,0,0
Mod2_Nig_2018_30.csv,China,1441,1441,5764,0,0,0,0,0
Mod2_Nig_2018_30.csv,Türkiye,180,180,720,0,0,0,0,0
Mod2_Nig_2018_4.csv,China,1441,1441,5764,4,1,1,1,1
Mod2_Nig_2018_4.csv,Türkiye,180,180,720,0,0,0,0,0
Mod2_Nig_2018_5.csv,China,1441,1441,5764,4,1,1,1,1
Mod2_Nig_2018_5.csv,Türkiye,180,180,720,0,0,0,0,0
Mod2_Nig_2018_6.csv,China,1441,1441,5764,0,0,0,0,0
Mod2_Nig_2018_6.csv,Türkiye,180,180,720,0,0,0,0,0
Mod2_Nig_2018_7.csv,China,1441,1441,5764,0,0,0,0,0
Mod2_Nig_2018_7.csv,Türkiye,180,180,720,0,0,0,0,0
Mod2_Nig_2018_8.csv,China,1441,1441,5764,0,0,0,0,0
Mod2_Nig_2018_8.csv,Türkiye,180,180,720,0,0,0,0,0
Mod2_Nig_2018_9.csv,China,1441,1441,5764,88,21,23,22,22
Mod2_Nig_2018_9.csv,Türkiye,180,180,720,0,0,0,0,0
Mod2_Nig_2019_1.csv,China,1441,1441,5764,1,0,1,0,0
Mod2_Nig_2019_1.csv,Türkiye,180,180,720,0,0,0,0,0
Mod2_Nig_2019_10.csv,China,1441,1441,5764,0,0,0,0,0
Mod2_Nig_2019_10.csv,Türkiye,180,180,720,0,0,0,0,0
Mod2_Nig_2019_11.csv,China,1441,1441,5764,0,0,0,0,0
Mod2_Nig_2019_11.csv,Türkiye,180,180,720,0,0,0,0,0
Mod2_Nig_2019_12.csv,China,1441,1441,5764,0,0,0,0,0
Mod2_Nig_2019_12.csv,Türkiye,180,180,720,0,0,0,0,0
Mod2_Nig_2019_2.csv,China,1441,1441,5764,0,0,0,0,0
Mod2_Nig_2019_2.csv,Türkiye,180,180,720,0,0,0,0,0
Mod2_Nig_2019_21.csv,China,1441,1441,5764,0,0,0,0,0
Mod2_Nig_2019_21.csv,Türkiye,180,180,720,0,0,0,0,0
Mod2_Nig_2019_22.csv,China,1441,1441,5764,0,0,0,0,0
Mod2_Nig_2019_22.csv,Türkiye,180,180,720,0,0,0,0,0
Mod2_Nig_2019_23.csv,China,1441,1441,5764,0,0,0,0,0
Mod2_Nig_2019_23.csv,Türkiye,180,180,720,0,0,0,0,0
Mod2_Nig_2019_24.csv,China,1441,1441,5764,0,0,0,0,0
Mod2_Nig_2019_24.csv,Türkiye,180,180,720,0,0,0,0,0
Mod2_Nig_2019_3.csv,China,1441,1441,5764,0,0,0,0,0
Mod2_Nig_2019_3.csv,Türkiye,180,180,720,0,0,0,0,0
Mod2_Nig_2019_30.csv,China,1441,1441,5764,0,0,0,0,0
Mod2_Nig_2019_30.csv,Türkiye,180,180,720,0,0,0,0,0
Mod2_Nig_2019_4.csv,China,1441,1441,5764,0,0,0,0,0
Mod2_Nig_2019_4.csv,Türkiye,180,180,720,0,0,0,0,0
Mod2_Nig_2019_5.csv,China,1441,1441,5764,9,2,2,2,3
Mod2_Nig_2019_5.csv,Türkiye,180,180,720,0,0,0,0,0
Mod2_Nig_2019_6.csv,China,1441,1441,5764,0,0,0,0,0
Mod2_Nig_2019_6.csv,Türkiye,180,180,720,0,0,0,0,0
Mod2_Nig_2019_7.csv,China,1441,1441,5764,0,0,0,0,0
Mod2_Nig_2019_7.csv,Türkiye,180,180,720,0,0,0,0,0
Mod2_Nig_2019_8.csv,China,1441,1441,5764,0,0,0,0,0
Mod2_Nig_2019_8.csv,Türkiye,180,180,720,0,0,0,0,0
Mod2_Nig_2019_9.csv,China,1441,1441,5764,0,0,0,0,0
Mod2_Nig_2019_9.csv,Türkiye,180,180,720,0,0,0,0,0
Mod2_Nig_2020_1.csv,China,1441,1441,5764,0,0,0,0,0
Mod2_Nig_2020_1.csv,Türkiye,180,180,720,0,0,0,0,0
Mod2_Nig_2020_10.csv,China,1441,1441,5764,4,1,1,1,1
Mod2_Nig_2020_10.csv,Türkiye,180,180,720,0,0,0,0,0
Mod2_Nig_2020_11.csv,China,1441,1441,5764,0,0,0,0,0
Mod2_Nig_2020_11.csv,Türkiye,180,180,720,0,0,0,0,0
Mod2_Nig_2020_12.csv,China,1441,1441,5764,4,1,1,1,1
Mod2_Nig_2020_12.csv,Türkiye,180,180,720,0,0,0,0,0
Mod2_Nig_2020_2.csv,China,1441,1441,5764,0,0,0,0,0
Mod2_Nig_2020_2.csv,Türkiye,180,180,720,0,0,0,0,0
Mod2_Nig_2020_21.csv,China,1441,1441,5764,0,0,0,0,0
Mod2_Nig_2020_21.csv,Türkiye,180,180,720,0,0,0,0,0
Mod2_Nig_2020_22.csv,China,1441,1441,5764,0,0,0,0,0
Mod2_Nig_2020_22.csv,Türkiye,180,180,720,0,0,0,0,0
Mod2_Nig_2020_23.csv,China,1441,1441,5764,0,0,0,0,0
Mod2_Nig_2020_23.csv,Türkiye,180,180,720,0,0,0,0,0
Mod2_Nig_2020_24.csv,China,1441,1441,5764,0,0,0,0,0
Mod2_Nig_2020_24.csv,Türkiye,180,180,720,0,0,0,0,0
Mod2_Nig_2020_3.csv,China,1441,1441,5764,0,0,0,0,0
Mod2_Nig_2020_3.csv,Türkiye,180,180,720,0,0,0,0,0
Mod2_Nig_2020_30.csv,China,1441,1441,5764,0,0,0,0,0
Mod2_Nig_2020_30.csv,Türkiye,180,180,720,0,0,0,0,0
Mod2_Nig_2020_4.csv,China,1441,1441,5764,0,0,0,0,0
Mod2_Nig_2020_4.csv,Türkiye,180,180,720,0,0,0,0,0
Mod2_Nig_2020_5.csv,China,1441,1441,5764,0,0,0,0,0
Mod2_Nig_2020_5.csv,Türkiye,180,180,720,0,0,0,0,0
Mod2_Nig_2020_6.csv,China,1441,1441,5764,26,6,7,6,7
Mod2_Nig_2020_6.csv,Türkiye,180,180,720,0,0,0,0,0
Mod2_Nig_2020_7.csv,China,1441,1441,5764,0,0,0,0,0
Mod2_Nig_2020_7.csv,Türkiye,180,180,720,0,0,0,0,0
Mod2_Nig_2020_8.csv,China,1441,1441,5764,0,0,0,0,0
Mod2_Nig_2020_8.csv,Türkiye,180,180,720,0,0,0,0,0
Mod2_Nig_2020_9.csv,China,1441,1441,5764,89,22,22,23,22
Mod2_Nig_2020_9.csv,Türkiye,180,180,720,0,0,0,0,0
Mod2_Nig_2021_1.csv,China,1441,1441,5764,0,0,0,0,0
Mod2_Nig_2021_1.csv,Türkiye,180,180,720,0,0,0,0,0
Mod2_Nig_2021_10.csv,China,1441,1441,5764,31,7,8,7,9
Mod2_Nig_2021_10.csv,Türkiye,180,180,720,0,0,0,0,0
Mod2_Nig_2021_11.csv,China,1441,1441,5764,0,0,0,0,0
Mod2_Nig_2021_11.csv,Türkiye,180,180,720,0,0,0,0,0
Mod2_Nig_2021_12.csv,China,1441,1441,5764,0,0,0,0,0
Mod2_Nig_2021_12.csv,Türkiye,180,180,720,0,0,0,0,0
Mod2_Nig_2021_2.csv,China,1441,1441,5764,0,0,0,0,0
Mod2_Nig_2021_2.csv,Türkiye,180,180,720,0,0,0,0,0
Mod2_Nig_2021_21.csv,China,1441,1441,5764,0,0,0,0,0
Mod2_Nig_2021_21.csv,Türkiye,180,180,720,0,0,0,0,0
Mod2_Nig_2021_22.csv,China,1441,1441,5764,0,0,0,0,0
Mod2_Nig_2021_22.csv,Türkiye,180,180,720,0,0,0,0,0
Mod2_Nig_2021_23.csv,China,1441,1441,5764,0,0,0,0,0
Mod2_Nig_2021_23.csv,Türkiye,180,180,720,0,0,0,0,0
Mod2_Nig_2021_24.csv,China,1441,1441,5764,0,0,0,0,0
Mod2_Nig_2021_24.csv,Türkiye,180,180,720,0,0,0,0,0
Mod2_Nig_2021_3.csv,China,1441,1441,5764,0,0,0,0,0
Mod2_Nig_2021_3.csv,Türkiye,180,180,720,0,0,0,0,0
Mod2_Nig_2021_30.csv,China,1441,1441,5764,0,0,0,0,0
Mod2_Nig_2021_30.csv,Türkiye,180,180,720,0,0,0,0,0
Mod2_Nig_2021_4.csv,China,1441,1441,5764,0,0,0,0,0
Mod2_Nig_2021_4.csv,Türkiye,180,180,720,0,0,0,0,0
Mod2_Nig_2021_5.csv,China,1441,1441,5764,0,0,0,0,0
Mod2_Nig_2021_5.csv,Türkiye,180,180,720,0,0,0,0,0
Mod2_Nig_2021_6.csv,China,1441,1441,5764,4,1,1,1,1
Mod2_Nig_2021_6.csv,Türkiye,180,180,720,0,0,0,0,0
Mod2_Nig_2021_7.csv,China,1441,1441,5764,0,0,0,0,0
Mod2_Nig_2021_7.csv,Türkiye,180,180,720,0,0,0,0,0
Mod2_Nig_2021_8.csv,China,1441,1441,5764,4,1,1,1,1
Mod2_Nig_2021_8.csv,Türkiye,180,180,720,0,0,0,0,0
Mod2_Nig_2021_9.csv,China,1441,1441,5764,0,0,0,0,0
Mod2_Nig_2021_9.csv,Türkiye,180,180,720,0,0,0,0,0
Myd1_Day_2003_1.csv,China,1441,1441,5764,3,0,1,1,1
Myd1_Day_2003_1.csv,Türkiye,180,180,720,0,0,0,0,0
Myd1_Day_2003_10.csv,China,1441,1441,5764,0,0,0,0,0
Myd1_Day_2003_10.csv,Türkiye,180,180,720,0,0,0,0,0
Myd1_Day_2003_11.csv,China,1441,1441,5764,4,1,1,1,1
Myd1_Day_2003_11.csv,Türkiye,180,180,720,0,0,0,0,0
Myd1_Day_2003_12.csv,China,1441,1441,5764,0,0,0,0,0
Myd1_Day_2003_12.csv,Türkiye,180,180,720,0,0,0,0,0
Myd1_Day_2003_2.csv,China,1441,1441,5764,0,0,0,0,0
Myd1_Day_2003_2.csv,Türkiye,180,180,720,0,0,0,0,0
Myd1_Day_2003_21.csv,China,1441,1441,5764,0,0,0,0,0
Myd1_Day_2003_21.csv,Türkiye,180,180,720,0,0,0,0,0
Myd1_Day_2003_22.csv,China,1441,1441,5764,0,0,0,0,0
Myd1_Day_2003_22.csv,Türkiye,180,180,720,0,0,0,0,0
Myd1_Day_2003_23.csv,China,1441,1441,5764,0,0,0,0,0
Myd1_Day_2003_23.csv,Türkiye,180,180,720,0,0,0,0,0
Myd1_Day_2003_24.csv,China,1441,1441,5764,0,0,0,0,0
Myd1_Day_2003_24.csv,Türkiye,180,180,720,0,0,0,0,0
Myd1_Day_2003_3.csv,China,1441,1441,5764,0,0,0,0,0
Myd1_Day_2003_3.csv,Türkiye,180,180,720,0,0,0,0,0
Myd1_Day_2003_30.csv,China,1441,1441,5764,0,0,0,0,0
Myd1_Day_2003_30.csv,Türkiye,180,180,720,0,0,0,0,0
Myd1_Day_2003_4.csv,China,1441,1441,5764,0,0,0,0,0
Myd1_Day_2003_4.csv,Türkiye,180,180,720,0,0,0,0,0
Myd1_Day_2003_5.csv,China,1441,1441,5764,0,0,0,0,0
Myd1_Day_2003_5.csv,Türkiye,180,180,720,0,0,0,0,0
Myd1_Day_2003_6.csv,China,1441,1441,5764,4,1,1,1,1
Myd1_Day_2003_6.csv,Türkiye,180,180,720,0,0,0,0,0
Myd1_Day_2003_7.csv,China,1441,1441,5764,0,0,0,0,0
Myd1_Day_2003_7.csv,Türkiye,180,180,720,0,0,0,0,0
Myd1_Day_2003_8.csv,China,1441,1441,5764,0,0,0,0,0
Myd1_Day_2003_8.csv,Türkiye,180,180,720,0,0,0,0,0
Myd1_Day_2003_9.csv,China,1441,1441,5764,0,0,0,0,0
Myd1_Day_2003_9.csv,Türkiye,180,180,720,0,0,0,0,0
Myd1_Day_2004_1.csv,China,1441,1441,5764,8,2,2,2,2
Myd1_Day_2004_1.csv,Türkiye,180,180,720,0,0,0,0,0
Myd1_Day_2004_10.csv,China,1441,1441,5764,0,0,0,0,0
Myd1_Day_2004_10.csv,Türkiye,180,180,720,0,0,0,0,0
Myd1_Day_2004_11.csv,China,1441,1441,5764,4,1,1,1,1
Myd1_Day_2004_11.csv,Türkiye,180,180,720,0,0,0,0,0
Myd1_Day_2004_12.csv,China,1441,1441,5764,12,3,3,3,3
Myd1_Day_2004_12.csv,Türkiye,180,180,720,0,0,0,0,0
Myd1_Day_2004_2.csv,China,1441,1441,5764,0,0,0,0,0
Myd1_Day_2004_2.csv,Türkiye,180,180,720,0,0,0,0,0
Myd1_Day_2004_21.csv,China,1441,1441,5764,0,0,0,0,0
Myd1_Day_2004_21.csv,Türkiye,180,180,720,0,0,0,0,0
Myd1_Day_2004_22.csv,China,1441,1441,5764,0,0,0,0,0
Myd1_Day_2004_22.csv,Türkiye,180,180,720,0,0,0,0,0
Myd1_Day_2004_23.csv,China,1441,1441,5764,0,0,0,0,0
Myd1_Day_2004_23.csv,Türkiye,180,180,720,0,0,0,0,0
Myd1_Day_2004_24.csv,China,1441,1441,5764,0,0,0,0,0
Myd1_Day_2004_24.csv,Türkiye,180,180,720,0,0,0,0,0
Myd1_Day_2004_3.csv,China,1441,1441,5764,0,0,0,0,0
Myd1_Day_2004_3.csv,Türkiye,180,180,720,0,0,0,0,0
Myd1_Day_2004_30.csv,China,1441,1441,5764,0,0,0,0,0
Myd1_Day_2004_30.csv,Türkiye,180,180,720,0,0,0,0,0
Myd1_Day_2004_4.csv,China,1441,1441,5764,0,0,0,0,0
Myd1_Day_2004_4.csv,Türkiye,180,180,720,0,0,0,0,0
Myd1_Day_2004_5.csv,China,1441,1441,5764,0,0,0,0,0
Myd1_Day_2004_5.csv,Türkiye,180,180,720,0,0,0,0,0
Myd1_Day_2004_6.csv,China,1441,1441,5764,0,0,0,0,0
Myd1_Day_2004_6.csv,Türkiye,180,180,720,0,0,0,0,0
Myd1_Day_2004_7.csv,China,1441,1441,5764,4,1,1,1,1
Myd1_Day_2004_7.csv,Türkiye,180,180,720,0,0,0,0,0
Myd1_Day_2004_8.csv,China,1441,1441,5764,0,0,0,0,0
Myd1_Day_2004_8.csv,Türkiye,180,180,720,0,0,0,0,0
Myd1_Day_2004_9.csv,China,1441,1441,5764,0,0,0,0,0
Myd1_Day_2004_9.csv,Türkiye,180,180,720,0,0,0,0,0
Myd1_Day_2005_1.csv,China,1441,1441,5764,21,6,5,5,5
Myd1_Day_2005_1.csv,Türkiye,180,180,720,0,0,0,0,0
Myd1_Day_2005_10.csv,China,1441,1441,5764,0,0,0,0,0
Myd1_Day_2005_10.csv,Türkiye,180,180,720,0,0,0,0,0
Myd1_Day_2005_11.csv,China,1441,1441,5764,18,4,5,4,5
Myd1_Day_2005_11.csv,Türkiye,180,180,720,0,0,0,0,0
Myd1_Day_2005_12.csv,China,1441,1441,5764,3,0,1,1,1
Myd1_Day_2005_12.csv,Türkiye,180,180,720,0,0,0,0,0
Myd1_Day_2005_2.csv,China,1441,1441,5764,141,35,35,36,35
Myd1_Day_2005_2.csv,Türkiye,180,180,720,0,0,0,0,0
Myd1_Day_2005_21.csv,China,1441,1441,5764,0,0,0,0,0
Myd1_Day_2005_21.csv,Türkiye,180,180,720,0,0,0,0,0
Myd1_Day_2005_22.csv,China,1441,1441,5764,0,0,0,0,0
Myd1_Day_2005_22.csv,Türkiye,180,180,720,0,0,0,0,0
Myd1_Day_2005_23.csv,China,1441,1441,5764,0,0,0,0,0
Myd1_Day_2005_23.csv,Türkiye,180,180,720,0,0,0,0,0
Myd1_Day_2005_24.csv,China,1441,1441,5764,0,0,0,0,0
Myd1_Day_2005_24.csv,Türkiye,180,180,720,0,0,0,0,0
Myd1_Day_2005_3.csv,China,1441,1441,5764,4,1,1,1,1
Myd1_Day_2005_3.csv,Türkiye,180,180,720,0,0,0,0,0
Myd1_Day_2005_30.csv,China,1441,1441,5764,0,0,0,0,0
Myd1_Day_2005_30.csv,Türkiye,180,180,720,0,0,0,0,0
Myd1_Day_2005_4.csv,China,1441,1441,5764,4,1,1,1,1
Myd1_Day_2005_4.csv,Türkiye,180,180,720,0,0,0,0,0
Myd1_Day_2005_5.csv,China,1441,1441,5764,8,2,2,2,2
Myd1_Day_2005_5.csv,Türkiye,180,180,720,0,0,0,0,0
Myd1_Day_2005_6.csv,China,1441,1441,5764,132,33,33,33,33
Myd1_Day_2005_6.csv,Türkiye,180,180,720,0,0,0,0,0
Myd1_Day_2005_7.csv,China,1441,1441,5764,0,0,0,0,0
Myd1_Day_2005_7.csv,Türkiye,180,180,720,0,0,0,0,0
Myd1_Day_2005_8.csv,China,1441,1441,5764,2,1,0,1,0
Myd1_Day_2005_8.csv,Türkiye,180,180,720,0,0,0,0,0
Myd1_Day_2005_9.csv,China,1441,1441,5764,0,0,0,0,0
Myd1_Day_2005_9.csv,Türkiye,180,180,720,0,0,0,0,0
Myd1_Day_2006_1.csv,China,1441,1441,5764,4,1,1,1,1
Myd1_Day_2006_1.csv,Türkiye,180,180,720,0,0,0,0,0
Myd1_Day_2006_10.csv,China,1441,1441,5764,34,8,9,8,9
Myd1_Day_2006_10.csv,Türkiye,180,180,720,0,0,0,0,0
Myd1_Day_2006_11.csv,China,1441,1441,5764,0,0,0,0,0
Myd1_Day_2006_11.csv,Türkiye,180,180,720,0,0,0,0,0
Myd1_Day_2006_12.csv,China,1441,1441,5764,1,1,0,0,0
Myd1_Day_2006_12.csv,Türkiye,180,180,720,0,0,0,0,0
Myd1_Day_2006_2.csv,China,1441,1441,5764,144,35,37,35,37
Myd1_Day_2006_2.csv,Türkiye,180,180,720,0,0,0,0,0
Myd1_Day_2006_21.csv,China,1441,1441,5764,0,0,0,0,0
Myd1_Day_2006_21.csv,Türkiye,180,180,720,0,0,0,0,0
Myd1_Day_2006_22.csv,China,1441,1441,5764,0,0,0,0,0
Myd1_Day_2006_22.csv,Türkiye,180,180,720,0,0,0,0,0
Myd1_Day_2006_23.csv,China,1441,1441,5764,0,0,0,0,0
Myd1_Day_2006_23.csv,Türkiye,180,180,720,0,0,0,0,0
Myd1_Day_2006_24.csv,China,1441,1441,5764,0,0,0,0,0
Myd1_Day_2006_24.csv,Türkiye,180,180,720,0,0,0,0,0
Myd1_Day_2006_3.csv,China,1441,1441,5764,0,0,0,0,0
Myd1_Day_2006_3.csv,Türkiye,180,180,720,0,0,0,0,0
Myd1_Day_2006_30.csv,China,1441,1441,5764,0,0,0,0,0
Myd1_Day_2006_30.csv,Türkiye,180,180,720,0,0,0,0,0
Myd1_Day_2006_4.csv,China,1441,1441,5764,0,0,0,0,0
Myd1_Day_2006_4.csv,Türkiye,180,180,720,0,0,0,0,0
Myd1_Day_2006_5.csv,China,1441,1441,5764,4,1,1,1,1
Myd1_Day_2006_5.csv,Türkiye,180,180,720,0,0,0,0,0
Myd1_Day_2006_6.csv,China,1441,1441,5764,4,1,1,1,1
Myd1_Day_2006_6.csv,Türkiye,180,180,720,0,0,0,0,0
Myd1_Day_2006_7.csv,China,1441,1441,5764,0,0,0,0,0
Myd1_Day_2006_7.csv,Türkiye,180,180,720,0,0,0,0,0
Myd1_Day_2006_8.csv,China,1441,1441,5764,0,0,0,0,0
Myd1_Day_2006_8.csv,Türkiye,180,180,720,0,0,0,0,0
Myd1_Day_2006_9.csv,China,1441,1441,5764,8,2,2,2,2
Myd1_Day_2006_9.csv,Türkiye,180,180,720,0,0,0,0,0
Myd1_Day_2007_1.csv,China,1441,1441,5764,4,1,1,1,1
Myd1_Day_2007_1.csv,Türkiye,180,180,720,0,0,0,0,0
Myd1_Day_2007_10.csv,China,1441,1441,5764,59,13,16,14,16
Myd1_Day_2007_10.csv,Türkiye,180,180,720,0,0,0,0,0
Myd1_Day_2007_11.csv,China,1441,1441,5764,0,0,0,0,0
Myd1_Day_2007_11.csv,Türkiye,180,180,720,0,0,0,0,0
Myd1_Day_2007_12.csv,China,1441,1441,5764,8,2,2,2,2
Myd1_Day_2007_12.csv,Türkiye,180,180,720,0,0,0,0,0
Myd1_Day_2007_2.csv,China,1441,1441,5764,0,0,0,0,0
Myd1_Day_2007_2.csv,Türkiye,180,180,720,0,0,0,0,0
Myd1_Day_2007_21.csv,China,1441,1441,5764,0,0,0,0,0
Myd1_Day_2007_21.csv,Türkiye,180,180,720,0,0,0,0,0
Myd1_Day_2007_22.csv,China,1441,1441,5764,0,0,0,0,0
Myd1_Day_2007_22.csv,Türkiye,180,180,720,0,0,0,0,0
Myd1_Day_2007_23.csv,China,1441,1441,5764,0,0,0,0,0
Myd1_Day_2007_23.csv,Türkiye,180,180,720,0,0,0,0,0
Myd1_Day_2007_24.csv,China,1441,1441,5764,0,0,0,0,0
Myd1_Day_2007_24.csv,Türkiye,180,180,720,0,0,0,0,0
Myd1_Day_2007_3.csv,China,1441,1441,5764,69,17,17,18,17
Myd1_Day_2007_3.csv,Türkiye,180,180,720,0,0,0,0,0
Myd1_Day_2007_30.csv,China,1441,1441,5764,0,0,0,0,0
Myd1_Day_2007_30.csv,Türkiye,180,180,720,0,0,0,0,0
Myd1_Day_2007_4.csv,China,1441,1441,5764,0,0,0,0,0
Myd1_Day_2007_4.csv,Türkiye,180,180,720,0,0,0,0,0
Myd1_Day_2007_5.csv,China,1441,1441,5764,0,0,0,0,0
Myd1_Day_2007_5.csv,Türkiye,180,180,720,0,0,0,0,0
Myd1_Day_2007_6.csv,China,1441,1441,5764,24,6,6,6,6
Myd1_Day_2007_6.csv,Türkiye,180,180,720,0,0,0,0,0
Myd1_Day_2007_7.csv,China,1441,1441,5764,4,1,1,1,1
Myd1_Day_2007_7.csv,Türkiye,180,180,720,0,0,0,0,0
Myd1_Day_2007_8.csv,China,1441,1441,5764,0,0,0,0,0
Myd1_Day_2007_8.csv,Türkiye,180,180,720,0,0,0,0,0
Myd1_Day_2007_9.csv,China,1441,1441,5764,0,0,0,0,0
Myd1_Day_2007_9.csv,Türkiye,180,180,720,0,0,0,0,0
Myd1_Day_2008_1.csv,China,1441,1441,5764,12,2,4,2,4
Myd1_Day_2008_1.csv,Türkiye,180,180,720,0,0,0,0,0
Myd1_Day_2008_10.csv,China,1441,1441,5764,0,0,0,0,0
Myd1_Day_2008_10.csv,Türkiye,180,180,720,0,0,0,0,0
Myd1_Day_2008_11.csv,China,1441,1441,5764,0,0,0,0,0
Myd1_Day_2008_11.csv,Türkiye,180,180,720,0,0,0,0,0
Myd1_Day_2008_12.csv,China,1441,1441,5764,10,2,2,3,3
Myd1_Day_2008_12.csv,Türkiye,180,180,720,0,0,0,0,0
Myd1_Day_2008_2.csv,China,1441,1441,5764,4,1,1,1,1
Myd1_Day_2008_2.csv,Türkiye,180,180,720,0,0,0,0,0
Myd1_Day_2008_21.csv,China,1441,1441,5764,0,0,0,0,0
Myd1_Day_2008_21.csv,Türkiye,180,180,720,0,0,0,0,0
Myd1_Day_2008_22.csv,China,1441,1441,5764,0,0,0,0,0
Myd1_Day_2008_22.csv,Türkiye,180,180,720,0,0,0,0,0
Myd1_Day_2008_23.csv,China,1441,1441,5764,0,0,0,0,0
Myd1_Day_2008_23.csv,Türkiye,180,180,720,0,0,0,0,0
Myd1_Day_2008_24.csv,China,1441,1441,5764,0,0,0,0,0
Myd1_Day_2008_24.csv,Türkiye,180,180,720,0,0,0,0,0
Myd1_Day_2008_3.csv,China,1441,1441,5764,0,0,0,0,0
Myd1_Day_2008_3.csv,Türkiye,180,180,720,0,0,0,0,0
Myd1_Day_2008_30.csv,China,1441,1441,5764,0,0,0,0,0
Myd1_Day_2008_30.csv,Türkiye,180,180,720,0,0,0,0,0
Myd1_Day_2008_4.csv,China,1441,1441,5764,4,1,1,1,1
Myd1_Day_2008_4.csv,Türkiye,180,180,720,0,0,0,0,0
Myd1_Day_2008_5.csv,China,1441,1441,5764,0,0,0,0,0
Myd1_Day_2008_5.csv,Türkiye,180,180,720,0,0,0,0,0
Myd1_Day_2008_6.csv,China,1441,1441,5764,8,2,2,2,2
Myd1_Day_2008_6.csv,Türkiye,180,180,720,0,0,0,0,0
Myd1_Day_2008_7.csv,China,1441,1441,5764,12,3,3,3,3
Myd1_Day_2008_7.csv,Türkiye,180,180,720,0,0,0,0,0
Myd1_Day_2008_8.csv,China,1441,1441,5764,0,0,0,0,0
Myd1_Day_2008_8.csv,Türkiye,180,180,720,0,0,0,0,0
Myd1_Day_2008_9.csv,China,1441,1441,5764,4,1,1,1,1
Myd1_Day_2008_9.csv,Türkiye,180,180,720,0,0,0,0,0
Myd1_Day_2009_1.csv,China,1441,1441,5764,1,0,0,1,0
Myd1_Day_2009_1.csv,Türkiye,180,180,720,0,0,0,0,0
Myd1_Day_2009_10.csv,China,1441,1441,5764,0,0,0,0,0
Myd1_Day_2009_10.csv,Türkiye,180,180,720,0,0,0,0,0
Myd1_Day_2009_11.csv,China,1441,1441,5764,0,0,0,0,0
Myd1_Day_2009_11.csv,Türkiye,180,180,720,0,0,0,0,0
Myd1_Day_2009_12.csv,China,1441,1441,5764,8,2,2,2,2
Myd1_Day_2009_12.csv,Türkiye,180,180,720,0,0,0,0,0
Myd1_Day_2009_2.csv,China,1441,1441,5764,6,2,1,2,1
Myd1_Day_2009_2.csv,Türkiye,180,180,720,0,0,0,0,0
Myd1_Day_2009_21.csv,China,1441,1441,5764,0,0,0,0,0
Myd1_Day_2009_21.csv,Türkiye,180,180,720,0,0,0,0,0
Myd1_Day_2009_22.csv,China,1441,1441,5764,0,0,0,0,0
Myd1_Day_2009_22.csv,Türkiye,180,180,720,0,0,0,0,0
Myd1_Day_2009_23.csv,China,1441,1441,5764,0,0,0,0,0
Myd1_Day_2009_23.csv,Türkiye,180,180,720,0,0,0,0,0
Myd1_Day_2009_24.csv,China,1441,1441,5764,0,0,0,0,0
Myd1_Day_2009_24.csv,Türkiye,180,180,720,0,0,0,0,0
Myd1_Day_2009_3.csv,China,1441,1441,5764,0,0,0,0,0
Myd1_Day_2009_3.csv,Türkiye,180,180,720,0,0,0,0,0
Myd1_Day_2009_30.csv,China,1441,1441,5764,0,0,0,0,0
Myd1_Day_2009_30.csv,Türkiye,180,180,720,0,0,0,0,0
Myd1_Day_2009_4.csv,China,1441,1441,5764,0,0,0,0,0
Myd1_Day_2009_4.csv,Türkiye,180,180,720,0,0,0,0,0
Myd1_Day_2009_5.csv,China,1441,1441,5764,0,0,0,0,0
Myd1_Day_2009_5.csv,Türkiye,180,180,720,0,0,0,0,0
Myd1_Day_2009_6.csv,China,1441,1441,5764,0,0,0,0,0
Myd1_Day_2009_6.csv,Türkiye,180,180,720,0,0,0,0,0
Myd1_Day_2009_7.csv,China,1441,1441,5764,0,0,0,0,0
Myd1_Day_2009_7.csv,Türkiye,180,180,720,0,0,0,0,0
Myd1_Day_2009_8.csv,China,1441,1441,5764,0,0,0,0,0
Myd1_Day_2009_8.csv,Türkiye,180,180,720,0,0,0,0,0
Myd1_Day_2009_9.csv,China,1441,1441,5764,0,0,0,0,0
Myd1_Day_2009_9.csv,Türkiye,180,180,720,0,0,0,0,0
Myd1_Day_2010_1.csv,China,1441,1441,5764,2,0,1,0,1
Myd1_Day_2010_1.csv,Türkiye,180,180,720,0,0,0,0,0
Myd1_Day_2010_10.csv,China,1441,1441,5764,8,2,2,2,2
Myd1_Day_2010_10.csv,Türkiye,180,180,720,0,0,0,0,0
Myd1_Day_2010_11.csv,China,1441,1441,5764,0,0,0,0,0
Myd1_Day_2010_11.csv,Türkiye,180,180,720,0,0,0,0,0
Myd1_Day_2010_12.csv,China,1441,1441,5764,8,1,2,3,2
Myd1_Day_2010_12.csv,Türkiye,180,180,720,0,0,0,0,0
Myd1_Day_2010_2.csv,China,1441,1441,5764,10,2,3,2,3
Myd1_Day_2010_2.csv,Türkiye,180,180,720,0,0,0,0,0
Myd1_Day_2010_21.csv,China,1441,1441,5764,0,0,0,0,0
Myd1_Day_2010_21.csv,Türkiye,180,180,720,0,0,0,0,0
Myd1_Day_2010_22.csv,China,1441,1441,5764,0,0,0,0,0
Myd1_Day_2010_22.csv,Türkiye,180,180,720,0,0,0,0,0
Myd1_Day_2010_23.csv,China,1441,1441,5764,0,0,0,0,0
Myd1_Day_2010_23.csv,Türkiye,180,180,720,0,0,0,0,0
Myd1_Day_2010_24.csv,China,1441,1441,5764,0,0,0,0,0
Myd1_Day_2010_24.csv,Türkiye,180,180,720,0,0,0,0,0
Myd1_Day_2010_3.csv,China,1441,1441,5764,0,0,0,0,0
Myd1_Day_2010_3.csv,Türkiye,180,180,720,0,0,0,0,0
Myd1_Day_2010_30.csv,China,1441,1441,5764,0,0,0,0,0
Myd1_Day_2010_30.csv,Türkiye,180,180,720,0,0,0,0,0
Myd1_Day_2010_4.csv,China,1441,1441,5764,23,5,6,6,6
Myd1_Day_2010_4.csv,Türkiye,180,180,720,0,0,0,0,0
Myd1_Day_2010_5.csv,China,1441,1441,5764,8,2,2,2,2
Myd1_Day_2010_5.csv,Türkiye,180,180,720,0,0,0,0,0
Myd1_Day_2010_6.csv,China,1441,1441,5764,127,31,32,32,32
Myd1_Day_2010_6.csv,Türkiye,180,180,720,0,0,0,0,0
Myd1_Day_2010_7.csv,China,1441,1441,5764,8,2,2,2,2
Myd1_Day_2010_7.csv,Türkiye,180,180,720,0,0,0,0,0
Myd1_Day_2010_8.csv,China,1441,1441,5764,0,0,0,0,0
Myd1_Day_2010_8.csv,Türkiye,180,180,720,0,0,0,0,0
Myd1_Day_2010_9.csv,China,1441,1441,5764,0,0,0,0,0
Myd1_Day_2010_9.csv,Türkiye,180,180,720,0,0,0,0,0
Myd1_Day_2011_1.csv,China,1441,1441,5764,106,25,28,25,28
Myd1_Day_2011_1.csv,Türkiye,180,180,720,0,0,0,0,0
Myd1_Day_2011_10.csv,China,1441,1441,5764,0,0,0,0,0
Myd1_Day_2011_10.csv,Türkiye,180,180,720,0,0,0,0,0
Myd1_Day_2011_11.csv,China,1441,1441,5764,0,0,0,0,0
Myd1_Day_2011_11.csv,Türkiye,180,180,720,0,0,0,0,0
Myd1_Day_2011_12.csv,China,1441,1441,5764,4,1,1,1,1
Myd1_Day_2011_12.csv,Türkiye,180,180,720,0,0,0,0,0
Myd1_Day_2011_2.csv,China,1441,1441,5764,1,0,0,0,1
Myd1_Day_2011_2.csv,Türkiye,180,180,720,0,0,0,0,0
Myd1_Day_2011_21.csv,China,1441,1441,5764,0,0,0,0,0
Myd1_Day_2011_21.csv,Türkiye,180,180,720,0,0,0,0,0
Myd1_Day_2011_22.csv,China,1441,1441,5764,0,0,0,0,0
Myd1_Day_2011_22.csv,Türkiye,180,180,720,0,0,0,0,0
Myd1_Day_2011_23.csv,China,1441,1441,5764,0,0,0,0,0
Myd1_Day_2011_23.csv,Türkiye,180,180,720,0,0,0,0,0
Myd1_Day_2011_24.csv,China,1441,1441,5764,0,0,0,0,0
Myd1_Day_2011_24.csv,Türkiye,180,180,720,0,0,0,0,0
Myd1_Day_2011_3.csv,China,1441,1441,5764,0,0,0,0,0
Myd1_Day_2011_3.csv,Türkiye,180,180,720,0,0,0,0,0
Myd1_Day_2011_30.csv,China,1441,1441,5764,0,0,0,0,0
Myd1_Day_2011_30.csv,Türkiye,180,180,720,0,0,0,0,0
Myd1_Day_2011_4.csv,China,1441,1441,5764,0,0,0,0,0
Myd1_Day_2011_4.csv,Türkiye,180,180,720,0,0,0,0,0
Myd1_Day_2011_5.csv,China,1441,1441,5764,0,0,0,0,0
Myd1_Day_2011_5.csv,Türkiye,180,180,720,0,0,0,0,0
Myd1_Day_2011_6.csv,China,1441,1441,5764,9,2,2,3,2
Myd1_Day_2011_6.csv,Türkiye,180,180,720,0,0,0,0,0
Myd1_Day_2011_7.csv,China,1441,1441,5764,0,0,0,0,0
Myd1_Day_2011_7.csv,Türkiye,180,180,720,0,0,0,0,0
Myd1_Day_2011_8.csv,China,1441,1441,5764,0,0,0,0,0
Myd1_Day_2011_8.csv,Türkiye,180,180,720,0,0,0,0,0
Myd1_Day_2011_9.csv,China,1441,1441,5764,5,1,1,2,1
Myd1_Day_2011_9.csv,Türkiye,180,180,720,0,0,0,0,0
Myd1_Day_2012_1.csv,China,1441,1441,5764,107,24,29,26,28
Myd1_Day_2012_1.csv,Türkiye,180,180,720,0,0,0,0,0
Myd1_Day_2012_10.csv,China,1441,1441,5764,0,0,0,0,0
Myd1_Day_2012_10.csv,Türkiye,180,180,720,0,0,0,0,0
Myd1_Day_2012_11.csv,China,1441,1441,5764,0,0,0,0,0
Myd1_Day_2012_11.csv,Türkiye,180,180,720,0,0,0,0,0
Myd1_Day_2012_12.csv,China,1441,1441,5764,0,0,0,0,0
Myd1_Day_2012_12.csv,Türkiye,180,180,720,0,0,0,0,0
Myd1_Day_2012_2.csv,China,1441,1441,5764,87,21,22,23,21
Myd1_Day_2012_2.csv,Türkiye,180,180,720,0,0,0,0,0
Myd1_Day_2012_21.csv,China,1441,1441,5764,0,0,0,0,0
Myd1_Day_2012_21.csv,Türkiye,180,180,720,0,0,0,0,0
Myd1_Day_2012_22.csv,China,1441,1441,5764,0,0,0,0,0
Myd1_Day_2012_22.csv,Türkiye,180,180,720,0,0,0,0,0
Myd1_Day_2012_23.csv,China,1441,1441,5764,0,0,0,0,0
Myd1_Day_2012_23.csv,Türkiye,180,180,720,0,0,0,0,0
Myd1_Day_2012_24.csv,China,1441,1441,5764,0,0,0,0,0
Myd1_Day_2012_24.csv,Türkiye,180,180,720,0,0,0,0,0
Myd1_Day_2012_3.csv,China,1441,1441,5764,4,1,1,1,1
Myd1_Day_2012_3.csv,Türkiye,180,180,720,0,0,0,0,0
Myd1_Day_2012_30.csv,China,1441,1441,5764,0,0,0,0,0
Myd1_Day_2012_30.csv,Türkiye,180,180,720,0,0,0,0,0
Myd1_Day_2012_4.csv,China,1441,1441,5764,0,0,0,0,0
Myd1_Day_2012_4.csv,Türkiye,180,180,720,0,0,0,0,0
Myd1_Day_2012_5.csv,China,1441,1441,5764,0,0,0,0,0
Myd1_Day_2012_5.csv,Türkiye,180,180,720,0,0,0,0,0
Myd1_Day_2012_6.csv,China,1441,1441,5764,44,11,11,11,11
Myd1_Day_2012_6.csv,Türkiye,180,180,720,0,0,0,0,0
Myd1_Day_2012_7.csv,China,1441,1441,5764,5,2,1,1,1
Myd1_Day_2012_7.csv,Türkiye,180,180,720,0,0,0,0,0
Myd1_Day_2012_8.csv,China,1441,1441,5764,4,1,1,1,1
Myd1_Day_2012_8.csv,Türkiye,180,180,720,0,0,0,0,0
Myd1_Day_2012_9.csv,China,1441,1441,5764,6,1,2,1,2
Myd1_Day_2012_9.csv,Türkiye,180,180,720,0,0,0,0,0
Myd1_Day_2013_1.csv,China,1441,1441,5764,13,3,3,3,4
Myd1_Day_2013_1.csv,Türkiye,180,180,720,0,0,0,0,0
Myd1_Day_2013_10.csv,China,1441,1441,5764,0,0,0,0,0
Myd1_Day_2013_10.csv,Türkiye,180,180,720,0,0,0,0,0
Myd1_Day_2013_11.csv,China,1441,1441,5764,4,1,1,1,1
Myd1_Day_2013_11.csv,Türkiye,180,180,720,0,0,0,0,0
Myd1_Day_2013_12.csv,China,1441,1441,5764,0,0,0,0,0
Myd1_Day_2013_12.csv,Türkiye,180,180,720,0,0,0,0,0
Myd1_Day_2013_2.csv,China,1441,1441,5764,36,8,9,9,10
Myd1_Day_2013_2.csv,Türkiye,180,180,720,0,0,0,0,0
Myd1_Day_2013_21.csv,China,1441,1441,5764,0,0,0,0,0
Myd1_Day_2013_21.csv,Türkiye,180,180,720,0,0,0,0,0
Myd1_Day_2013_22.csv,China,1441,1441,5764,0,0,0,0,0
Myd1_Day_2013_22.csv,Türkiye,180,180,720,0,0,0,0,0
Myd1_Day_2013_23.csv,China,1441,1441,5764,0,0,0,0,0
Myd1_Day_2013_23.csv,Türkiye,180,180,720,0,0,0,0,0
Myd1_Day_2013_24.csv,China,1441,1441,5764,0,0,0,0,0
Myd1_Day_2013_24.csv,Türkiye,180,180,720,0,0,0,0,0
Myd1_Day_2013_3.csv,China,1441,1441,5764,0,0,0,0,0
Myd1_Day_2013_3.csv,Türkiye,180,180,720,0,0,0,0,0
Myd1_Day_2013_30.csv,China,1441,1441,5764,0,0,0,0,0
Myd1_Day_2013_30.csv,Türkiye,180,180,720,0,0,0,0,0
Myd1_Day_2013_4.csv,China,1441,1441,5764,1,0,0,0,1
Myd1_Day_2013_4.csv,Türkiye,180,180,720,0,0,0,0,0
Myd1_Day_2013_5.csv,China,1441,1441,5764,0,0,0,0,0
Myd1_Day_2013_5.csv,Türkiye,180,180,720,0,0,0,0,0
Myd1_Day_2013_6.csv,China,1441,1441,5764,8,2,2,2,2
Myd1_Day_2013_6.csv,Türkiye,180,180,720,0,0,0,0,0
Myd1_Day_2013_7.csv,China,1441,1441,5764,8,2,2,2,2
Myd1_Day_2013_7.csv,Türkiye,180,180,720,0,0,0,0,0
Myd1_Day_2013_8.csv,China,1441,1441,5764,0,0,0,0,0
Myd1_Day_2013_8.csv,Türkiye,180,180,720,0,0,0,0,0
Myd1_Day_2013_9.csv,China,1441,1441,5764,4,1,1,1,1
Myd1_Day_2013_9.csv,Türkiye,180,180,720,0,0,0,0,0
Myd1_Day_2014_1.csv,China,1441,1441,5764,4,1,1,1,1
Myd1_Day_2014_1.csv,Türkiye,180,180,720,0,0,0,0,0
Myd1_Day_2014_10.csv,China,1441,1441,5764,0,0,0,0,0
Myd1_Day_2014_10.csv,Türkiye,180,180,720,0,0,0,0,0
Myd1_Day_2014_11.csv,China,1441,1441,5764,12,3,3,3,3
Myd1_Day_2014_11.csv,Türkiye,180,180,720,0,0,0,0,0
Myd1_Day_2014_12.csv,China,1441,1441,5764,0,0,0,0,0
Myd1_Day_2014_12.csv,Türkiye,180,180,720,0,0,0,0,0
Myd1_Day_2014_2.csv,China,1441,1441,5764,152,35,38,39,40
Myd1_Day_2014_2.csv,Türkiye,180,180,720,0,0,0,0,0
Myd1_Day_2014_21.csv,China,1441,1441,5764,0,0,0,0,0
Myd1_Day_2014_21.csv,Türkiye,180,180,720,0,0,0,0,0
Myd1_Day_2014_22.csv,China,1441,1441,5764,0,0,0,0,0
Myd1_Day_2014_22.csv,Türkiye,180,180,720,0,0,0,0,0
Myd1_Day_2014_23.csv,China,1441,1441,5764,0,0,0,0,0
Myd1_Day_2014_23.csv,Türkiye,180,180,720,0,0,0,0,0
Myd1_Day_2014_24.csv,China,1441,1441,5764,0,0,0,0,0
Myd1_Day_2014_24.csv,Türkiye,180,180,720,0,0,0,0,0
Myd1_Day_2014_3.csv,China,1441,1441,5764,26,6,6,6,8
Myd1_Day_2014_3.csv,Türkiye,180,180,720,0,0,0,0,0
Myd1_Day_2014_30.csv,China,1441,1441,5764,0,0,0,0,0
Myd1_Day_2014_30.csv,Türkiye,180,180,720,0,0,0,0,0
Myd1_Day_2014_4.csv,China,1441,1441,5764,68,17,17,17,17
Myd1_Day_2014_4.csv,Türkiye,180,180,720,0,0,0,0,0
Myd1_Day_2014_5.csv,China,1441,1441,5764,16,4,4,4,4
Myd1_Day_2014_5.csv,Türkiye,180,180,720,0,0,0,0,0
Myd1_Day_2014_6.csv,China,1441,1441,5764,20,5,5,5,5
Myd1_Day_2014_6.csv,Türkiye,180,180,720,0,0,0,0,0
Myd1_Day_2014_7.csv,China,1441,1441,5764,4,1,1,1,1
Myd1_Day_2014_7.csv,Türkiye,180,180,720,0,0,0,0,0
Myd1_Day_2014_8.csv,China,1441,1441,5764,0,0,0,0,0
Myd1_Day_2014_8.csv,Türkiye,180,180,720,0,0,0,0,0
Myd1_Day_2014_9.csv,China,1441,1441,5764,4,1,1,1,1
Myd1_Day_2014_9.csv,Türkiye,180,180,720,0,0,0,0,0
Myd1_Day_2015_1.csv,China,1441,1441,5764,8,2,2,2,2
Myd1_Day_2015_1.csv,Türkiye,180,180,720,0,0,0,0,0
Myd1_Day_2015_10.csv,China,1441,1441,5764,0,0,0,0,0
Myd1_Day_2015_10.csv,Türkiye,180,180,720,0,0,0,0,0
Myd1_Day_2015_11.csv,China,1441,1441,5764,1,0,0,1,0
Myd1_Day_2015_11.csv,Türkiye,180,180,720,0,0,0,0,0
Myd1_Day_2015_12.csv,China,1441,1441,5764,0,0,0,0,0
Myd1_Day_2015_12.csv,Türkiye,180,180,720,0,0,0,0,0
Myd1_Day_2015_2.csv,China,1441,1441,5764,0,0,0,0,0
Myd1_Day_2015_2.csv,Türkiye,180,180,720,0,0,0,0,0
Myd1_Day_2015_21.csv,China,1441,1441,5764,0,0,0,0,0
Myd1_Day_2015_21.csv,Türkiye,180,180,720,0,0,0,0,0
Myd1_Day_2015_22.csv,China,1441,1441,5764,0,0,0,0,0
Myd1_Day_2015_22.csv,Türkiye,180,180,720,0,0,0,0,0
Myd1_Day_2015_23.csv,China,1441,1441,5764,0,0,0,0,0
Myd1_Day_2015_23.csv,Türkiye,180,180,720,0,0,0,0,0
Myd1_Day_2015_24.csv,China,1441,1441,5764,0,0,0,0,0
Myd1_Day_2015_24.csv,Türkiye,180,180,720,0,0,0,0,0
Myd1_Day_2015_3.csv,China,1441,1441,5764,28,7,7,7,7
Myd1_Day_2015_3.csv,Türkiye,180,180,720,0,0,0,0,0
Myd1_Day_2015_30.csv,China,1441,1441,5764,0,0,0,0,0
Myd1_Day_2015_30.csv,Türkiye,180,180,720,0,0,0,0,0
Myd1_Day_2015_4.csv,China,1441,1441,5764,0,0,0,0,0
Myd1_Day_2015_4.csv,Türkiye,180,180,720,0,0,0,0,0
Myd1_Day_2015_5.csv,China,1441,1441,5764,32,8,8,8,8
Myd1_Day_2015_5.csv,Türkiye,180,180,720,0,0,0,0,0
Myd1_Day_2015_6.csv,China,1441,1441,5764,24,6,6,6,6
Myd1_Day_2015_6.csv,Türkiye,180,180,720,0,0,0,0,0
Myd1_Day_2015_7.csv,China,1441,1441,5764,20,5,5,5,5
Myd1_Day_2015_7.csv,Türkiye,180,180,720,0,0,0,0,0
Myd1_Day_2015_8.csv,China,1441,1441,5764,0,0,0,0,0
Myd1_Day_2015_8.csv,Türkiye,180,180,720,0,0,0,0,0
Myd1_Day_2015_9.csv,China,1441,1441,5764,13,3,3,4,3
Myd1_Day_2015_9.csv,Türkiye,180,180,720,0,0,0,0,0
Myd1_Day_2016_1.csv,China,1441,1441,5764,7,2,2,1,2
Myd1_Day_2016_1.csv,Türkiye,180,180,720,0,0,0,0,0
Myd1_Day_2016_10.csv,China,1441,1441,5764,0,0,0,0,0
Myd1_Day_2016_10.csv,Türkiye,180,180,720,0,0,0,0,0
Myd1_Day_2016_11.csv,China,1441,1441,5764,0,0,0,0,0
Myd1_Day_2016_11.csv,Türkiye,180,180,720,0,0,0,0,0
Myd1_Day_2016_12.csv,China,1441,1441,5764,1,0,0,1,0
Myd1_Day_2016_12.csv,Türkiye,180,180,720,0,0,0,0,0
Myd1_Day_2016_2.csv,China,1441,1441,5764,0,0,0,0,0
Myd1_Day_2016_2.csv,Türkiye,180,180,720,0,0,0,0,0
Myd1_Day_2016_21.csv,China,1441,1441,5764,0,0,0,0,0
Myd1_Day_2016_21.csv,Türkiye,180,180,720,0,0,0,0,0
Myd1_Day_2016_22.csv,China,1441,1441,5764,0,0,0,0,0
Myd1_Day_2016_22.csv,Türkiye,180,180,720,0,0,0,0,0
Myd1_Day_2016_23.csv,China,1441,1441,5764,0,0,0,0,0
Myd1_Day_2016_23.csv,Türkiye,180,180,720,0,0,0,0,0
Myd1_Day_2016_24.csv,China,1441,1441,5764,0,0,0,0,0
Myd1_Day_2016_24.csv,Türkiye,180,180,720,0,0,0,0,0
Myd1_Day_2016_3.csv,China,1441,1441,5764,0,0,0,0,0
Myd1_Day_2016_3.csv,Türkiye,180,180,720,0,0,0,0,0
Myd1_Day_2016_30.csv,China,1441,1441,5764,0,0,0,0,0
Myd1_Day_2016_30.csv,Türkiye,180,180,720,0,0,0,0,0
Myd1_Day_2016_4.csv,China,1441,1441,5764,32,8,8,8,8
Myd1_Day_2016_4.csv,Türkiye,180,180,720,0,0,0,0,0
Myd1_Day_2016_5.csv,China,1441,1441,5764,0,0,0,0,0
Myd1_Day_2016_5.csv,Türkiye,180,180,720,0,0,0,0,0
Myd1_Day_2016_6.csv,China,1441,1441,5764,0,0,0,0,0
Myd1_Day_2016_6.csv,Türkiye,180,180,720,0,0,0,0,0
Myd1_Day_2016_7.csv,China,1441,1441,5764,0,0,0,0,0
Myd1_Day_2016_7.csv,Türkiye,180,180,720,0,0,0,0,0
Myd1_Day_2016_8.csv,China,1441,1441,5764,4,1,1,1,1
Myd1_Day_2016_8.csv,Türkiye,180,180,720,0,0,0,0,0
Myd1_Day_2016_9.csv,China,1441,1441,5764,0,0,0,0,0
Myd1_Day_2016_9.csv,Türkiye,180,180,720,0,0,0,0,0
Myd1_Day_2017_1.csv,China,1441,1441,5764,8,2,2,2,2
Myd1_Day_2017_1.csv,Türkiye,180,180,720,0,0,0,0,0
Myd1_Day_2017_10.csv,China,1441,1441,5764,14,2,4,3,5
Myd1_Day_2017_10.csv,Türkiye,180,180,720,0,0,0,0,0
Myd1_Day_2017_11.csv,China,1441,1441,5764,0,0,0,0,0
Myd1_Day_2017_11.csv,Türkiye,180,180,720,0,0,0,0,0
Myd1_Day_2017_12.csv,China,1441,1441,5764,0,0,0,0,0
Myd1_Day_2017_12.csv,Türkiye,180,180,720,0,0,0,0,0
Myd1_Day_2017_2.csv,China,1441,1441,5764,0,0,0,0,0
Myd1_Day_2017_2.csv,Türkiye,180,180,720,0,0,0,0,0
Myd1_Day_2017_21.csv,China,1441,1441,5764,0,0,0,0,0
Myd1_Day_2017_21.csv,Türkiye,180,180,720,0,0,0,0,0
Myd1_Day_2017_22.csv,China,1441,1441,5764,0,0,0,0,0
Myd1_Day_2017_22.csv,Türkiye,180,180,720,0,0,0,0,0
Myd1_Day_2017_23.csv,China,1441,1441,5764,0,0,0,0,0
Myd1_Day_2017_23.csv,Türkiye,180,180,720,0,0,0,0,0
Myd1_Day_2017_24.csv,China,1441,1441,5764,0,0,0,0,0
Myd1_Day_2017_24.csv,Türkiye,180,180,720,0,0,0,0,0
Myd1_Day_2017_3.csv,China,1441,1441,5764,4,1,1,1,1
Myd1_Day_2017_3.csv,Türkiye,180,180,720,0,0,0,0,0
Myd1_Day_2017_30.csv,China,1441,1441,5764,0,0,0,0,0
Myd1_Day_2017_30.csv,Türkiye,180,180,720,0,0,0,0,0
Myd1_Day_2017_4.csv,China,1441,1441,5764,0,0,0,0,0
Myd1_Day_2017_4.csv,Türkiye,180,180,720,0,0,0,0,0
Myd1_Day_2017_5.csv,China,1441,1441,5764,0,0,0,0,0
Myd1_Day_2017_5.csv,Türkiye,180,180,720,0,0,0,0,0
Myd1_Day_2017_6.csv,China,1441,1441,5764,164,40,42,41,41
Myd1_Day_2017_6.csv,Türkiye,180,180,720,0,0,0,0,0
Myd1_Day_2017_7.csv,China,1441,1441,5764,4,1,1,1,1
Myd1_Day_2017_7.csv,Türkiye,180,180,720,0,0,0,0,0
Myd1_Day_2017_8.csv,China,1441,1441,5764,0,0,0,0,0
Myd1_Day_2017_8.csv,Türkiye,180,180,720,0,0,0,0,0
Myd1_Day_2017_9.csv,China,1441,1441,5764,0,0,0,0,0
Myd1_Day_2017_9.csv,Türkiye,180,180,720,0,0,0,0,0
Myd1_Day_2018_1.csv,China,1441,1441,5764,16,4,4,4,4
Myd1_Day_2018_1.csv,Türkiye,180,180,720,0,0,0,0,0
Myd1_Day_2018_10.csv,China,1441,1441,5764,0,0,0,0,0
Myd1_Day_2018_10.csv,Türkiye,180,180,720,0,0,0,0,0
Myd1_Day_2018_11.csv,China,1441,1441,5764,0,0,0,0,0
Myd1_Day_2018_11.csv,Türkiye,180,180,720,0,0,0,0,0
Myd1_Day_2018_12.csv,China,1441,1441,5764,8,2,2,2,2
Myd1_Day_2018_12.csv,Türkiye,180,180,720,0,0,0,0,0
Myd1_Day_2018_2.csv,China,1441,1441,5764,4,1,1,1,1
Myd1_Day_2018_2.csv,Türkiye,180,180,720,0,0,0,0,0
Myd1_Day_2018_21.csv,China,1441,1441,5764,0,0,0,0,0
Myd1_Day_2018_21.csv,Türkiye,180,180,720,0,0,0,0,0
Myd1_Day_2018_22.csv,China,1441,1441,5764,0,0,0,0,0
Myd1_Day_2018_22.csv,Türkiye,180,180,720,0,0,0,0,0
Myd1_Day_2018_23.csv,China,1441,1441,5764,0,0,0,0,0
Myd1_Day_2018_23.csv,Türkiye,180,180,720,0,0,0,0,0
Myd1_Day_2018_24.csv,China,1441,1441,5764,0,0,0,0,0
Myd1_Day_2018_24.csv,Türkiye,180,180,720,0,0,0,0,0
Myd1_Day_2018_3.csv,China,1441,1441,5764,0,0,0,0,0
Myd1_Day_2018_3.csv,Türkiye,180,180,720,0,0,0,0,0
Myd1_Day_2018_30.csv,China,1441,1441,5764,0,0,0,0,0
Myd1_Day_2018_30.csv,Türkiye,180,180,720,0,0,0,0,0
Myd1_Day_2018_4.csv,China,1441,1441,5764,0,0,0,0,0
Myd1_Day_2018_4.csv,Türkiye,180,180,720,0,0,0,0,0
Myd1_Day_2018_5.csv,China,1441,1441,5764,0,0,0,0,0
Myd1_Day_2018_5.csv,Türkiye,180,180,720,0,0,0,0,0
Myd1_Day_2018_6.csv,China,1441,1441,5764,16,4,4,4,4
Myd1_Day_2018_6.csv,Türkiye,180,180,720,0,0,0,0,0
Myd1_Day_2018_7.csv,China,1441,1441,5764,12,3,3,3,3
Myd1_Day_2018_7.csv,Türkiye,180,180,720,0,0,0,0,0
Myd1_Day_2018_8.csv,China,1441,1441,5764,24,6,6,6,6
Myd1_Day_2018_8.csv,Türkiye,180,180,720,0,0,0,0,0
Myd1_Day_2018_9.csv,China,1441,1441,5764,4,1,1,1,1
Myd1_Day_2018_9.csv,Türkiye,180,180,720,0,0,0,0,0
Myd1_Day_2019_1.csv,China,1441,1441,5764,23,5,6,5,7
Myd1_Day_2019_1.csv,Türkiye,180,180,720,0,0,0,0,0
Myd1_Day_2019_10.csv,China,1441,1441,5764,0,0,0,0,0
Myd1_Day_2019_10.csv,Türkiye,180,180,720,0,0,0,0,0
Myd1_Day_2019_11.csv,China,1441,1441,5764,0,0,0,0,0
Myd1_Day_2019_11.csv,Türkiye,180,180,720,0,0,0,0,0
Myd1_Day_2019_12.csv,China,1441,1441,5764,4,1,1,1,1
Myd1_Day_2019_12.csv,Türkiye,180,180,720,0,0,0,0,0
Myd1_Day_2019_2.csv,China,1441,1441,5764,50,12,12,13,13
Myd1_Day_2019_2.csv,Türkiye,180,180,720,0,0,0,0,0
Myd1_Day_2019_21.csv,China,1441,1441,5764,0,0,0,0,0
Myd1_Day_2019_21.csv,Türkiye,180,180,720,0,0,0,0,0
Myd1_Day_2019_22.csv,China,1441,1441,5764,0,0,0,0,0
Myd1_Day_2019_22.csv,Türkiye,180,180,720,0,0,0,0,0
Myd1_Day_2019_23.csv,China,1441,1441,5764,0,0,0,0,0
Myd1_Day_2019_23.csv,Türkiye,180,180,720,0,0,0,0,0
Myd1_Day_2019_24.csv,China,1441,1441,5764,0,0,0,0,0
Myd1_Day_2019_24.csv,Türkiye,180,180,720,0,0,0,0,0
Myd1_Day_2019_3.csv,China,1441,1441,5764,0,0,0,0,0
Myd1_Day_2019_3.csv,Türkiye,180,180,720,0,0,0,0,0
Myd1_Day_2019_30.csv,China,1441,1441,5764,0,0,0,0,0
Myd1_Day_2019_30.csv,Türkiye,180,180,720,0,0,0,0,0
Myd1_Day_2019_4.csv,China,1441,1441,5764,0,0,0,0,0
Myd1_Day_2019_4.csv,Türkiye,180,180,720,0,0,0,0,0
Myd1_Day_2019_5.csv,China,1441,1441,5764,2,0,1,1,0
Myd1_Day_2019_5.csv,Türkiye,180,180,720,0,0,0,0,0
Myd1_Day_2019_6.csv,China,1441,1441,5764,16,4,4,4,4
Myd1_Day_2019_6.csv,Türkiye,180,180,720,0,0,0,0,0
Myd1_Day_2019_7.csv,China,1441,1441,5764,40,10,10,10,10
Myd1_Day_2019_7.csv,Türkiye,180,180,720,0,0,0,0,0
Myd1_Day_2019_8.csv,China,1441,1441,5764,0,0,0,0,0
Myd1_Day_2019_8.csv,Türkiye,180,180,720,0,0,0,0,0
Myd1_Day_2019_9.csv,China,1441,1441,5764,0,0,0,0,0
Myd1_Day_2019_9.csv,Türkiye,180,180,720,0,0,0,0,0
Myd1_Day_2020_1.csv,China,1441,1441,5764,4,1,1,1,1
Myd1_Day_2020_1.csv,Türkiye,180,180,720,0,0,0,0,0
Myd1_Day_2020_10.csv,China,1441,1441,5764,13,3,4,3,3
Myd1_Day_2020_10.csv,Türkiye,180,180,720,0,0,0,0,0
Myd1_Day_2020_11.csv,China,1441,1441,5764,0,0,0,0,0
Myd1_Day_2020_11.csv,Türkiye,180,180,720,0,0,0,0,0
Myd1_Day_2020_12.csv,China,1441,1441,5764,8,2,2,2,2
Myd1_Day_2020_12.csv,Türkiye,180,180,720,0,0,0,0,0
Myd1_Day_2020_2.csv,China,1441,1441,5764,0,0,0,0,0
Myd1_Day_2020_2.csv,Türkiye,180,180,720,0,0,0,0,0
Myd1_Day_2020_21.csv,China,1441,1441,5764,0,0,0,0,0
Myd1_Day_2020_21.csv,Türkiye,180,180,720,0,0,0,0,0
Myd1_Day_2020_22.csv,China,1441,1441,5764,0,0,0,0,0
Myd1_Day_2020_22.csv,Türkiye,180,180,720,0,0,0,0,0
Myd1_Day_2020_23.csv,China,1441,1441,5764,0,0,0,0,0
Myd1_Day_2020_23.csv,Türkiye,180,180,720,0,0,0,0,0
Myd1_Day_2020_24.csv,China,1441,1441,5764,0,0,0,0,0
Myd1_Day_2020_24.csv,Türkiye,180,180,720,0,0,0,0,0
Myd1_Day_2020_3.csv,China,1441,1441,5764,4,1,1,1,1
Myd1_Day_2020_3.csv,Türkiye,180,180,720,0,0,0,0,0
Myd1_Day_2020_30.csv,China,1441,1441,5764,0,0,0,0,0
Myd1_Day_2020_30.csv,Türkiye,180,180,720,0,0,0,0,0
Myd1_Day_2020_4.csv,China,1441,1441,5764,0,0,0,0,0
Myd1_Day_2020_4.csv,Türkiye,180,180,720,0,0,0,0,0
Myd1_Day_2020_5.csv,China,1441,1441,5764,8,2,2,2,2
Myd1_Day_2020_5.csv,Türkiye,180,180,720,0,0,0,0,0
Myd1_Day_2020_6.csv,China,1441,1441,5764,89,21,22,24,22
Myd1_Day_2020_6.csv,Türkiye,180,180,720,0,0,0,0,0
Myd1_Day_2020_7.csv,China,1441,1441,5764,52,13,13,13,13
Myd1_Day_2020_7.csv,Türkiye,180,180,720,0,0,0,0,0
Myd1_Day_2020_8.csv,China,1441,1441,5764,128,32,32,32,32
Myd1_Day_2020_8.csv,Türkiye,180,180,720,0,0,0,0,0
Myd1_Day_2020_9.csv,China,1441,1441,5764,116,29,29,29,29
Myd1_Day_2020_9.csv,Türkiye,180,180,720,0,0,0,0,0
Myd1_Day_2021_1.csv,China,1441,1441,5764,16,4,4,4,4
Myd1_Day_2021_1.csv,Türkiye,180,180,720,0,0,0,0,0
Myd1_Day_2021_10.csv,China,1441,1441,5764,20,5,5,5,5
Myd1_Day_2021_10.csv,Türkiye,180,180,720,0,0,0,0,0
Myd1_Day_2021_11.csv,China,1441,1441,5764,0,0,0,0,0
Myd1_Day_2021_11.csv,Türkiye,180,180,720,0,0,0,0,0
Myd1_Day_2021_12.csv,China,1441,1441,5764,4,1,1,1,1
Myd1_Day_2021_12.csv,Türkiye,180,180,720,0,0,0,0,0
Myd1_Day_2021_2.csv,China,1441,1441,5764,0,0,0,0,0
Myd1_Day_2021_2.csv,Türkiye,180,180,720,0,0,0,0,0
Myd1_Day_2021_21.csv,China,1441,1441,5764,0,0,0,0,0
Myd1_Day_2021_21.csv,Türkiye,180,180,720,0,0,0,0,0
Myd1_Day_2021_22.csv,China,1441,1441,5764,0,0,0,0,0
Myd1_Day_2021_22.csv,Türkiye,180,180,720,0,0,0,0,0
Myd1_Day_2021_23.csv,China,1441,1441,5764,0,0,0,0,0
Myd1_Day_2021_23.csv,Türkiye,180,180,720,0,0,0,0,0
Myd1_Day_2021_24.csv,China,1441,1441,5764,0,0,0,0,0
Myd1_Day_2021_24.csv,Türkiye,180,180,720,0,0,0,0,0
Myd1_Day_2021_3.csv,China,1441,1441,5764,4,1,1,1,1
Myd1_Day_2021_3.csv,Türkiye,180,180,720,0,0,0,0,0
Myd1_Day_2021_30.csv,China,1441,1441,5764,0,0,0,0,0
Myd1_Day_2021_30.csv,Türkiye,180,180,720,0,0,0,0,0
Myd1_Day_2021_4.csv,China,1441,1441,5764,12,3,3,3,3
Myd1_Day_2021_4.csv,Türkiye,180,180,720,0,0,0,0,0
Myd1_Day_2021_5.csv,China,1441,1441,5764,9,2,2,2,3
Myd1_Day_2021_5.csv,Türkiye,180,180,720,0,0,0,0,0
Myd1_Day_2021_6.csv,China,1441,1441,5764,9,2,2,3,2
Myd1_Day_2021_6.csv,Türkiye,180,180,720,0,0,0,0,0
Myd1_Day_2021_7.csv,China,1441,1441,5764,0,0,0,0,0
Myd1_Day_2021_7.csv,Türkiye,180,180,720,0,0,0,0,0
Myd1_Day_2021_8.csv,China,1441,1441,5764,4,1,1,1,1
Myd1_Day_2021_8.csv,Türkiye,180,180,720,0,0,0,0,0
Myd1_Day_2021_9.csv,China,1441,1441,5764,0,0,0,0,0
Myd1_Day_2021_9.csv,Türkiye,180,180,720,0,0,0,0,0
Myd1_Nig_2003_1.csv,China,1441,1441,5764,0,0,0,0,0
Myd1_Nig_2003_1.csv,Türkiye,180,180,720,0,0,0,0,0
Myd1_Nig_2003_10.csv,China,1441,1441,5764,0,0,0,0,0
Myd1_Nig_2003_10.csv,Türkiye,180,180,720,0,0,0,0,0
Myd1_Nig_2003_11.csv,China,1441,1441,5764,0,0,0,0,0
Myd1_Nig_2003_11.csv,Türkiye,180,180,720,0,0,0,0,0
Myd1_Nig_2003_12.csv,China,1441,1441,5764,2,1,0,1,0
Myd1_Nig_2003_12.csv,Türkiye,180,180,720,0,0,0,0,0
Myd1_Nig_2003_2.csv,China,1441,1441,5764,0,0,0,0,0
Myd1_Nig_2003_2.csv,Türkiye,180,180,720,1,1,0,0,0
Myd1_Nig_2003_21.csv,China,1441,1441,5764,0,0,0,0,0
Myd1_Nig_2003_21.csv,Türkiye,180,180,720,0,0,0,0,0
Myd1_Nig_2003_22.csv,China,1441,1441,5764,0,0,0,0,0
Myd1_Nig_2003_22.csv,Türkiye,180,180,720,0,0,0,0,0
Myd1_Nig_2003_23.csv,China,1441,1441,5764,0,0,0,0,0
Myd1_Nig_2003_23.csv,Türkiye,180,180,720,0,0,0,0,0
Myd1_Nig_2003_24.csv,China,1441,1441,5764,0,0,0,0,0
Myd1_Nig_2003_24.csv,Türkiye,180,180,720,0,0,0,0,0
Myd1_Nig_2003_3.csv,China,1441,1441,5764,0,0,0,0,0
Myd1_Nig_2003_3.csv,Türkiye,180,180,720,0,0,0,0,0
Myd1_Nig_2003_30.csv,China,1441,1441,5764,0,0,0,0,0
Myd1_Nig_2003_30.csv,Türkiye,180,180,720,0,0,0,0,0
Myd1_Nig_2003_4.csv,China,1441,1441,5764,0,0,0,0,0
Myd1_Nig_2003_4.csv,Türkiye,180,180,720,0,0,0,0,0
Myd1_Nig_2003_5.csv,China,1441,1441,5764,16,4,4,4,4
Myd1_Nig_2003_5.csv,Türkiye,180,180,720,0,0,0,0,0
Myd1_Nig_2003_6.csv,China,1441,1441,5764,12,3,3,3,3
Myd1_Nig_2003_6.csv,Türkiye,180,180,720,0,0,0,0,0
Myd1_Nig_2003_7.csv,China,1441,1441,5764,0,0,0,0,0
Myd1_Nig_2003_7.csv,Türkiye,180,180,720,0,0,0,0,0
Myd1_Nig_2003_8.csv,China,1441,1441,5764,4,1,1,1,1
Myd1_Nig_2003_8.csv,Türkiye,180,180,720,0,0,0,0,0
Myd1_Nig_2003_9.csv,China,1441,1441,5764,0,0,0,0,0
Myd1_Nig_2003_9.csv,Türkiye,180,180,720,0,0,0,0,0
Myd1_Nig_2004_1.csv,China,1441,1441,5764,12,3,3,3,3
Myd1_Nig_2004_1.csv,Türkiye,180,180,720,0,0,0,0,0
Myd1_Nig_2004_10.csv,China,1441,1441,5764,2,0,1,0,1
Myd1_Nig_2004_10.csv,Türkiye,180,180,720,0,0,0,0,0
Myd1_Nig_2004_11.csv,China,1441,1441,5764,0,0,0,0,0
Myd1_Nig_2004_11.csv,Türkiye,180,180,720,0,0,0,0,0
Myd1_Nig_2004_12.csv,China,1441,1441,5764,0,0,0,0,0
Myd1_Nig_2004_12.csv,Türkiye,180,180,720,0,0,0,0,0
Myd1_Nig_2004_2.csv,China,1441,1441,5764,0,0,0,0,0
Myd1_Nig_2004_2.csv,Türkiye,180,180,720,0,0,0,0,0
Myd1_Nig_2004_21.csv,China,1441,1441,5764,0,0,0,0,0
Myd1_Nig_2004_21.csv,Türkiye,180,180,720,0,0,0,0,0
Myd1_Nig_2004_22.csv,China,1441,1441,5764,0,0,0,0,0
Myd1_Nig_2004_22.csv,Türkiye,180,180,720,0,0,0,0,0
Myd1_Nig_2004_23.csv,China,1441,1441,5764,0,0,0,0,0
Myd1_Nig_2004_23.csv,Türkiye,180,180,720,0,0,0,0,0
Myd1_Nig_2004_24.csv,China,1441,1441,5764,0,0,0,0,0
Myd1_Nig_2004_24.csv,Türkiye,180,180,720,0,0,0,0,0
Myd1_Nig_2004_3.csv,China,1441,1441,5764,4,1,1,1,1
Myd1_Nig_2004_3.csv,Türkiye,180,180,720,0,0,0,0,0
Myd1_Nig_2004_30.csv,China,1441,1441,5764,0,0,0,0,0
Myd1_Nig_2004_30.csv,Türkiye,180,180,720,0,0,0,0,0
Myd1_Nig_2004_4.csv,China,1441,1441,5764,0,0,0,0,0
Myd1_Nig_2004_4.csv,Türkiye,180,180,720,0,0,0,0,0
Myd1_Nig_2004_5.csv,China,1441,1441,5764,0,0,0,0,0
Myd1_Nig_2004_5.csv,Türkiye,180,180,720,0,0,0,0,0
Myd1_Nig_2004_6.csv,China,1441,1441,5764,4,1,1,1,1
Myd1_Nig_2004_6.csv,Türkiye,180,180,720,0,0,0,0,0
Myd1_Nig_2004_7.csv,China,1441,1441,5764,20,5,5,5,5
Myd1_Nig_2004_7.csv,Türkiye,180,180,720,0,0,0,0,0
Myd1_Nig_2004_8.csv,China,1441,1441,5764,0,0,0,0,0
Myd1_Nig_2004_8.csv,Türkiye,180,180,720,0,0,0,0,0
Myd1_Nig_2004_9.csv,China,1441,1441,5764,2,0,1,0,1
Myd1_Nig_2004_9.csv,Türkiye,180,180,720,0,0,0,0,0
Myd1_Nig_2005_1.csv,China,1441,1441,5764,4,1,1,1,1
Myd1_Nig_2005_1.csv,Türkiye,180,180,720,0,0,0,0,0
Myd1_Nig_2005_10.csv,China,1441,1441,5764,12,3,3,3,3
Myd1_Nig_2005_10.csv,Türkiye,180,180,720,0,0,0,0,0
Myd1_Nig_2005_11.csv,China,1441,1441,5764,0,0,0,0,0
Myd1_Nig_2005_11.csv,Türkiye,180,180,720,0,0,0,0,0
Myd1_Nig_2005_12.csv,China,1441,1441,5764,16,4,4,4,4
Myd1_Nig_2005_12.csv,Türkiye,180,180,720,0,0,0,0,0
Myd1_Nig_2005_2.csv,China,1441,1441,5764,59,14,16,14,15
Myd1_Nig_2005_2.csv,Türkiye,180,180,720,0,0,0,0,0
Myd1_Nig_2005_21.csv,China,1441,1441,5764,0,0,0,0,0
Myd1_Nig_2005_21.csv,Türkiye,180,180,720,0,0,0,0,0
Myd1_Nig_2005_22.csv,China,1441,1441,5764,0,0,0,0,0
Myd1_Nig_2005_22.csv,Türkiye,180,180,720,0,0,0,0,0
Myd1_Nig_2005_23.csv,China,1441,1441,5764,0,0,0,0,0
Myd1_Nig_2005_23.csv,Türkiye,180,180,720,0,0,0,0,0
Myd1_Nig_2005_24.csv,China,1441,1441,5764,0,0,0,0,0
Myd1_Nig_2005_24.csv,Türkiye,180,180,720,0,0,0,0,0
Myd1_Nig_2005_3.csv,China,1441,1441,5764,5,1,1,2,1
Myd1_Nig_2005_3.csv,Türkiye,180,180,720,0,0,0,0,0
Myd1_Nig_2005_30.csv,China,1441,1441,5764,0,0,0,0,0
Myd1_Nig_2005_30.csv,Türkiye,180,180,720,0,0,0,0,0
Myd1_Nig_2005_4.csv,China,1441,1441,5764,0,0,0,0,0
Myd1_Nig_2005_4.csv,Türkiye,180,180,720,0,0,0,0,0
Myd1_Nig_2005_5.csv,China,1441,1441,5764,30,7,8,7,8
Myd1_Nig_2005_5.csv,Türkiye,180,180,720,0,0,0,0,0
Myd1_Nig_2005_6.csv,China,1441,1441,5764,190,47,48,47,48
Myd1_Nig_2005_6.csv,Türkiye,180,180,720,0,0,0,0,0
Myd1_Nig_2005_7.csv,China,1441,1441,5764,0,0,0,0,0
Myd1_Nig_2005_7.csv,Türkiye,180,180,720,0,0,0,0,0
Myd1_Nig_2005_8.csv,China,1441,1441,5764,4,1,1,1,1
Myd1_Nig_2005_8.csv,Türkiye,180,180,720,0,0,0,0,0
Myd1_Nig_2005_9.csv,China,1441,1441,5764,0,0,0,0,0
Myd1_Nig_2005_9.csv,Türkiye,180,180,720,0,0,0,0,0
Myd1_Nig_2006_1.csv,China,1441,1441,5764,0,0,0,0,0
Myd1_Nig_2006_1.csv,Türkiye,180,180,720,0,0,0,0,0
Myd1_Nig_2006_10.csv,China,1441,1441,5764,4,1,1,1,1
Myd1_Nig_2006_10.csv,Türkiye,180,180,720,0,0,0,0,0
Myd1_Nig_2006_11.csv,China,1441,1441,5764,0,0,0,0,0
Myd1_Nig_2006_11.csv,Türkiye,180,180,720,0,0,0,0,0
Myd1_Nig_2006_12.csv,China,1441,1441,5764,0,0,0,0,0
Myd1_Nig_2006_12.csv,Türkiye,180,180,720,0,0,0,0,0
Myd1_Nig_2006_2.csv,China,1441,1441,5764,46,11,11,12,12
Myd1_Nig_2006_2.csv,Türkiye,180,180,720,1,0,0,1,0
Myd1_Nig_2006_21.csv,China,1441,1441,5764,0,0,0,0,0
Myd1_Nig_2006_21.csv,Türkiye,180,180,720,0,0,0,0,0
Myd1_Nig_2006_22.csv,China,1441,1441,5764,0,0,0,0,0
Myd1_Nig_2006_22.csv,Türkiye,180,180,720,0,0,0,0,0
Myd1_Nig_2006_23.csv,China,1441,1441,5764,0,0,0,0,0
Myd1_Nig_2006_23.csv,Türkiye,180,180,720,0,0,0,0,0
Myd1_Nig_2006_24.csv,China,1441,1441,5764,0,0,0,0,0
Myd1_Nig_2006_24.csv,Türkiye,180,180,720,0,0,0,0,0
Myd1_Nig_2006_3.csv,China,1441,1441,5764,0,0,0,0,0
Myd1_Nig_2006_3.csv,Türkiye,180,180,720,0,0,0,0,0
Myd1_Nig_2006_30.csv,China,1441,1441,5764,0,0,0,0,0
Myd1_Nig_2006_30.csv,Türkiye,180,180,720,0,0,0,0,0
Myd1_Nig_2006_4.csv,China,1441,1441,5764,0,0,0,0,0
Myd1_Nig_2006_4.csv,Türkiye,180,180,720,0,0,0,0,0
Myd1_Nig_2006_5.csv,China,1441,1441,5764,0,0,0,0,0
Myd1_Nig_2006_5.csv,Türkiye,180,180,720,0,0,0,0,0
Myd1_Nig_2006_6.csv,China,1441,1441,5764,21,5,5,6,5
Myd1_Nig_2006_6.csv,Türkiye,180,180,720,0,0,0,0,0
Myd1_Nig_2006_7.csv,China,1441,1441,5764,0,0,0,0,0
Myd1_Nig_2006_7.csv,Türkiye,180,180,720,0,0,0,0,0
Myd1_Nig_2006_8.csv,China,1441,1441,5764,0,0,0,0,0
Myd1_Nig_2006_8.csv,Türkiye,180,180,720,0,0,0,0,0
Myd1_Nig_2006_9.csv,China,1441,1441,5764,12,3,3,3,3
Myd1_Nig_2006_9.csv,Türkiye,180,180,720,0,0,0,0,0
Myd1_Nig_2007_1.csv,China,1441,1441,5764,0,0,0,0,0
Myd1_Nig_2007_1.csv,Türkiye,180,180,720,0,0,0,0,0
Myd1_Nig_2007_10.csv,China,1441,1441,5764,62,14,17,14,17
Myd1_Nig_2007_10.csv,Türkiye,180,180,720,0,0,0,0,0
Myd1_Nig_2007_11.csv,China,1441,1441,5764,0,0,0,0,0
Myd1_Nig_2007_11.csv,Türkiye,180,180,720,0,0,0,0,0
Myd1_Nig_2007_12.csv,China,1441,1441,5764,4,1,1,1,1
Myd1_Nig_2007_12.csv,Türkiye,180,180,720,0,0,0,0,0
Myd1_Nig_2007_2.csv,China,1441,1441,5764,0,0,0,0,0
Myd1_Nig_2007_2.csv,Türkiye,180,180,720,0,0,0,0,0
Myd1_Nig_2007_21.csv,China,1441,1441,5764,0,0,0,0,0
Myd1_Nig_2007_21.csv,Türkiye,180,180,720,0,0,0,0,0
Myd1_Nig_2007_22.csv,China,1441,1441,5764,0,0,0,0,0
Myd1_Nig_2007_22.csv,Türkiye,180,180,720,0,0,0,0,0
Myd1_Nig_2007_23.csv,China,1441,1441,5764,0,0,0,0,0
Myd1_Nig_2007_23.csv,Türkiye,180,180,720,0,0,0,0,0
Myd1_Nig_2007_24.csv,China,1441,1441,5764,0,0,0,0,0
Myd1_Nig_2007_24.csv,Türkiye,180,180,720,0,0,0,0,0
Myd1_Nig_2007_3.csv,China,1441,1441,5764,0,0,0,0,0
Myd1_Nig_2007_3.csv,Türkiye,180,180,720,0,0,0,0,0
Myd1_Nig_2007_30.csv,China,1441,1441,5764,0,0,0,0,0
Myd1_Nig_2007_30.csv,Türkiye,180,180,720,0,0,0,0,0
Myd1_Nig_2007_4.csv,China,1441,1441,5764,0,0,0,0,0
Myd1_Nig_2007_4.csv,Türkiye,180,180,720,0,0,0,0,0
Myd1_Nig_2007_5.csv,China,1441,1441,5764,0,0,0,0,0
Myd1_Nig_2007_5.csv,Türkiye,180,180,720,0,0,0,0,0
Myd1_Nig_2007_6.csv,China,1441,1441,5764,9,2,2,2,3
Myd1_Nig_2007_6.csv,Türkiye,180,180,720,0,0,0,0,0
Myd1_Nig_2007_7.csv,China,1441,1441,5764,12,3,3,3,3
Myd1_Nig_2007_7.csv,Türkiye,180,180,720,0,0,0,0,0
Myd1_Nig_2007_8.csv,China,1441,1441,5764,0,0,0,0,0
Myd1_Nig_2007_8.csv,Türkiye,180,180,720,0,0,0,0,0
Myd1_Nig_2007_9.csv,China,1441,1441,5764,0,0,0,0,0
Myd1_Nig_2007_9.csv,Türkiye,180,180,720,0,0,0,0,0
Myd1_Nig_2008_1.csv,China,1441,1441,5764,0,0,0,0,0
Myd1_Nig_2008_1.csv,Türkiye,180,180,720,0,0,0,0,0
Myd1_Nig_2008_10.csv,China,1441,1441,5764,0,0,0,0,0
Myd1_Nig_2008_10.csv,Türkiye,180,180,720,0,0,0,0,0
Myd1_Nig_2008_11.csv,China,1441,1441,5764,0,0,0,0,0
Myd1_Nig_2008_11.csv,Türkiye,180,180,720,0,0,0,0,0
Myd1_Nig_2008_12.csv,China,1441,1441,5764,0,0,0,0,0
Myd1_Nig_2008_12.csv,Türkiye,180,180,720,0,0,0,0,0
Myd1_Nig_2008_2.csv,China,1441,1441,5764,4,1,1,1,1
Myd1_Nig_2008_2.csv,Türkiye,180,180,720,0,0,0,0,0
Myd1_Nig_2008_21.csv,China,1441,1441,5764,0,0,0,0,0
Myd1_Nig_2008_21.csv,Türkiye,180,180,720,0,0,0,0,0
Myd1_Nig_2008_22.csv,China,1441,1441,5764,0,0,0,0,0
Myd1_Nig_2008_22.csv,Türkiye,180,180,720,0,0,0,0,0
Myd1_Nig_2008_23.csv,China,1441,1441,5764,0,0,0,0,0
Myd1_Nig_2008_23.csv,Türkiye,180,180,720,0,0,0,0,0
Myd1_Nig_2008_24.csv,China,1441,1441,5764,0,0,0,0,0
Myd1_Nig_2008_24.csv,Türkiye,180,180,720,0,0,0,0,0
Myd1_Nig_2008_3.csv,China,1441,1441,5764,0,0,0,0,0
Myd1_Nig_2008_3.csv,Türkiye,180,180,720,0,0,0,0,0
Myd1_Nig_2008_30.csv,China,1441,1441,5764,0,0,0,0,0
Myd1_Nig_2008_30.csv,Türkiye,180,180,720,0,0,0,0,0
Myd1_Nig_2008_4.csv,China,1441,1441,5764,0,0,0,0,0
Myd1_Nig_2008_4.csv,Türkiye,180,180,720,0,0,0,0,0
Myd1_Nig_2008_5.csv,China,1441,1441,5764,4,1,1,1,1
Myd1_Nig_2008_5.csv,Türkiye,180,180,720,0,0,0,0,0
Myd1_Nig_2008_6.csv,China,1441,1441,5764,4,1,1,1,1
Myd1_Nig_2008_6.csv,Türkiye,180,180,720,0,0,0,0,0
Myd1_Nig_2008_7.csv,China,1441,1441,5764,4,1,1,1,1
Myd1_Nig_2008_7.csv,Türkiye,180,180,720,0,0,0,0,0
Myd1_Nig_2008_8.csv,China,1441,1441,5764,4,1,1,1,1
Myd1_Nig_2008_8.csv,Türkiye,180,180,720,0,0,0,0,0
Myd1_Nig_2008_9.csv,China,1441,1441,5764,28,7,7,7,7
Myd1_Nig_2008_9.csv,Türkiye,180,180,720,0,0,0,0,0
Myd1_Nig_2009_1.csv,China,1441,1441,5764,0,0,0,0,0
Myd1_Nig_2009_1.csv,Türkiye,180,180,720,0,0,0,0,0
Myd1_Nig_2009_10.csv,China,1441,1441,5764,74,18,19,18,19
Myd1_Nig_2009_10.csv,Türkiye,180,180,720,0,0,0,0,0
Myd1_Nig_2009_11.csv,China,1441,1441,5764,0,0,0,0,0
Myd1_Nig_2009_11.csv,Türkiye,180,180,720,0,0,0,0,0
Myd1_Nig_2009_12.csv,China,1441,1441,5764,0,0,0,0,0
Myd1_Nig_2009_12.csv,Türkiye,180,180,720,0,0,0,0,0
Myd1_Nig_2009_2.csv,China,1441,1441,5764,0,0,0,0,0
Myd1_Nig_2009_2.csv,Türkiye,180,180,720,4,1,1,1,1
Myd1_Nig_2009_21.csv,China,1441,1441,5764,0,0,0,0,0
Myd1_Nig_2009_21.csv,Türkiye,180,180,720,0,0,0,0,0
Myd1_Nig_2009_22.csv,China,1441,1441,5764,0,0,0,0,0
Myd1_Nig_2009_22.csv,Türkiye,180,180,720,0,0,0,0,0
Myd1_Nig_2009_23.csv,China,1441,1441,5764,0,0,0,0,0
Myd1_Nig_2009_23.csv,Türkiye,180,180,720,0,0,0,0,0
Myd1_Nig_2009_24.csv,China,1441,1441,5764,0,0,0,0,0
Myd1_Nig_2009_24.csv,Türkiye,180,180,720,0,0,0,0,0
Myd1_Nig_2009_3.csv,China,1441,1441,5764,0,0,0,0,0
Myd1_Nig_2009_3.csv,Türkiye,180,180,720,0,0,0,0,0
Myd1_Nig_2009_30.csv,China,1441,1441,5764,0,0,0,0,0
Myd1_Nig_2009_30.csv,Türkiye,180,180,720,0,0,0,0,0
Myd1_Nig_2009_4.csv,China,1441,1441,5764,0,0,0,0,0
Myd1_Nig_2009_4.csv,Türkiye,180,180,720,0,0,0,0,0
Myd1_Nig_2009_5.csv,China,1441,1441,5764,0,0,0,0,0
Myd1_Nig_2009_5.csv,Türkiye,180,180,720,0,0,0,0,0
Myd1_Nig_2009_6.csv,China,1441,1441,5764,0,0,0,0,0
Myd1_Nig_2009_6.csv,Türkiye,180,180,720,0,0,0,0,0
Myd1_Nig_2009_7.csv,China,1441,1441,5764,13,3,3,4,3
Myd1_Nig_2009_7.csv,Türkiye,180,180,720,0,0,0,0,0
Myd1_Nig_2009_8.csv,China,1441,1441,5764,0,0,0,0,0
Myd1_Nig_2009_8.csv,Türkiye,180,180,720,0,0,0,0,0
Myd1_Nig_2009_9.csv,China,1441,1441,5764,0,0,0,0,0
Myd1_Nig_2009_9.csv,Türkiye,180,180,720,0,0,0,0,0
Myd1_Nig_2010_1.csv,China,1441,1441,5764,0,0,0,0,0
Myd1_Nig_2010_1.csv,Türkiye,180,180,720,0,0,0,0,0
Myd1_Nig_2010_10.csv,China,1441,1441,5764,0,0,0,0,0
Myd1_Nig_2010_10.csv,Türkiye,180,180,720,0,0,0,0,0
Myd1_Nig_2010_11.csv,China,1441,1441,5764,0,0,0,0,0
Myd1_Nig_2010_11.csv,Türkiye,180,180,720,0,0,0,0,0
Myd1_Nig_2010_12.csv,China,1441,1441,5764,0,0,0,0,0
Myd1_Nig_2010_12.csv,Türkiye,180,180,720,0,0,0,0,0
Myd1_Nig_2010_2.csv,China,1441,1441,5764,0,0,0,0,0
Myd1_Nig_2010_2.csv,Türkiye,180,180,720,0,0,0,0,0
Myd1_Nig_2010_21.csv,China,1441,1441,5764,0,0,0,0,0
Myd1_Nig_2010_21.csv,Türkiye,180,180,720,0,0,0,0,0
Myd1_Nig_2010_22.csv,China,1441,1441,5764,0,0,0,0,0
Myd1_Nig_2010_22.csv,Türkiye,180,180,720,0,0,0,0,0
Myd1_Nig_2010_23.csv,China,1441,1441,5764,0,0,0,0,0
Myd1_Nig_2010_23.csv,Türkiye,180,180,720,0,0,0,0,0
Myd1_Nig_2010_24.csv,China,1441,1441,5764,0,0,0,0,0
Myd1_Nig_2010_24.csv,Türkiye,180,180,720,0,0,0,0,0
Myd1_Nig_2010_3.csv,China,1441,1441,5764,0,0,0,0,0
Myd1_Nig_2010_3.csv,Türkiye,180,180,720,0,0,0,0,0
Myd1_Nig_2010_30.csv,China,1441,1441,5764,0,0,0,0,0
Myd1_Nig_2010_30.csv,Türkiye,180,180,720,0,0,0,0,0
Myd1_Nig_2010_4.csv,China,1441,1441,5764,4,1,1,1,1
Myd1_Nig_2010_4.csv,Türkiye,180,180,720,0,0,0,0,0
Myd1_Nig_2010_5.csv,China,1441,1441,5764,0,0,0,0,0
Myd1_Nig_2010_5.csv,Türkiye,180,180,720,0,0,0,0,0
Myd1_Nig_2010_6.csv,China,1441,1441,5764,152,37,39,37,39
Myd1_Nig_2010_6.csv,Türkiye,180,180,720,0,0,0,0,0
Myd1_Nig_2010_7.csv,China,1441,1441,5764,8,2,2,2,2
Myd1_Nig_2010_7.csv,Türkiye,180,180,720,0,0,0,0,0
Myd1_Nig_2010_8.csv,China,1441,1441,5764,0,0,0,0,0
Myd1_Nig_2010_8.csv,Türkiye,180,180,720,0,0,0,0,0
Myd1_Nig_2010_9.csv,China,1441,1441,5764,0,0,0,0,0
Myd1_Nig_2010_9.csv,Türkiye,180,180,720,0,0,0,0,0
Myd1_Nig_2011_1.csv,China,1441,1441,5764,35,6,10,9,10
Myd1_Nig_2011_1.csv,Türkiye,180,180,720,0,0,0,0,0
Myd1_Nig_2011_10.csv,China,1441,1441,5764,0,0,0,0,0
Myd1_Nig_2011_10.csv,Türkiye,180,180,720,0,0,0,0,0
Myd1_Nig_2011_11.csv,China,1441,1441,5764,0,0,0,0,0
Myd1_Nig_2011_11.csv,Türkiye,180,180,720,0,0,0,0,0
Myd1_Nig_2011_12.csv,China,1441,1441,5764,4,1,1,1,1
Myd1_Nig_2011_12.csv,Türkiye,180,180,720,0,0,0,0,0
Myd1_Nig_2011_2.csv,China,1441,1441,5764,0,0,0,0,0
Myd1_Nig_2011_2.csv,Türkiye,180,180,720,0,0,0,0,0
Myd1_Nig_2011_21.csv,China,1441,1441,5764,0,0,0,0,0
Myd1_Nig_2011_21.csv,Türkiye,180,180,720,0,0,0,0,0
Myd1_Nig_2011_22.csv,China,1441,1441,5764,0,0,0,0,0
Myd1_Nig_2011_22.csv,Türkiye,180,180,720,0,0,0,0,0
Myd1_Nig_2011_23.csv,China,1441,1441,5764,0,0,0,0,0
Myd1_Nig_2011_23.csv,Türkiye,180,180,720,0,0,0,0,0
Myd1_Nig_2011_24.csv,China,1441,1441,5764,0,0,0,0,0
Myd1_Nig_2011_24.csv,Türkiye,180,180,720,0,0,0,0,0
Myd1_Nig_2011_3.csv,China,1441,1441,5764,24,6,6,6,6
Myd1_Nig_2011_3.csv,Türkiye,180,180,720,0,0,0,0,0
Myd1_Nig_2011_30.csv,China,1441,1441,5764,0,0,0,0,0
Myd1_Nig_2011_30.csv,Türkiye,180,180,720,0,0,0,0,0
Myd1_Nig_2011_4.csv,China,1441,1441,5764,0,0,0,0,0
Myd1_Nig_2011_4.csv,Türkiye,180,180,720,0,0,0,0,0
Myd1_Nig_2011_5.csv,China,1441,1441,5764,0,0,0,0,0
Myd1_Nig_2011_5.csv,Türkiye,180,180,720,0,0,0,0,0
Myd1_Nig_2011_6.csv,China,1441,1441,5764,28,7,7,7,7
Myd1_Nig_2011_6.csv,Türkiye,180,180,720,0,0,0,0,0
Myd1_Nig_2011_7.csv,China,1441,1441,5764,0,0,0,0,0
Myd1_Nig_2011_7.csv,Türkiye,180,180,720,0,0,0,0,0
Myd1_Nig_2011_8.csv,China,1441,1441,5764,0,0,0,0,0
Myd1_Nig_2011_8.csv,Türkiye,180,180,720,0,0,0,0,0
Myd1_Nig_2011_9.csv,China,1441,1441,5764,5,2,1,1,1
Myd1_Nig_2011_9.csv,Türkiye,180,180,720,0,0,0,0,0
Myd1_Nig_2012_1.csv,China,1441,1441,5764,45,11,11,11,12
Myd1_Nig_2012_1.csv,Türkiye,180,180,720,0,0,0,0,0
Myd1_Nig_2012_10.csv,China,1441,1441,5764,0,0,0,0,0
Myd1_Nig_2012_10.csv,Türkiye,180,180,720,0,0,0,0,0
Myd1_Nig_2012_11.csv,China,1441,1441,5764,0,0,0,0,0
Myd1_Nig_2012_11.csv,Türkiye,180,180,720,0,0,0,0,0
Myd1_Nig_2012_12.csv,China,1441,1441,5764,5,1,1,2,1
Myd1_Nig_2012_12.csv,Türkiye,180,180,720,0,0,0,0,0
Myd1_Nig_2012_2.csv,China,1441,1441,5764,91,19,25,22,25
Myd1_Nig_2012_2.csv,Türkiye,180,180,720,0,0,0,0,0
Myd1_Nig_2012_21.csv,China,1441,1441,5764,0,0,0,0,0
Myd1_Nig_2012_21.csv,Türkiye,180,180,720,0,0,0,0,0
Myd1_Nig_2012_22.csv,China,1441,1441,5764,0,0,0,0,0
Myd1_Nig_2012_22.csv,Türkiye,180,180,720,0,0,0,0,0
Myd1_Nig_2012_23.csv,China,1441,1441,5764,0,0,0,0,0
Myd1_Nig_2012_23.csv,Türkiye,180,180,720,0,0,0,0,0
Myd1_Nig_2012_24.csv,China,1441,1441,5764,0,0,0,0,0
Myd1_Nig_2012_24.csv,Türkiye,180,180,720,0,0,0,0,0
Myd1_Nig_2012_3.csv,China,1441,1441,5764,0,0,0,0,0
Myd1_Nig_2012_3.csv,Türkiye,180,180,720,0,0,0,0,0
Myd1_Nig_2012_30.csv,China,1441,1441,5764,0,0,0,0,0
Myd1_Nig_2012_30.csv,Türkiye,180,180,720,0,0,0,0,0
Myd1_Nig_2012_4.csv,China,1441,1441,5764,0,0,0,0,0
Myd1_Nig_2012_4.csv,Türkiye,180,180,720,0,0,0,0,0
Myd1_Nig_2012_5.csv,China,1441,1441,5764,0,0,0,0,0
Myd1_Nig_2012_5.csv,Türkiye,180,180,720,0,0,0,0,0
Myd1_Nig_2012_6.csv,China,1441,1441,5764,60,15,15,15,15
Myd1_Nig_2012_6.csv,Türkiye,180,180,720,0,0,0,0,0
Myd1_Nig_2012_7.csv,China,1441,1441,5764,4,1,1,1,1
Myd1_Nig_2012_7.csv,Türkiye,180,180,720,0,0,0,0,0
Myd1_Nig_2012_8.csv,China,1441,1441,5764,0,0,0,0,0
Myd1_Nig_2012_8.csv,Türkiye,180,180,720,0,0,0,0,0
Myd1_Nig_2012_9.csv,China,1441,1441,5764,10,2,3,2,3
Myd1_Nig_2012_9.csv,Türkiye,180,180,720,0,0,0,0,0
Myd1_Nig_2013_1.csv,China,1441,1441,5764,0,0,0,0,0
Myd1_Nig_2013_1.csv,Türkiye,180,180,720,0,0,0,0,0
Myd1_Nig_2013_10.csv,China,1441,1441,5764,0,0,0,0,0
Myd1_Nig_2013_10.csv,Türkiye,180,180,720,0,0,0,0,0
Myd1_Nig_2013_11.csv,China,1441,1441,5764,0,0,0,0,0
Myd1_Nig_2013_11.csv,Türkiye,180,180,720,0,0,0,0,0
Myd1_Nig_2013_12.csv,China,1441,1441,5764,0,0,0,0,0
Myd1_Nig_2013_12.csv,Türkiye,180,180,720,0,0,0,0,0
Myd1_Nig_2013_2.csv,China,1441,1441,5764,0,0,0,0,0
Myd1_Nig_2013_2.csv,Türkiye,180,180,720,0,0,0,0,0
Myd1_Nig_2013_21.csv,China,1441,1441,5764,0,0,0,0,0
Myd1_Nig_2013_21.csv,Türkiye,180,180,720,0,0,0,0,0
Myd1_Nig_2013_22.csv,China,1441,1441,5764,0,0,0,0,0
Myd1_Nig_2013_22.csv,Türkiye,180,180,720,0,0,0,0,0
Myd1_Nig_2013_23.csv,China,1441,1441,5764,0,0,0,0,0
Myd1_Nig_2013_23.csv,Türkiye,180,180,720,0,0,0,0,0
Myd1_Nig_2013_24.csv,China,1441,1441,5764,0,0,0,0,0
Myd1_Nig_2013_24.csv,Türkiye,180,180,720,0,0,0,0,0
Myd1_Nig_2013_3.csv,China,1441,1441,5764,0,0,0,0,0
Myd1_Nig_2013_3.csv,Türkiye,180,180,720,0,0,0,0,0
Myd1_Nig_2013_30.csv,China,1441,1441,5764,0,0,0,0,0
Myd1_Nig_2013_30.csv,Türkiye,180,180,720,0,0,0,0,0
Myd1_Nig_2013_4.csv,China,1441,1441,5764,0,0,0,0,0
Myd1_Nig_2013_4.csv,Türkiye,180,180,720,0,0,0,0,0
Myd1_Nig_2013_5.csv,China,1441,1441,5764,0,0,0,0,0
Myd1_Nig_2013_5.csv,Türkiye,180,180,720,0,0,0,0,0
Myd1_Nig_2013_6.csv,China,1441,1441,5764,0,0,0,0,0
Myd1_Nig_2013_6.csv,Türkiye,180,180,720,0,0,0,0,0
Myd1_Nig_2013_7.csv,China,1441,1441,5764,7,1,2,2,2
Myd1_Nig_2013_7.csv,Türkiye,180,180,720,0,0,0,0,0
Myd1_Nig_2013_8.csv,China,1441,1441,5764,0,0,0,0,0
Myd1_Nig_2013_8.csv,Türkiye,180,180,720,0,0,0,0,0
Myd1_Nig_2013_9.csv,China,1441,1441,5764,0,0,0,0,0
Myd1_Nig_2013_9.csv,Türkiye,180,180,720,0,0,0,0,0
Myd1_Nig_2014_1.csv,China,1441,1441,5764,0,0,0,0,0
Myd1_Nig_2014_1.csv,Türkiye,180,180,720,0,0,0,0,0
Myd1_Nig_2014_10.csv,China,1441,1441,5764,0,0,0,0,0
Myd1_Nig_2014_10.csv,Türkiye,180,180,720,0,0,0,0,0
Myd1_Nig_2014_11.csv,China,1441,1441,5764,6,2,1,2,1
Myd1_Nig_2014_11.csv,Türkiye,180,180,720,0,0,0,0,0
Myd1_Nig_2014_12.csv,China,1441,1441,5764,0,0,0,0,0
Myd1_Nig_2014_12.csv,Türkiye,180,180,720,0,0,0,0,0
Myd1_Nig_2014_2.csv,China,1441,1441,5764,8,2,2,2,2
Myd1_Nig_2014_2.csv,Türkiye,180,180,720,0,0,0,0,0
Myd1_Nig_2014_21.csv,China,1441,1441,5764,0,0,0,0,0
Myd1_Nig_2014_21.csv,Türkiye,180,180,720,0,0,0,0,0
Myd1_Nig_2014_22.csv,China,1441,1441,5764,0,0,0,0,0
Myd1_Nig_2014_22.csv,Türkiye,180,180,720,0,0,0,0,0
Myd1_Nig_2014_23.csv,China,1441,1441,5764,0,0,0,0,0
Myd1_Nig_2014_23.csv,Türkiye,180,180,720,0,0,0,0,0
Myd1_Nig_2014_24.csv,China,1441,1441,5764,0,0,0,0,0
Myd1_Nig_2014_24.csv,Türkiye,180,180,720,0,0,0,0,0
Myd1_Nig_2014_3.csv,China,1441,1441,5764,1,0,0,0,1
Myd1_Nig_2014_3.csv,Türkiye,180,180,720,0,0,0,0,0
Myd1_Nig_2014_30.csv,China,1441,1441,5764,0,0,0,0,0
Myd1_Nig_2014_30.csv,Türkiye,180,180,720,0,0,0,0,0
Myd1_Nig_2014_4.csv,China,1441,1441,5764,20,5,5,5,5
Myd1_Nig_2014_4.csv,Türkiye,180,180,720,0,0,0,0,0
Myd1_Nig_2014_5.csv,China,1441,1441,5764,62,14,17,15,16
Myd1_Nig_2014_5.csv,Türkiye,180,180,720,0,0,0,0,0
Myd1_Nig_2014_6.csv,China,1441,1441,5764,51,12,13,13,13
Myd1_Nig_2014_6.csv,Türkiye,180,180,720,0,0,0,0,0
Myd1_Nig_2014_7.csv,China,1441,1441,5764,0,0,0,0,0
Myd1_Nig_2014_7.csv,Türkiye,180,180,720,0,0,0,0,0
Myd1_Nig_2014_8.csv,China,1441,1441,5764,8,2,2,2,2
Myd1_Nig_2014_8.csv,Türkiye,180,180,720,0,0,0,0,0
Myd1_Nig_2014_9.csv,China,1441,1441,5764,20,5,5,4,6
Myd1_Nig_2014_9.csv,Türkiye,180,180,720,0,0,0,0,0
Myd1_Nig_2015_1.csv,China,1441,1441,5764,0,0,0,0,0
Myd1_Nig_2015_1.csv,Türkiye,180,180,720,0,0,0,0,0
Myd1_Nig_2015_10.csv,China,1441,1441,5764,0,0,0,0,0
Myd1_Nig_2015_10.csv,Türkiye,180,180,720,0,0,0,0,0
Myd1_Nig_2015_11.csv,China,1441,1441,5764,8,2,2,2,2
Myd1_Nig_2015_11.csv,Türkiye,180,180,720,0,0,0,0,0
Myd1_Nig_2015_12.csv,China,1441,1441,5764,4,1,1,1,1
Myd1_Nig_2015_12.csv,Türkiye,180,180,720,0,0,0,0,0
Myd1_Nig_2015_2.csv,China,1441,1441,5764,0,0,0,0,0
Myd1_Nig_2015_2.csv,Türkiye,180,180,720,0,0,0,0,0
Myd1_Nig_2015_21.csv,China,1441,1441,5764,0,0,0,0,0
Myd1_Nig_2015_21.csv,Türkiye,180,180,720,0,0,0,0,0
Myd1_Nig_2015_22.csv,China,1441,1441,5764,0,0,0,0,0
Myd1_Nig_2015_22.csv,Türkiye,180,180,720,0,0,0,0,0
Myd1_Nig_2015_23.csv,China,1441,1441,5764,0,0,0,0,0
Myd1_Nig_2015_23.csv,Türkiye,180,180,720,0,0,0,0,0
Myd1_Nig_2015_24.csv,China,1441,1441,5764,0,0,0,0,0
Myd1_Nig_2015_24.csv,Türkiye,180,180,720,0,0,0,0,0
Myd1_Nig_2015_3.csv,China,1441,1441,5764,0,0,0,0,0
Myd1_Nig_2015_3.csv,Türkiye,180,180,720,0,0,0,0,0
Myd1_Nig_2015_30.csv,China,1441,1441,5764,0,0,0,0,0
Myd1_Nig_2015_30.csv,Türkiye,180,180,720,0,0,0,0,0
Myd1_Nig_2015_4.csv,China,1441,1441,5764,0,0,0,0,0
Myd1_Nig_2015_4.csv,Türkiye,180,180,720,0,0,0,0,0
Myd1_Nig_2015_5.csv,China,1441,1441,5764,12,3,3,3,3
Myd1_Nig_2015_5.csv,Türkiye,180,180,720,0,0,0,0,0
Myd1_Nig_2015_6.csv,China,1441,1441,5764,184,45,46,47,46
Myd1_Nig_2015_6.csv,Türkiye,180,180,720,0,0,0,0,0
Myd1_Nig_2015_7.csv,China,1441,1441,5764,0,0,0,0,0
Myd1_Nig_2015_7.csv,Türkiye,180,180,720,0,0,0,0,0
Myd1_Nig_2015_8.csv,China,1441,1441,5764,0,0,0,0,0
Myd1_Nig_2015_8.csv,Türkiye,180,180,720,0,0,0,0,0
Myd1_Nig_2015_9.csv,China,1441,1441,5764,103,25,26,25,27
Myd1_Nig_2015_9.csv,Türkiye,180,180,720,0,0,0,0,0
Myd1_Nig_2016_1.csv,China,1441,1441,5764,12,3,3,3,3
Myd1_Nig_2016_1.csv,Türkiye,180,180,720,0,0,0,0,0
Myd1_Nig_2016_10.csv,China,1441,1441,5764,0,0,0,0,0
Myd1_Nig_2016_10.csv,Türkiye,180,180,720,0,0,0,0,0
Myd1_Nig_2016_11.csv,China,1441,1441,5764,0,0,0,0,0
Myd1_Nig_2016_11.csv,Türkiye,180,180,720,0,0,0,0,0
Myd1_Nig_2016_12.csv,China,1441,1441,5764,0,0,0,0,0
Myd1_Nig_2016_12.csv,Türkiye,180,180,720,0,0,0,0,0
Myd1_Nig_2016_2.csv,China,1441,1441,5764,0,0,0,0,0
Myd1_Nig_2016_2.csv,Türkiye,180,180,720,0,0,0,0,0
Myd1_Nig_2016_21.csv,China,1441,1441,5764,0,0,0,0,0
Myd1_Nig_2016_21.csv,Türkiye,180,180,720,0,0,0,0,0
Myd1_Nig_2016_22.csv,China,1441,1441,5764,0,0,0,0,0
Myd1_Nig_2016_22.csv,Türkiye,180,180,720,0,0,0,0,0
Myd1_Nig_2016_23.csv,China,1441,1441,5764,0,0,0,0,0
Myd1_Nig_2016_23.csv,Türkiye,180,180,720,0,0,0,0,0
Myd1_Nig_2016_24.csv,China,1441,1441,5764,0,0,0,0,0
Myd1_Nig_2016_24.csv,Türkiye,180,180,720,0,0,0,0,0
Myd1_Nig_2016_3.csv,China,1441,1441,5764,0,0,0,0,0
Myd1_Nig_2016_3.csv,Türkiye,180,180,720,0,0,0,0,0
Myd1_Nig_2016_30.csv,China,1441,1441,5764,0,0,0,0,0
Myd1_Nig_2016_30.csv,Türkiye,180,180,720,0,0,0,0,0
Myd1_Nig_2016_4.csv,China,1441,1441,5764,4,1,1,1,1
Myd1_Nig_2016_4.csv,Türkiye,180,180,720,0,0,0,0,0
Myd1_Nig_2016_5.csv,China,1441,1441,5764,0,0,0,0,0
Myd1_Nig_2016_5.csv,Türkiye,180,180,720,0,0,0,0,0
Myd1_Nig_2016_6.csv,China,1441,1441,5764,0,0,0,0,0
Myd1_Nig_2016_6.csv,Türkiye,180,180,720,0,0,0,0,0
Myd1_Nig_2016_7.csv,China,1441,1441,5764,0,0,0,0,0
Myd1_Nig_2016_7.csv,Türkiye,180,180,720,0,0,0,0,0
Myd1_Nig_2016_8.csv,China,1441,1441,5764,0,0,0,0,0
Myd1_Nig_2016_8.csv,Türkiye,180,180,720,0,0,0,0,0
Myd1_Nig_2016_9.csv,China,1441,1441,5764,25,4,7,5,9
Myd1_Nig_2016_9.csv,Türkiye,180,180,720,0,0,0,0,0
Myd1_Nig_2017_1.csv,China,1441,1441,5764,0,0,0,0,0
Myd1_Nig_2017_1.csv,Türkiye,180,180,720,0,0,0,0,0
Myd1_Nig_2017_10.csv,China,1441,1441,5764,4,1,1,1,1
Myd1_Nig_2017_10.csv,Türkiye,180,180,720,0,0,0,0,0
Myd1_Nig_2017_11.csv,China,1441,1441,5764,0,0,0,0,0
Myd1_Nig_2017_11.csv,Türkiye,180,180,720,0,0,0,0,0
Myd1_Nig_2017_12.csv,China,1441,1441,5764,0,0,0,0,0
Myd1_Nig_2017_12.csv,Türkiye,180,180,720,0,0,0,0,0
Myd1_Nig_2017_2.csv,China,1441,1441,5764,0,0,0,0,0
Myd1_Nig_2017_2.csv,Türkiye,180,180,720,0,0,0,0,0
Myd1_Nig_2017_21.csv,China,1441,1441,5764,0,0,0,0,0
Myd1_Nig_2017_21.csv,Türkiye,180,180,720,0,0,0,0,0
Myd1_Nig_2017_22.csv,China,1441,1441,5764,0,0,0,0,0
Myd1_Nig_2017_22.csv,Türkiye,180,180,720,0,0,0,0,0
Myd1_Nig_2017_23.csv,China,1441,1441,5764,0,0,0,0,0
Myd1_Nig_2017_23.csv,Türkiye,180,180,720,0,0,0,0,0
Myd1_Nig_2017_24.csv,China,1441,1441,5764,0,0,0,0,0
Myd1_Nig_2017_24.csv,Türkiye,180,180,720,0,0,0,0,0
Myd1_Nig_2017_3.csv,China,1441,1441,5764,37,9,9,9,10
Myd1_Nig_2017_3.csv,Türkiye,180,180,720,0,0,0,0,0
Myd1_Nig_2017_30.csv,China,1441,1441,5764,0,0,0,0,0
Myd1_Nig_2017_30.csv,Türkiye,180,180,720,0,0,0,0,0
Myd1_Nig_2017_4.csv,China,1441,1441,5764,4,1,1,1,1
Myd1_Nig_2017_4.csv,Türkiye,180,180,720,0,0,0,0,0
Myd1_Nig_2017_5.csv,China,1441,1441,5764,0,0,0,0,0
Myd1_Nig_2017_5.csv,Türkiye,180,180,720,0,0,0,0,0
Myd1_Nig_2017_6.csv,China,1441,1441,5764,206,49,51,51,55
Myd1_Nig_2017_6.csv,Türkiye,180,180,720,0,0,0,0,0
Myd1_Nig_2017_7.csv,China,1441,1441,5764,2,1,0,1,0
Myd1_Nig_2017_7.csv,Türkiye,180,180,720,0,0,0,0,0
Myd1_Nig_2017_8.csv,China,1441,1441,5764,0,0,0,0,0
Myd1_Nig_2017_8.csv,Türkiye,180,180,720,0,0,0,0,0
Myd1_Nig_2017_9.csv,China,1441,1441,5764,0,0,0,0,0
Myd1_Nig_2017_9.csv,Türkiye,180,180,720,0,0,0,0,0
Myd1_Nig_2018_1.csv,China,1441,1441,5764,0,0,0,0,0
Myd1_Nig_2018_1.csv,Türkiye,180,180,720,0,0,0,0,0
Myd1_Nig_2018_10.csv,China,1441,1441,5764,5,1,1,1,2
Myd1_Nig_2018_10.csv,Türkiye,180,180,720,0,0,0,0,0
Myd1_Nig_2018_11.csv,China,1441,1441,5764,0,0,0,0,0
Myd1_Nig_2018_11.csv,Türkiye,180,180,720,0,0,0,0,0
Myd1_Nig_2018_12.csv,China,1441,1441,5764,0,0,0,0,0
Myd1_Nig_2018_12.csv,Türkiye,180,180,720,0,0,0,0,0
Myd1_Nig_2018_2.csv,China,1441,1441,5764,0,0,0,0,0
Myd1_Nig_2018_2.csv,Türkiye,180,180,720,0,0,0,0,0
Myd1_Nig_2018_21.csv,China,1441,1441,5764,0,0,0,0,0
Myd1_Nig_2018_21.csv,Türkiye,180,180,720,0,0,0,0,0
Myd1_Nig_2018_22.csv,China,1441,1441,5764,0,0,0,0,0
Myd1_Nig_2018_22.csv,Türkiye,180,180,720,0,0,0,0,0
Myd1_Nig_2018_23.csv,China,1441,1441,5764,0,0,0,0,0
Myd1_Nig_2018_23.csv,Türkiye,180,180,720,0,0,0,0,0
Myd1_Nig_2018_24.csv,China,1441,1441,5764,0,0,0,0,0
Myd1_Nig_2018_24.csv,Türkiye,180,180,720,0,0,0,0,0
Myd1_Nig_2018_3.csv,China,1441,1441,5764,0,0,0,0,0
Myd1_Nig_2018_3.csv,Türkiye,180,180,720,0,0,0,0,0
Myd1_Nig_2018_30.csv,China,1441,1441,5764,0,0,0,0,0
Myd1_Nig_2018_30.csv,Türkiye,180,180,720,0,0,0,0,0
Myd1_Nig_2018_4.csv,China,1441,1441,5764,0,0,0,0,0
Myd1_Nig_2018_4.csv,Türkiye,180,180,720,0,0,0,0,0
Myd1_Nig_2018_5.csv,China,1441,1441,5764,4533,1133,1134,1133,1133
Myd1_Nig_2018_5.csv,Türkiye,180,180,720,720,180,180,180,180
Myd1_Nig_2018_6.csv,China,1441,1441,5764,8,2,2,2,2
Myd1_Nig_2018_6.csv,Türkiye,180,180,720,0,0,0,0,0
Myd1_Nig_2018_7.csv,China,1441,1441,5764,8,2,2,2,2
Myd1_Nig_2018_7.csv,Türkiye,180,180,720,0,0,0,0,0
Myd1_Nig_2018_8.csv,China,1441,1441,5764,10,2,3,2,3
Myd1_Nig_2018_8.csv,Türkiye,180,180,720,0,0,0,0,0
Myd1_Nig_2018_9.csv,China,1441,1441,5764,0,0,0,0,0
Myd1_Nig_2018_9.csv,Türkiye,180,180,720,0,0,0,0,0
Myd1_Nig_2019_1.csv,China,1441,1441,5764,13,3,3,3,4
Myd1_Nig_2019_1.csv,Türkiye,180,180,720,0,0,0,0,0
Myd1_Nig_2019_10.csv,China,1441,1441,5764,0,0,0,0,0
Myd1_Nig_2019_10.csv,Türkiye,180,180,720,0,0,0,0,0
Myd1_Nig_2019_11.csv,China,1441,1441,5764,0,0,0,0,0
Myd1_Nig_2019_11.csv,Türkiye,180,180,720,0,0,0,0,0
Myd1_Nig_2019_12.csv,China,1441,1441,5764,0,0,0,0,0
Myd1_Nig_2019_12.csv,Türkiye,180,180,720,0,0,0,0,0
Myd1_Nig_2019_2.csv,China,1441,1441,5764,24,6,6,6,6
Myd1_Nig_2019_2.csv,Türkiye,180,180,720,0,0,0,0,0
Myd1_Nig_2019_21.csv,China,1441,1441,5764,0,0,0,0,0
Myd1_Nig_2019_21.csv,Türkiye,180,180,720,0,0,0,0,0
Myd1_Nig_2019_22.csv,China,1441,1441,5764,0,0,0,0,0
Myd1_Nig_2019_22.csv,Türkiye,180,180,720,0,0,0,0,0
Myd1_Nig_2019_23.csv,China,1441,1441,5764,0,0,0,0,0
Myd1_Nig_2019_23.csv,Türkiye,180,180,720,0,0,0,0,0
Myd1_Nig_2019_24.csv,China,1441,1441,5764,0,0,0,0,0
Myd1_Nig_2019_24.csv,Türkiye,180,180,720,0,0,0,0,0
Myd1_Nig_2019_3.csv,China,1441,1441,5764,0,0,0,0,0
Myd1_Nig_2019_3.csv,Türkiye,180,180,720,0,0,0,0,0
Myd1_Nig_2019_30.csv,China,1441,1441,5764,0,0,0,0,0
Myd1_Nig_2019_30.csv,Türkiye,180,180,720,0,0,0,0,0
Myd1_Nig_2019_4.csv,China,1441,1441,5764,0,0,0,0,0
Myd1_Nig_2019_4.csv,Türkiye,180,180,720,0,0,0,0,0
Myd1_Nig_2019_5.csv,China,1441,1441,5764,68,15,18,17,18
Myd1_Nig_2019_5.csv,Türkiye,180,180,720,0,0,0,0,0
Myd1_Nig_2019_6.csv,China,1441,1441,5764,8,2,2,2,2
Myd1_Nig_2019_6.csv,Türkiye,180,180,720,0,0,0,0,0
Myd1_Nig_2019_7.csv,China,1441,1441,5764,8,2,2,2,2
Myd1_Nig_2019_7.csv,Türkiye,180,180,720,0,0,0,0,0
Myd1_Nig_2019_8.csv,China,1441,1441,5764,0,0,0,0,0
Myd1_Nig_2019_8.csv,Türkiye,180,180,720,0,0,0,0,0
Myd1_Nig_2019_9.csv,China,1441,1441,5764,0,0,0,0,0
Myd1_Nig_2019_9.csv,Türkiye,180,180,720,0,0,0,0,0
Myd1_Nig_2020_1.csv,China,1441,1441,5764,0,0,0,0,0
Myd1_Nig_2020_1.csv,Türkiye,180,180,720,0,0,0,0,0
Myd1_Nig_2020_10.csv,China,1441,1441,5764,25,5,7,6,7
Myd1_Nig_2020_10.csv,Türkiye,180,180,720,0,0,0,0,0
Myd1_Nig_2020_11.csv,China,1441,1441,5764,13,2,5,2,4
Myd1_Nig_2020_11.csv,Türkiye,180,180,720,0,0,0,0,0
Myd1_Nig_2020_12.csv,China,1441,1441,5764,0,0,0,0,0
Myd1_Nig_2020_12.csv,Türkiye,180,180,720,0,0,0,0,0
Myd1_Nig_2020_2.csv,China,1441,1441,5764,0,0,0,0,0
Myd1_Nig_2020_2.csv,Türkiye,180,180,720,0,0,0,0,0
Myd1_Nig_2020_21.csv,China,1441,1441,5764,0,0,0,0,0
Myd1_Nig_2020_21.csv,Türkiye,180,180,720,0,0,0,0,0
Myd1_Nig_2020_22.csv,China,1441,1441,5764,0,0,0,0,0
Myd1_Nig_2020_22.csv,Türkiye,180,180,720,0,0,0,0,0
Myd1_Nig_2020_23.csv,China,1441,1441,5764,0,0,0,0,0
Myd1_Nig_2020_23.csv,Türkiye,180,180,720,0,0,0,0,0
Myd1_Nig_2020_24.csv,China,1441,1441,5764,0,0,0,0,0
Myd1_Nig_2020_24.csv,Türkiye,180,180,720,0,0,0,0,0
Myd1_Nig_2020_3.csv,China,1441,1441,5764,0,0,0,0,0
Myd1_Nig_2020_3.csv,Türkiye,180,180,720,0,0,0,0,0
Myd1_Nig_2020_30.csv,China,1441,1441,5764,0,0,0,0,0
Myd1_Nig_2020_30.csv,Türkiye,180,180,720,0,0,0,0,0
Myd1_Nig_2020_4.csv,China,1441,1441,5764,0,0,0,0,0
Myd1_Nig_2020_4.csv,Türkiye,180,180,720,0,0,0,0,0
Myd1_Nig_2020_5.csv,China,1441,1441,5764,0,0,0,0,0
Myd1_Nig_2020_5.csv,Türkiye,180,180,720,0,0,0,0,0
Myd1_Nig_2020_6.csv,China,1441,1441,5764,32,8,8,8,8
Myd1_Nig_2020_6.csv,Türkiye,180,180,720,0,0,0,0,0
Myd1_Nig_2020_7.csv,China,1441,1441,5764,12,3,3,3,3
Myd1_Nig_2020_7.csv,Türkiye,180,180,720,0,0,0,0,0
Myd1_Nig_2020_8.csv,China,1441,1441,5764,65,16,16,17,16
Myd1_Nig_2020_8.csv,Türkiye,180,180,720,0,0,0,0,0
Myd1_Nig_2020_9.csv,China,1441,1441,5764,114,28,28,28,30
Myd1_Nig_2020_9.csv,Türkiye,180,180,720,0,0,0,0,0
Myd1_Nig_2021_1.csv,China,1441,1441,5764,0,0,0,0,0
Myd1_Nig_2021_1.csv,Türkiye,180,180,720,0,0,0,0,0
Myd1_Nig_2021_10.csv,China,1441,1441,5764,8,2,2,2,2
Myd1_Nig_2021_10.csv,Türkiye,180,180,720,0,0,0,0,0
Myd1_Nig_2021_11.csv,China,1441,1441,5764,0,0,0,0,0
Myd1_Nig_2021_11.csv,Türkiye,180,180,720,0,0,0,0,0
Myd1_Nig_2021_12.csv,China,1441,1441,5764,0,0,0,0,0
Myd1_Nig_2021_12.csv,Türkiye,180,180,720,0,0,0,0,0
Myd1_Nig_2021_2.csv,China,1441,1441,5764,0,0,0,0,0
Myd1_Nig_2021_2.csv,Türkiye,180,180,720,0,0,0,0,0
Myd1_Nig_2021_21.csv,China,1441,1441,5764,0,0,0,0,0
Myd1_Nig_2021_21.csv,Türkiye,180,180,720,0,0,0,0,0
Myd1_Nig_2021_22.csv,China,1441,1441,5764,0,0,0,0,0
Myd1_Nig_2021_22.csv,Türkiye,180,180,720,0,0,0,0,0
Myd1_Nig_2021_23.csv,China,1441,1441,5764,0,0,0,0,0
Myd1_Nig_2021_23.csv,Türkiye,180,180,720,0,0,0,0,0
Myd1_Nig_2021_24.csv,China,1441,1441,5764,0,0,0,0,0
Myd1_Nig_2021_24.csv,Türkiye,180,180,720,0,0,0,0,0
Myd1_Nig_2021_3.csv,China,1441,1441,5764,0,0,0,0,0
Myd1_Nig_2021_3.csv,Türkiye,180,180,720,0,0,0,0,0
Myd1_Nig_2021_30.csv,China,1441,1441,5764,0,0,0,0,0
Myd1_Nig_2021_30.csv,Türkiye,180,180,720,0,0,0,0,0
Myd1_Nig_2021_4.csv,China,1441,1441,5764,4,1,1,1,1
Myd1_Nig_2021_4.csv,Türkiye,180,180,720,0,0,0,0,0
Myd1_Nig_2021_5.csv,China,1441,1441,5764,4,1,1,1,1
Myd1_Nig_2021_5.csv,Türkiye,180,180,720,0,0,0,0,0
Myd1_Nig_2021_6.csv,China,1441,1441,5764,78,19,19,19,21
Myd1_Nig_2021_6.csv,Türkiye,180,180,720,0,0,0,0,0
Myd1_Nig_2021_7.csv,China,1441,1441,5764,0,0,0,0,0
Myd1_Nig_2021_7.csv,Türkiye,180,180,720,0,0,0,0,0
Myd1_Nig_2021_8.csv,China,1441,1441,5764,4,1,1,1,1
Myd1_Nig_2021_8.csv,Türkiye,180,180,720,0,0,0,0,0
Myd1_Nig_2021_9.csv,China,1441,1441,5764,0,0,0,0,0
Myd1_Nig_2021_9.csv,Türkiye,180,180,720,0,0,0,0,0
Myd2_Day_2003_1.csv,China,1441,1441,5764,3,0,1,1,1
Myd2_Day_2003_1.csv,Türkiye,180,180,720,0,0,0,0,0
Myd2_Day_2003_10.csv,China,1441,1441,5764,0,0,0,0,0
Myd2_Day_2003_10.csv,Türkiye,180,180,720,0,0,0,0,0
Myd2_Day_2003_11.csv,China,1441,1441,5764,0,0,0,0,0
Myd2_Day_2003_11.csv,Türkiye,180,180,720,0,0,0,0,0
Myd2_Day_2003_12.csv,China,1441,1441,5764,0,0,0,0,0
Myd2_Day_2003_12.csv,Türkiye,180,180,720,0,0,0,0,0
Myd2_Day_2003_2.csv,China,1441,1441,5764,0,0,0,0,0
Myd2_Day_2003_2.csv,Türkiye,180,180,720,0,0,0,0,0
Myd2_Day_2003_21.csv,China,1441,1441,5764,0,0,0,0,0
Myd2_Day_2003_21.csv,Türkiye,180,180,720,0,0,0,0,0
Myd2_Day_2003_22.csv,China,1441,1441,5764,0,0,0,0,0
Myd2_Day_2003_22.csv,Türkiye,180,180,720,0,0,0,0,0
Myd2_Day_2003_23.csv,China,1441,1441,5764,0,0,0,0,0
Myd2_Day_2003_23.csv,Türkiye,180,180,720,0,0,0,0,0
Myd2_Day_2003_24.csv,China,1441,1441,5764,0,0,0,0,0
Myd2_Day_2003_24.csv,Türkiye,180,180,720,0,0,0,0,0
Myd2_Day_2003_3.csv,China,1441,1441,5764,0,0,0,0,0
Myd2_Day_2003_3.csv,Türkiye,180,180,720,0,0,0,0,0
Myd2_Day_2003_30.csv,China,1441,1441,5764,0,0,0,0,0
Myd2_Day_2003_30.csv,Türkiye,180,180,720,0,0,0,0,0
Myd2_Day_2003_4.csv,China,1441,1441,5764,0,0,0,0,0
Myd2_Day_2003_4.csv,Türkiye,180,180,720,0,0,0,0,0
Myd2_Day_2003_5.csv,China,1441,1441,5764,0,0,0,0,0
Myd2_Day_2003_5.csv,Türkiye,180,180,720,0,0,0,0,0
Myd2_Day_2003_6.csv,China,1441,1441,5764,0,0,0,0,0
Myd2_Day_2003_6.csv,Türkiye,180,180,720,0,0,0,0,0
Myd2_Day_2003_7.csv,China,1441,1441,5764,0,0,0,0,0
Myd2_Day_2003_7.csv,Türkiye,180,180,720,0,0,0,0,0
Myd2_Day_2003_8.csv,China,1441,1441,5764,16,4,4,4,4
Myd2_Day_2003_8.csv,Türkiye,180,180,720,0,0,0,0,0
Myd2_Day_2003_9.csv,China,1441,1441,5764,0,0,0,0,0
Myd2_Day_2003_9.csv,Türkiye,180,180,720,0,0,0,0,0
Myd2_Day_2004_1.csv,China,1441,1441,5764,8,2,2,2,2
Myd2_Day_2004_1.csv,Türkiye,180,180,720,0,0,0,0,0
Myd2_Day_2004_10.csv,China,1441,1441,5764,0,0,0,0,0
Myd2_Day_2004_10.csv,Türkiye,180,180,720,0,0,0,0,0
Myd2_Day_2004_11.csv,China,1441,1441,5764,12,3,3,3,3
Myd2_Day_2004_11.csv,Türkiye,180,180,720,0,0,0,0,0
Myd2_Day_2004_12.csv,China,1441,1441,5764,12,3,3,3,3
Myd2_Day_2004_12.csv,Türkiye,180,180,720,0,0,0,0,0
Myd2_Day_2004_2.csv,China,1441,1441,5764,0,0,0,0,0
Myd2_Day_2004_2.csv,Türkiye,180,180,720,0,0,0,0,0
Myd2_Day_2004_21.csv,China,1441,1441,5764,0,0,0,0,0
Myd2_Day_2004_21.csv,Türkiye,180,180,720,0,0,0,0,0
Myd2_Day_2004_22.csv,China,1441,1441,5764,0,0,0,0,0
Myd2_Day_2004_22.csv,Türkiye,180,180,720,0,0,0,0,0
Myd2_Day_2004_23.csv,China,1441,1441,5764,0,0,0,0,0
Myd2_Day_2004_23.csv,Türkiye,180,180,720,0,0,0,0,0
Myd2_Day_2004_24.csv,China,1441,1441,5764,0,0,0,0,0
Myd2_Day_2004_24.csv,Türkiye,180,180,720,0,0,0,0,0
Myd2_Day_2004_3.csv,China,1441,1441,5764,0,0,0,0,0
Myd2_Day_2004_3.csv,Türkiye,180,180,720,0,0,0,0,0
Myd2_Day_2004_30.csv,China,1441,1441,5764,0,0,0,0,0
Myd2_Day_2004_30.csv,Türkiye,180,180,720,0,0,0,0,0
Myd2_Day_2004_4.csv,China,1441,1441,5764,0,0,0,0,0
Myd2_Day_2004_4.csv,Türkiye,180,180,720,0,0,0,0,0
Myd2_Day_2004_5.csv,China,1441,1441,5764,0,0,0,0,0
Myd2_Day_2004_5.csv,Türkiye,180,180,720,0,0,0,0,0
Myd2_Day_2004_6.csv,China,1441,1441,5764,0,0,0,0,0
Myd2_Day_2004_6.csv,Türkiye,180,180,720,0,0,0,0,0
Myd2_Day_2004_7.csv,China,1441,1441,5764,8,2,2,2,2
Myd2_Day_2004_7.csv,Türkiye,180,180,720,0,0,0,0,0
Myd2_Day_2004_8.csv,China,1441,1441,5764,0,0,0,0,0
Myd2_Day_2004_8.csv,Türkiye,180,180,720,0,0,0,0,0
Myd2_Day_2004_9.csv,China,1441,1441,5764,0,0,0,0,0
Myd2_Day_2004_9.csv,Türkiye,180,180,720,0,0,0,0,0
Myd2_Day_2005_1.csv,China,1441,1441,5764,17,5,4,4,4
Myd2_Day_2005_1.csv,Türkiye,180,180,720,0,0,0,0,0
Myd2_Day_2005_10.csv,China,1441,1441,5764,12,3,3,3,3
Myd2_Day_2005_10.csv,Türkiye,180,180,720,0,0,0,0,0
Myd2_Day_2005_11.csv,China,1441,1441,5764,16,4,4,4,4
Myd2_Day_2005_11.csv,Türkiye,180,180,720,0,0,0,0,0
Myd2_Day_2005_12.csv,China,1441,1441,5764,23,5,6,6,6
Myd2_Day_2005_12.csv,Türkiye,180,180,720,0,0,0,0,0
Myd2_Day_2005_2.csv,China,1441,1441,5764,4,1,1,1,1
Myd2_Day_2005_2.csv,Türkiye,180,180,720,0,0,0,0,0
Myd2_Day_2005_21.csv,China,1441,1441,5764,0,0,0,0,0
Myd2_Day_2005_21.csv,Türkiye,180,180,720,0,0,0,0,0
Myd2_Day_2005_22.csv,China,1441,1441,5764,0,0,0,0,0
Myd2_Day_2005_22.csv,Türkiye,180,180,720,0,0,0,0,0
Myd2_Day_2005_23.csv,China,1441,1441,5764,0,0,0,0,0
Myd2_Day_2005_23.csv,Türkiye,180,180,720,0,0,0,0,0
Myd2_Day_2005_24.csv,China,1441,1441,5764,0,0,0,0,0
Myd2_Day_2005_24.csv,Türkiye,180,180,720,0,0,0,0,0
Myd2_Day_2005_3.csv,China,1441,1441,5764,0,0,0,0,0
Myd2_Day_2005_3.csv,Türkiye,180,180,720,0,0,0,0,0
Myd2_Day_2005_30.csv,China,1441,1441,5764,0,0,0,0,0
Myd2_Day_2005_30.csv,Türkiye,180,180,720,0,0,0,0,0
Myd2_Day_2005_4.csv,China,1441,1441,5764,4,1,1,1,1
Myd2_Day_2005_4.csv,Türkiye,180,180,720,0,0,0,0,0
Myd2_Day_2005_5.csv,China,1441,1441,5764,8,2,2,2,2
Myd2_Day_2005_5.csv,Türkiye,180,180,720,0,0,0,0,0
Myd2_Day_2005_6.csv,China,1441,1441,5764,93,23,23,24,23
Myd2_Day_2005_6.csv,Türkiye,180,180,720,0,0,0,0,0
Myd2_Day_2005_7.csv,China,1441,1441,5764,0,0,0,0,0
Myd2_Day_2005_7.csv,Türkiye,180,180,720,0,0,0,0,0
Myd2_Day_2005_8.csv,China,1441,1441,5764,0,0,0,0,0
Myd2_Day_2005_8.csv,Türkiye,180,180,720,0,0,0,0,0
Myd2_Day_2005_9.csv,China,1441,1441,5764,0,0,0,0,0
Myd2_Day_2005_9.csv,Türkiye,180,180,720,0,0,0,0,0
Myd2_Day_2006_1.csv,China,1441,1441,5764,4,1,1,1,1
Myd2_Day_2006_1.csv,Türkiye,180,180,720,0,0,0,0,0
Myd2_Day_2006_10.csv,China,1441,1441,5764,62,15,16,15,16
Myd2_Day_2006_10.csv,Türkiye,180,180,720,0,0,0,0,0
Myd2_Day_2006_11.csv,China,1441,1441,5764,0,0,0,0,0
Myd2_Day_2006_11.csv,Türkiye,180,180,720,0,0,0,0,0
Myd2_Day_2006_12.csv,China,1441,1441,5764,1,1,0,0,0
Myd2_Day_2006_12.csv,Türkiye,180,180,720,0,0,0,0,0
Myd2_Day_2006_2.csv,China,1441,1441,5764,0,0,0,0,0
Myd2_Day_2006_2.csv,Türkiye,180,180,720,0,0,0,0,0
Myd2_Day_2006_21.csv,China,1441,1441,5764,0,0,0,0,0
Myd2_Day_2006_21.csv,Türkiye,180,180,720,0,0,0,0,0
Myd2_Day_2006_22.csv,China,1441,1441,5764,0,0,0,0,0
Myd2_Day_2006_22.csv,Türkiye,180,180,720,0,0,0,0,0
Myd2_Day_2006_23.csv,China,1441,1441,5764,0,0,0,0,0
Myd2_Day_2006_23.csv,Türkiye,180,180,720,0,0,0,0,0
Myd2_Day_2006_24.csv,China,1441,1441,5764,0,0,0,0,0
Myd2_Day_2006_24.csv,Türkiye,180,180,720,0,0,0,0,0
Myd2_Day_2006_3.csv,China,1441,1441,5764,4,1,1,1,1
Myd2_Day_2006_3.csv,Türkiye,180,180,720,0,0,0,0,0
Myd2_Day_2006_30.csv,China,1441,1441,5764,0,0,0,0,0
Myd2_Day_2006_30.csv,Türkiye,180,180,720,0,0,0,0,0
Myd2_Day_2006_4.csv,China,1441,1441,5764,0,0,0,0,0
Myd2_Day_2006_4.csv,Türkiye,180,180,720,0,0,0,0,0
Myd2_Day_2006_5.csv,China,1441,1441,5764,4,1,1,1,1
Myd2_Day_2006_5.csv,Türkiye,180,180,720,0,0,0,0,0
Myd2_Day_2006_6.csv,China,1441,1441,5764,4,1,1,1,1
Myd2_Day_2006_6.csv,Türkiye,180,180,720,0,0,0,0,0
Myd2_Day_2006_7.csv,China,1441,1441,5764,0,0,0,0,0
Myd2_Day_2006_7.csv,Türkiye,180,180,720,0,0,0,0,0
Myd2_Day_2006_8.csv,China,1441,1441,5764,0,0,0,0,0
Myd2_Day_2006_8.csv,Türkiye,180,180,720,0,0,0,0,0
Myd2_Day_2006_9.csv,China,1441,1441,5764,4,1,1,1,1
Myd2_Day_2006_9.csv,Türkiye,180,180,720,0,0,0,0,0
Myd2_Day_2007_1.csv,China,1441,1441,5764,0,0,0,0,0
Myd2_Day_2007_1.csv,Türkiye,180,180,720,0,0,0,0,0
Myd2_Day_2007_10.csv,China,1441,1441,5764,175,43,45,43,44
Myd2_Day_2007_10.csv,Türkiye,180,180,720,0,0,0,0,0
Myd2_Day_2007_11.csv,China,1441,1441,5764,0,0,0,0,0
Myd2_Day_2007_11.csv,Türkiye,180,180,720,0,0,0,0,0
Myd2_Day_2007_12.csv,China,1441,1441,5764,22,5,6,5,6
Myd2_Day_2007_12.csv,Türkiye,180,180,720,0,0,0,0,0
Myd2_Day_2007_2.csv,China,1441,1441,5764,4,1,1,1,1
Myd2_Day_2007_2.csv,Türkiye,180,180,720,0,0,0,0,0
Myd2_Day_2007_21.csv,China,1441,1441,5764,0,0,0,0,0
Myd2_Day_2007_21.csv,Türkiye,180,180,720,0,0,0,0,0
Myd2_Day_2007_22.csv,China,1441,1441,5764,0,0,0,0,0
Myd2_Day_2007_22.csv,Türkiye,180,180,720,0,0,0,0,0
Myd2_Day_2007_23.csv,China,1441,1441,5764,0,0,0,0,0
Myd2_Day_2007_23.csv,Türkiye,180,180,720,0,0,0,0,0
Myd2_Day_2007_24.csv,China,1441,1441,5764,0,0,0,0,0
Myd2_Day_2007_24.csv,Türkiye,180,180,720,0,0,0,0,0
Myd2_Day_2007_3.csv,China,1441,1441,5764,85,21,21,22,21
Myd2_Day_2007_3.csv,Türkiye,180,180,720,0,0,0,0,0
Myd2_Day_2007_30.csv,China,1441,1441,5764,0,0,0,0,0
Myd2_Day_2007_30.csv,Türkiye,180,180,720,0,0,0,0,0
Myd2_Day_2007_4.csv,China,1441,1441,5764,0,0,0,0,0
Myd2_Day_2007_4.csv,Türkiye,180,180,720,0,0,0,0,0
Myd2_Day_2007_5.csv,China,1441,1441,5764,0,0,0,0,0
Myd2_Day_2007_5.csv,Türkiye,180,180,720,0,0,0,0,0
Myd2_Day_2007_6.csv,China,1441,1441,5764,24,6,6,6,6
Myd2_Day_2007_6.csv,Türkiye,180,180,720,0,0,0,0,0
Myd2_Day_2007_7.csv,China,1441,1441,5764,0,0,0,0,0
Myd2_Day_2007_7.csv,Türkiye,180,180,720,0,0,0,0,0
Myd2_Day_2007_8.csv,China,1441,1441,5764,0,0,0,0,0
Myd2_Day_2007_8.csv,Türkiye,180,180,720,0,0,0,0,0
Myd2_Day_2007_9.csv,China,1441,1441,5764,0,0,0,0,0
Myd2_Day_2007_9.csv,Türkiye,180,180,720,0,0,0,0,0
Myd2_Day_2008_1.csv,China,1441,1441,5764,12,2,4,2,4
Myd2_Day_2008_1.csv,Türkiye,180,180,720,0,0,0,0,0
Myd2_Day_2008_10.csv,China,1441,1441,5764,0,0,0,0,0
Myd2_Day_2008_10.csv,Türkiye,180,180,720,0,0,0,0,0
Myd2_Day_2008_11.csv,China,1441,1441,5764,0,0,0,0,0
Myd2_Day_2008_11.csv,Türkiye,180,180,720,0,0,0,0,0
Myd2_Day_2008_12.csv,China,1441,1441,5764,12,3,3,3,3
Myd2_Day_2008_12.csv,Türkiye,180,180,720,0,0,0,0,0
Myd2_Day_2008_2.csv,China,1441,1441,5764,0,0,0,0,0
Myd2_Day_2008_2.csv,Türkiye,180,180,720,0,0,0,0,0
Myd2_Day_2008_21.csv,China,1441,1441,5764,0,0,0,0,0
Myd2_Day_2008_21.csv,Türkiye,180,180,720,0,0,0,0,0
Myd2_Day_2008_22.csv,China,1441,1441,5764,0,0,0,0,0
Myd2_Day_2008_22.csv,Türkiye,180,180,720,0,0,0,0,0
Myd2_Day_2008_23.csv,China,1441,1441,5764,0,0,0,0,0
Myd2_Day_2008_23.csv,Türkiye,180,180,720,0,0,0,0,0
Myd2_Day_2008_24.csv,China,1441,1441,5764,0,0,0,0,0
Myd2_Day_2008_24.csv,Türkiye,180,180,720,0,0,0,0,0
Myd2_Day_2008_3.csv,China,1441,1441,5764,4,1,1,1,1
Myd2_Day_2008_3.csv,Türkiye,180,180,720,0,0,0,0,0
Myd2_Day_2008_30.csv,China,1441,1441,5764,0,0,0,0,0
Myd2_Day_2008_30.csv,Türkiye,180,180,720,0,0,0,0,0
Myd2_Day_2008_4.csv,China,1441,1441,5764,0,0,0,0,0
Myd2_Day_2008_4.csv,Türkiye,180,180,720,0,0,0,0,0
Myd2_Day_2008_5.csv,China,1441,1441,5764,0,0,0,0,0
Myd2_Day_2008_5.csv,Türkiye,180,180,720,0,0,0,0,0
Myd2_Day_2008_6.csv,China,1441,1441,5764,8,2,2,2,2
Myd2_Day_2008_6.csv,Türkiye,180,180,720,0,0,0,0,0
Myd2_Day_2008_7.csv,China,1441,1441,5764,0,0,0,0,0
Myd2_Day_2008_7.csv,Türkiye,180,180,720,0,0,0,0,0
Myd2_Day_2008_8.csv,China,1441,1441,5764,0,0,0,0,0
Myd2_Day_2008_8.csv,Türkiye,180,180,720,0,0,0,0,0
Myd2_Day_2008_9.csv,China,1441,1441,5764,4,1,1,1,1
Myd2_Day_2008_9.csv,Türkiye,180,180,720,0,0,0,0,0
Myd2_Day_2009_1.csv,China,1441,1441,5764,1,0,0,1,0
Myd2_Day_2009_1.csv,Türkiye,180,180,720,0,0,0,0,0
Myd2_Day_2009_10.csv,China,1441,1441,5764,32,8,8,8,8
Myd2_Day_2009_10.csv,Türkiye,180,180,720,0,0,0,0,0
Myd2_Day_2009_11.csv,China,1441,1441,5764,0,0,0,0,0
Myd2_Day_2009_11.csv,Türkiye,180,180,720,0,0,0,0,0
Myd2_Day_2009_12.csv,China,1441,1441,5764,12,3,3,3,3
Myd2_Day_2009_12.csv,Türkiye,180,180,720,0,0,0,0,0
Myd2_Day_2009_2.csv,China,1441,1441,5764,0,0,0,0,0
Myd2_Day_2009_2.csv,Türkiye,180,180,720,0,0,0,0,0
Myd2_Day_2009_21.csv,China,1441,1441,5764,0,0,0,0,0
Myd2_Day_2009_21.csv,Türkiye,180,180,720,0,0,0,0,0
Myd2_Day_2009_22.csv,China,1441,1441,5764,0,0,0,0,0
Myd2_Day_2009_22.csv,Türkiye,180,180,720,0,0,0,0,0
Myd2_Day_2009_23.csv,China,1441,1441,5764,0,0,0,0,0
Myd2_Day_2009_23.csv,Türkiye,180,180,720,0,0,0,0,0
Myd2_Day_2009_24.csv,China,1441,1441,5764,0,0,0,0,0
Myd2_Day_2009_24.csv,Türkiye,180,180,720,0,0,0,0,0
Myd2_Day_2009_3.csv,China,1441,1441,5764,0,0,0,0,0
Myd2_Day_2009_3.csv,Türkiye,180,180,720,0,0,0,0,0
Myd2_Day_2009_30.csv,China,1441,1441,5764,0,0,0,0,0
Myd2_Day_2009_30.csv,Türkiye,180,180,720,0,0,0,0,0
Myd2_Day_2009_4.csv,China,1441,1441,5764,0,0,0,0,0
Myd2_Day_2009_4.csv,Türkiye,180,180,720,0,0,0,0,0
Myd2_Day_2009_5.csv,China,1441,1441,5764,0,0,0,0,0
Myd2_Day_2009_5.csv,Türkiye,180,180,720,0,0,0,0,0
Myd2_Day_2009_6.csv,China,1441,1441,5764,0,0,0,0,0
Myd2_Day_2009_6.csv,Türkiye,180,180,720,0,0,0,0,0
Myd2_Day_2009_7.csv,China,1441,1441,5764,8,2,2,2,2
Myd2_Day_2009_7.csv,Türkiye,180,180,720,0,0,0,0,0
Myd2_Day_2009_8.csv,China,1441,1441,5764,0,0,0,0,0
Myd2_Day_2009_8.csv,Türkiye,180,180,720,0,0,0,0,0
Myd2_Day_2009_9.csv,China,1441,1441,5764,0,0,0,0,0
Myd2_Day_2009_9.csv,Türkiye,180,180,720,0,0,0,0,0
Myd2_Day_2010_1.csv,China,1441,1441,5764,2,0,1,0,1
Myd2_Day_2010_1.csv,Türkiye,180,180,720,0,0,0,0,0
Myd2_Day_2010_10.csv,China,1441,1441,5764,12,3,3,3,3
Myd2_Day_2010_10.csv,Türkiye,180,180,720,0,0,0,0,0
Myd2_Day_2010_11.csv,China,1441,1441,5764,0,0,0,0,0
Myd2_Day_2010_11.csv,Türkiye,180,180,720,0,0,0,0,0
Myd2_Day_2010_12.csv,China,1441,1441,5764,9,1,2,4,2
Myd2_Day_2010_12.csv,Türkiye,180,180,720,0,0,0,0,0
Myd2_Day_2010_2.csv,China,1441,1441,5764,10,2,3,2,3
Myd2_Day_2010_2.csv,Türkiye,180,180,720,0,0,0,0,0
Myd2_Day_2010_21.csv,China,1441,1441,5764,0,0,0,0,0
Myd2_Day_2010_21.csv,Türkiye,180,180,720,0,0,0,0,0
Myd2_Day_2010_22.csv,China,1441,1441,5764,0,0,0,0,0
Myd2_Day_2010_22.csv,Türkiye,180,180,720,0,0,0,0,0
Myd2_Day_2010_23.csv,China,1441,1441,5764,0,0,0,0,0
Myd2_Day_2010_23.csv,Türkiye,180,180,720,0,0,0,0,0
Myd2_Day_2010_24.csv,China,1441,1441,5764,0,0,0,0,0
Myd2_Day_2010_24.csv,Türkiye,180,180,720,0,0,0,0,0
Myd2_Day_2010_3.csv,China,1441,1441,5764,0,0,0,0,0
Myd2_Day_2010_3.csv,Türkiye,180,180,720,0,0,0,0,0
Myd2_Day_2010_30.csv,China,1441,1441,5764,0,0,0,0,0
Myd2_Day_2010_30.csv,Türkiye,180,180,720,0,0,0,0,0
Myd2_Day_2010_4.csv,China,1441,1441,5764,23,5,6,6,6
Myd2_Day_2010_4.csv,Türkiye,180,180,720,0,0,0,0,0
Myd2_Day_2010_5.csv,China,1441,1441,5764,8,2,2,2,2
Myd2_Day_2010_5.csv,Türkiye,180,180,720,0,0,0,0,0
Myd2_Day_2010_6.csv,China,1441,1441,5764,25,6,6,7,6
Myd2_Day_2010_6.csv,Türkiye,180,180,720,0,0,0,0,0
Myd2_Day_2010_7.csv,China,1441,1441,5764,2,0,1,0,1
Myd2_Day_2010_7.csv,Türkiye,180,180,720,0,0,0,0,0
Myd2_Day_2010_8.csv,China,1441,1441,5764,4,1,1,1,1
Myd2_Day_2010_8.csv,Türkiye,180,180,720,0,0,0,0,0
Myd2_Day_2010_9.csv,China,1441,1441,5764,0,0,0,0,0
Myd2_Day_2010_9.csv,Türkiye,180,180,720,0,0,0,0,0
Myd2_Day_2011_1.csv,China,1441,1441,5764,56,13,15,14,14
Myd2_Day_2011_1.csv,Türkiye,180,180,720,0,0,0,0,0
Myd2_Day_2011_10.csv,China,1441,1441,5764,0,0,0,0,0
Myd2_Day_2011_10.csv,Türkiye,180,180,720,0,0,0,0,0
Myd2_Day_2011_11.csv,China,1441,1441,5764,0,0,0,0,0
Myd2_Day_2011_11.csv,Türkiye,180,180,720,0,0,0,0,0
Myd2_Day_2011_12.csv,China,1441,1441,5764,28,7,7,7,7
Myd2_Day_2011_12.csv,Türkiye,180,180,720,0,0,0,0,0
Myd2_Day_2011_2.csv,China,1441,1441,5764,0,0,0,0,0
Myd2_Day_2011_2.csv,Türkiye,180,180,720,0,0,0,0,0
Myd2_Day_2011_21.csv,China,1441,1441,5764,0,0,0,0,0
Myd2_Day_2011_21.csv,Türkiye,180,180,720,0,0,0,0,0
Myd2_Day_2011_22.csv,China,1441,1441,5764,0,0,0,0,0
Myd2_Day_2011_22.csv,Türkiye,180,180,720,0,0,0,0,0
Myd2_Day_2011_23.csv,China,1441,1441,5764,0,0,0,0,0
Myd2_Day_2011_23.csv,Türkiye,180,180,720,0,0,0,0,0
Myd2_Day_2011_24.csv,China,1441,1441,5764,0,0,0,0,0
Myd2_Day_2011_24.csv,Türkiye,180,180,720,0,0,0,0,0
Myd2_Day_2011_3.csv,China,1441,1441,5764,13,2,4,3,4
Myd2_Day_2011_3.csv,Türkiye,180,180,720,0,0,0,0,0
Myd2_Day_2011_30.csv,China,1441,1441,5764,0,0,0,0,0
Myd2_Day_2011_30.csv,Türkiye,180,180,720,0,0,0,0,0
Myd2_Day_2011_4.csv,China,1441,1441,5764,0,0,0,0,0
Myd2_Day_2011_4.csv,Türkiye,180,180,720,0,0,0,0,0
Myd2_Day_2011_5.csv,China,1441,1441,5764,0,0,0,0,0
Myd2_Day_2011_5.csv,Türkiye,180,180,720,0,0,0,0,0
Myd2_Day_2011_6.csv,China,1441,1441,5764,16,4,4,4,4
Myd2_Day_2011_6.csv,Türkiye,180,180,720,0,0,0,0,0
Myd2_Day_2011_7.csv,China,1441,1441,5764,0,0,0,0,0
Myd2_Day_2011_7.csv,Türkiye,180,180,720,0,0,0,0,0
Myd2_Day_2011_8.csv,China,1441,1441,5764,0,0,0,0,0
Myd2_Day_2011_8.csv,Türkiye,180,180,720,0,0,0,0,0
Myd2_Day_2011_9.csv,China,1441,1441,5764,20,5,5,5,5
Myd2_Day_2011_9.csv,Türkiye,180,180,720,0,0,0,0,0
Myd2_Day_2012_1.csv,China,1441,1441,5764,101,23,27,25,26
Myd2_Day_2012_1.csv,Türkiye,180,180,720,0,0,0,0,0
Myd2_Day_2012_10.csv,China,1441,1441,5764,0,0,0,0,0
Myd2_Day_2012_10.csv,Türkiye,180,180,720,0,0,0,0,0
Myd2_Day_2012_11.csv,China,1441,1441,5764,4,1,1,1,1
Myd2_Day_2012_11.csv,Türkiye,180,180,720,0,0,0,0,0
Myd2_Day_2012_12.csv,China,1441,1441,5764,0,0,0,0,0
Myd2_Day_2012_12.csv,Türkiye,180,180,720,0,0,0,0,0
Myd2_Day_2012_2.csv,China,1441,1441,5764,87,21,22,23,21
Myd2_Day_2012_2.csv,Türkiye,180,180,720,0,0,0,0,0
Myd2_Day_2012_21.csv,China,1441,1441,5764,0,0,0,0,0
Myd2_Day_2012_21.csv,Türkiye,180,180,720,0,0,0,0,0
Myd2_Day_2012_22.csv,China,1441,1441,5764,0,0,0,0,0
Myd2_Day_2012_22.csv,Türkiye,180,180,720,0,0,0,0,0
Myd2_Day_2012_23.csv,China,1441,1441,5764,0,0,0,0,0
Myd2_Day_2012_23.csv,Türkiye,180,180,720,0,0,0,0,0
Myd2_Day_2012_24.csv,China,1441,1441,5764,0,0,0,0,0
Myd2_Day_2012_24.csv,Türkiye,180,180,720,0,0,0,0,0
Myd2_Day_2012_3.csv,China,1441,1441,5764,2,0,1,0,1
Myd2_Day_2012_3.csv,Türkiye,180,180,720,0,0,0,0,0
Myd2_Day_2012_30.csv,China,1441,1441,5764,0,0,0,0,0
Myd2_Day_2012_30.csv,Türkiye,180,180,720,0,0,0,0,0
Myd2_Day_2012_4.csv,China,1441,1441,5764,0,0,0,0,0
Myd2_Day_2012_4.csv,Türkiye,180,180,720,0,0,0,0,0
Myd2_Day_2012_5.csv,China,1441,1441,5764,15,3,4,4,4
Myd2_Day_2012_5.csv,Türkiye,180,180,720,0,0,0,0,0
Myd2_Day_2012_6.csv,China,1441,1441,5764,20,5,5,5,5
Myd2_Day_2012_6.csv,Türkiye,180,180,720,0,0,0,0,0
Myd2_Day_2012_7.csv,China,1441,1441,5764,0,0,0,0,0
Myd2_Day_2012_7.csv,Türkiye,180,180,720,0,0,0,0,0
Myd2_Day_2012_8.csv,China,1441,1441,5764,4,1,1,1,1
Myd2_Day_2012_8.csv,Türkiye,180,180,720,0,0,0,0,0
Myd2_Day_2012_9.csv,China,1441,1441,5764,6,1,2,1,2
Myd2_Day_2012_9.csv,Türkiye,180,180,720,0,0,0,0,0
Myd2_Day_2013_1.csv,China,1441,1441,5764,8,2,2,2,2
Myd2_Day_2013_1.csv,Türkiye,180,180,720,0,0,0,0,0
Myd2_Day_2013_10.csv,China,1441,1441,5764,0,0,0,0,0
Myd2_Day_2013_10.csv,Türkiye,180,180,720,0,0,0,0,0
Myd2_Day_2013_11.csv,China,1441,1441,5764,1,0,0,0,1
Myd2_Day_2013_11.csv,Türkiye,180,180,720,0,0,0,0,0
Myd2_Day_2013_12.csv,China,1441,1441,5764,0,0,0,0,0
Myd2_Day_2013_12.csv,Türkiye,180,180,720,0,0,0,0,0
Myd2_Day_2013_2.csv,China,1441,1441,5764,4,1,1,1,1
Myd2_Day_2013_2.csv,Türkiye,180,180,720,0,0,0,0,0
Myd2_Day_2013_21.csv,China,1441,1441,5764,0,0,0,0,0
Myd2_Day_2013_21.csv,Türkiye,180,180,720,0,0,0,0,0
Myd2_Day_2013_22.csv,China,1441,1441,5764,0,0,0,0,0
Myd2_Day_2013_22.csv,Türkiye,180,180,720,0,0,0,0,0
Myd2_Day_2013_23.csv,China,1441,1441,5764,0,0,0,0,0
Myd2_Day_2013_23.csv,Türkiye,180,180,720,0,0,0,0,0
Myd2_Day_2013_24.csv,China,1441,1441,5764,0,0,0,0,0
Myd2_Day_2013_24.csv,Türkiye,180,180,720,0,0,0,0,0
Myd2_Day_2013_3.csv,China,1441,1441,5764,4,1,1,1,1
Myd2_Day_2013_3.csv,Türkiye,180,180,720,0,0,0,0,0
Myd2_Day_2013_30.csv,China,1441,1441,5764,0,0,0,0,0
Myd2_Day_2013_30.csv,Türkiye,180,180,720,0,0,0,0,0
Myd2_Day_2013_4.csv,China,1441,1441,5764,9,2,2,2,3
Myd2_Day_2013_4.csv,Türkiye,180,180,720,0,0,0,0,0
Myd2_Day_2013_5.csv,China,1441,1441,5764,0,0,0,0,0
Myd2_Day_2013_5.csv,Türkiye,180,180,720,0,0,0,0,0
Myd2_Day_2013_6.csv,China,1441,1441,5764,5764,1441,1441,1441,1441
Myd2_Day_2013_6.csv,Türkiye,180,180,720,720,180,180,180,180
Myd2_Day_2013_7.csv,China,1441,1441,5764,4,1,1,1,1
Myd2_Day_2013_7.csv,Türkiye,180,180,720,0,0,0,0,0
Myd2_Day_2013_8.csv,China,1441,1441,5764,0,0,0,0,0
Myd2_Day_2013_8.csv,Türkiye,180,180,720,0,0,0,0,0
Myd2_Day_2013_9.csv,China,1441,1441,5764,0,0,0,0,0
Myd2_Day_2013_9.csv,Türkiye,180,180,720,0,0,0,0,0
Myd2_Day_2014_1.csv,China,1441,1441,5764,4,1,1,1,1
Myd2_Day_2014_1.csv,Türkiye,180,180,720,0,0,0,0,0
Myd2_Day_2014_10.csv,China,1441,1441,5764,0,0,0,0,0
Myd2_Day_2014_10.csv,Türkiye,180,180,720,0,0,0,0,0
Myd2_Day_2014_11.csv,China,1441,1441,5764,12,3,3,3,3
Myd2_Day_2014_11.csv,Türkiye,180,180,720,0,0,0,0,0
Myd2_Day_2014_12.csv,China,1441,1441,5764,0,0,0,0,0
Myd2_Day_2014_12.csv,Türkiye,180,180,720,0,0,0,0,0
Myd2_Day_2014_2.csv,China,1441,1441,5764,59,14,15,14,16
Myd2_Day_2014_2.csv,Türkiye,180,180,720,0,0,0,0,0
Myd2_Day_2014_21.csv,China,1441,1441,5764,0,0,0,0,0
Myd2_Day_2014_21.csv,Türkiye,180,180,720,0,0,0,0,0
Myd2_Day_2014_22.csv,China,1441,1441,5764,0,0,0,0,0
Myd2_Day_2014_22.csv,Türkiye,180,180,720,0,0,0,0,0
Myd2_Day_2014_23.csv,China,1441,1441,5764,0,0,0,0,0
Myd2_Day_2014_23.csv,Türkiye,180,180,720,0,0,0,0,0
Myd2_Day_2014_24.csv,China,1441,1441,5764,0,0,0,0,0
Myd2_Day_2014_24.csv,Türkiye,180,180,720,0,0,0,0,0
Myd2_Day_2014_3.csv,China,1441,1441,5764,15,3,4,4,4
Myd2_Day_2014_3.csv,Türkiye,180,180,720,0,0,0,0,0
Myd2_Day_2014_30.csv,China,1441,1441,5764,0,0,0,0,0
Myd2_Day_2014_30.csv,Türkiye,180,180,720,0,0,0,0,0
Myd2_Day_2014_4.csv,China,1441,1441,5764,128,32,32,32,32
Myd2_Day_2014_4.csv,Türkiye,180,180,720,0,0,0,0,0
Myd2_Day_2014_5.csv,China,1441,1441,5764,12,3,3,3,3
Myd2_Day_2014_5.csv,Türkiye,180,180,720,0,0,0,0,0
Myd2_Day_2014_6.csv,China,1441,1441,5764,28,7,7,7,7
Myd2_Day_2014_6.csv,Türkiye,180,180,720,0,0,0,0,0
Myd2_Day_2014_7.csv,China,1441,1441,5764,0,0,0,0,0
Myd2_Day_2014_7.csv,Türkiye,180,180,720,0,0,0,0,0
Myd2_Day_2014_8.csv,China,1441,1441,5764,0,0,0,0,0
Myd2_Day_2014_8.csv,Türkiye,180,180,720,0,0,0,0,0
Myd2_Day_2014_9.csv,China,1441,1441,5764,0,0,0,0,0
Myd2_Day_2014_9.csv,Türkiye,180,180,720,0,0,0,0,0
Myd2_Day_2015_1.csv,China,1441,1441,5764,8,2,2,2,2
Myd2_Day_2015_1.csv,Türkiye,180,180,720,0,0,0,0,0
Myd2_Day_2015_10.csv,China,1441,1441,5764,0,0,0,0,0
Myd2_Day_2015_10.csv,Türkiye,180,180,720,0,0,0,0,0
Myd2_Day_2015_11.csv,China,1441,1441,5764,1,0,0,1,0
Myd2_Day_2015_11.csv,Türkiye,180,180,720,0,0,0,0,0
Myd2_Day_2015_12.csv,China,1441,1441,5764,0,0,0,0,0
Myd2_Day_2015_12.csv,Türkiye,180,180,720,0,0,0,0,0
Myd2_Day_2015_2.csv,China,1441,1441,5764,0,0,0,0,0
Myd2_Day_2015_2.csv,Türkiye,180,180,720,0,0,0,0,0
Myd2_Day_2015_21.csv,China,1441,1441,5764,0,0,0,0,0
Myd2_Day_2015_21.csv,Türkiye,180,180,720,0,0,0,0,0
Myd2_Day_2015_22.csv,China,1441,1441,5764,0,0,0,0,0
Myd2_Day_2015_22.csv,Türkiye,180,180,720,0,0,0,0,0
Myd2_Day_2015_23.csv,China,1441,1441,5764,0,0,0,0,0
Myd2_Day_2015_23.csv,Türkiye,180,180,720,0,0,0,0,0
Myd2_Day_2015_24.csv,China,1441,1441,5764,0,0,0,0,0
Myd2_Day_2015_24.csv,Türkiye,180,180,720,0,0,0,0,0
Myd2_Day_2015_3.csv,China,1441,1441,5764,12,3,3,3,3
Myd2_Day_2015_3.csv,Türkiye,180,180,720,0,0,0,0,0
Myd2_Day_2015_30.csv,China,1441,1441,5764,0,0,0,0,0
Myd2_Day_2015_30.csv,Türkiye,180,180,720,0,0,0,0,0
Myd2_Day_2015_4.csv,China,1441,1441,5764,0,0,0,0,0
Myd2_Day_2015_4.csv,Türkiye,180,180,720,0,0,0,0,0
Myd2_Day_2015_5.csv,China,1441,1441,5764,20,5,5,5,5
Myd2_Day_2015_5.csv,Türkiye,180,180,720,0,0,0,0,0
Myd2_Day_2015_6.csv,China,1441,1441,5764,20,5,5,5,5
Myd2_Day_2015_6.csv,Türkiye,180,180,720,0,0,0,0,0
Myd2_Day_2015_7.csv,China,1441,1441,5764,16,4,4,4,4
Myd2_Day_2015_7.csv,Türkiye,180,180,720,0,0,0,0,0
Myd2_Day_2015_8.csv,China,1441,1441,5764,0,0,0,0,0
Myd2_Day_2015_8.csv,Türkiye,180,180,720,0,0,0,0,0
Myd2_Day_2015_9.csv,China,1441,1441,5764,1,0,0,1,0
Myd2_Day_2015_9.csv,Türkiye,180,180,720,0,0,0,0,0
Myd2_Day_2016_1.csv,China,1441,1441,5764,7,2,2,1,2
Myd2_Day_2016_1.csv,Türkiye,180,180,720,0,0,0,0,0
Myd2_Day_2016_10.csv,China,1441,1441,5764,20,5,5,5,5
Myd2_Day_2016_10.csv,Türkiye,180,180,720,0,0,0,0,0
Myd2_Day_2016_11.csv,China,1441,1441,5764,4,1,1,1,1
Myd2_Day_2016_11.csv,Türkiye,180,180,720,0,0,0,0,0
Myd2_Day_2016_12.csv,China,1441,1441,5764,1,0,0,1,0
Myd2_Day_2016_12.csv,Türkiye,180,180,720,0,0,0,0,0
Myd2_Day_2016_2.csv,China,1441,1441,5764,0,0,0,0,0
Myd2_Day_2016_2.csv,Türkiye,180,180,720,0,0,0,0,0
Myd2_Day_2016_21.csv,China,1441,1441,5764,0,0,0,0,0
Myd2_Day_2016_21.csv,Türkiye,180,180,720,0,0,0,0,0
Myd2_Day_2016_22.csv,China,1441,1441,5764,0,0,0,0,0
Myd2_Day_2016_22.csv,Türkiye,180,180,720,0,0,0,0,0
Myd2_Day_2016_23.csv,China,1441,1441,5764,0,0,0,0,0
Myd2_Day_2016_23.csv,Türkiye,180,180,720,0,0,0,0,0
Myd2_Day_2016_24.csv,China,1441,1441,5764,0,0,0,0,0
Myd2_Day_2016_24.csv,Türkiye,180,180,720,0,0,0,0,0
Myd2_Day_2016_3.csv,China,1441,1441,5764,4,1,1,1,1
Myd2_Day_2016_3.csv,Türkiye,180,180,720,0,0,0,0,0
Myd2_Day_2016_30.csv,China,1441,1441,5764,0,0,0,0,0
Myd2_Day_2016_30.csv,Türkiye,180,180,720,0,0,0,0,0
Myd2_Day_2016_4.csv,China,1441,1441,5764,16,4,4,4,4
Myd2_Day_2016_4.csv,Türkiye,180,180,720,0,0,0,0,0
Myd2_Day_2016_5.csv,China,1441,1441,5764,4,1,1,1,1
Myd2_Day_2016_5.csv,Türkiye,180,180,720,0,0,0,0,0
Myd2_Day_2016_6.csv,China,1441,1441,5764,0,0,0,0,0
Myd2_Day_2016_6.csv,Türkiye,180,180,720,0,0,0,0,0
Myd2_Day_2016_7.csv,China,1441,1441,5764,0,0,0,0,0
Myd2_Day_2016_7.csv,Türkiye,180,180,720,0,0,0,0,0
Myd2_Day_2016_8.csv,China,1441,1441,5764,4,1,1,1,1
Myd2_Day_2016_8.csv,Türkiye,180,180,720,0,0,0,0,0
Myd2_Day_2016_9.csv,China,1441,1441,5764,0,0,0,0,0
Myd2_Day_2016_9.csv,Türkiye,180,180,720,0,0,0,0,0
Myd2_Day_2017_1.csv,China,1441,1441,5764,8,2,2,2,2
Myd2_Day_2017_1.csv,Türkiye,180,180,720,0,0,0,0,0
Myd2_Day_2017_10.csv,China,1441,1441,5764,43,8,11,11,13
Myd2_Day_2017_10.csv,Türkiye,180,180,720,0,0,0,0,0
Myd2_Day_2017_11.csv,China,1441,1441,5764,0,0,0,0,0
Myd2_Day_2017_11.csv,Türkiye,180,180,720,0,0,0,0,0
Myd2_Day_2017_12.csv,China,1441,1441,5764,4,1,1,1,1
Myd2_Day_2017_12.csv,Türkiye,180,180,720,0,0,0,0,0
Myd2_Day_2017_2.csv,China,1441,1441,5764,0,0,0,0,0
Myd2_Day_2017_2.csv,Türkiye,180,180,720,0,0,0,0,0
Myd2_Day_2017_21.csv,China,1441,1441,5764,0,0,0,0,0
Myd2_Day_2017_21.csv,Türkiye,180,180,720,0,0,0,0,0
Myd2_Day_2017_22.csv,China,1441,1441,5764,0,0,0,0,0
Myd2_Day_2017_22.csv,Türkiye,180,180,720,0,0,0,0,0
Myd2_Day_2017_23.csv,China,1441,1441,5764,0,0,0,0,0
Myd2_Day_2017_23.csv,Türkiye,180,180,720,0,0,0,0,0
Myd2_Day_2017_24.csv,China,1441,1441,5764,0,0,0,0,0
Myd2_Day_2017_24.csv,Türkiye,180,180,720,0,0,0,0,0
Myd2_Day_2017_3.csv,China,1441,1441,5764,0,0,0,0,0
Myd2_Day_2017_3.csv,Türkiye,180,180,720,0,0,0,0,0
Myd2_Day_2017_30.csv,China,1441,1441,5764,0,0,0,0,0
Myd2_Day_2017_30.csv,Türkiye,180,180,720,0,0,0,0,0
Myd2_Day_2017_4.csv,China,1441,1441,5764,0,0,0,0,0
Myd2_Day_2017_4.csv,Türkiye,180,180,720,0,0,0,0,0
Myd2_Day_2017_5.csv,China,1441,1441,5764,0,0,0,0,0
Myd2_Day_2017_5.csv,Türkiye,180,180,720,0,0,0,0,0
Myd2_Day_2017_6.csv,China,1441,1441,5764,141,35,35,35,36
Myd2_Day_2017_6.csv,Türkiye,180,180,720,0,0,0,0,0
Myd2_Day_2017_7.csv,China,1441,1441,5764,4,1,1,1,1
Myd2_Day_2017_7.csv,Türkiye,180,180,720,0,0,0,0,0
Myd2_Day_2017_8.csv,China,1441,1441,5764,0,0,0,0,0
Myd2_Day_2017_8.csv,Türkiye,180,180,720,0,0,0,0,0
Myd2_Day_2017_9.csv,China,1441,1441,5764,0,0,0,0,0
Myd2_Day_2017_9.csv,Türkiye,180,180,720,0,0,0,0,0
Myd2_Day_2018_1.csv,China,1441,1441,5764,16,4,4,4,4
Myd2_Day_2018_1.csv,Türkiye,180,180,720,0,0,0,0,0
Myd2_Day_2018_10.csv,China,1441,1441,5764,0,0,0,0,0
Myd2_Day_2018_10.csv,Türkiye,180,180,720,0,0,0,0,0
Myd2_Day_2018_11.csv,China,1441,1441,5764,0,0,0,0,0
Myd2_Day_2018_11.csv,Türkiye,180,180,720,0,0,0,0,0
Myd2_Day_2018_12.csv,China,1441,1441,5764,8,2,2,2,2
Myd2_Day_2018_12.csv,Türkiye,180,180,720,0,0,0,0,0
Myd2_Day_2018_2.csv,China,1441,1441,5764,0,0,0,0,0
Myd2_Day_2018_2.csv,Türkiye,180,180,720,0,0,0,0,0
Myd2_Day_2018_21.csv,China,1441,1441,5764,0,0,0,0,0
Myd2_Day_2018_21.csv,Türkiye,180,180,720,0,0,0,0,0
Myd2_Day_2018_22.csv,China,1441,1441,5764,0,0,0,0,0
Myd2_Day_2018_22.csv,Türkiye,180,180,720,0,0,0,0,0
Myd2_Day_2018_23.csv,China,1441,1441,5764,0,0,0,0,0
Myd2_Day_2018_23.csv,Türkiye,180,180,720,0,0,0,0,0
Myd2_Day_2018_24.csv,China,1441,1441,5764,0,0,0,0,0
Myd2_Day_2018_24.csv,Türkiye,180,180,720,0,0,0,0,0
Myd2_Day_2018_3.csv,China,1441,1441,5764,0,0,0,0,0
Myd2_Day_2018_3.csv,Türkiye,180,180,720,0,0,0,0,0
Myd2_Day_2018_30.csv,China,1441,1441,5764,0,0,0,0,0
Myd2_Day_2018_30.csv,Türkiye,180,180,720,0,0,0,0,0
Myd2_Day_2018_4.csv,China,1441,1441,5764,0,0,0,0,0
Myd2_Day_2018_4.csv,Türkiye,180,180,720,0,0,0,0,0
Myd2_Day_2018_5.csv,China,1441,1441,5764,0,0,0,0,0
Myd2_Day_2018_5.csv,Türkiye,180,180,720,0,0,0,0,0
Myd2_Day_2018_6.csv,China,1441,1441,5764,16,4,4,4,4
Myd2_Day_2018_6.csv,Türkiye,180,180,720,0,0,0,0,0
Myd2_Day_2018_7.csv,China,1441,1441,5764,5,1,1,1,2
Myd2_Day_2018_7.csv,Türkiye,180,180,720,0,0,0,0,0
Myd2_Day_2018_8.csv,China,1441,1441,5764,4,1,1,1,1
Myd2_Day_2018_8.csv,Türkiye,180,180,720,0,0,0,0,0
Myd2_Day_2018_9.csv,China,1441,1441,5764,29,7,8,7,7
Myd2_Day_2018_9.csv,Türkiye,180,180,720,0,0,0,0,0
Myd2_Day_2019_1.csv,China,1441,1441,5764,23,5,6,5,7
Myd2_Day_2019_1.csv,Türkiye,180,180,720,0,0,0,0,0
Myd2_Day_2019_10.csv,China,1441,1441,5764,0,0,0,0,0
Myd2_Day_2019_10.csv,Türkiye,180,180,720,0,0,0,0,0
Myd2_Day_2019_11.csv,China,1441,1441,5764,0,0,0,0,0
Myd2_Day_2019_11.csv,Türkiye,180,180,720,0,0,0,0,0
Myd2_Day_2019_12.csv,China,1441,1441,5764,4,1,1,1,1
Myd2_Day_2019_12.csv,Türkiye,180,180,720,0,0,0,0,0
Myd2_Day_2019_2.csv,China,1441,1441,5764,80,20,20,20,20
Myd2_Day_2019_2.csv,Türkiye,180,180,720,0,0,0,0,0
Myd2_Day_2019_21.csv,China,1441,1441,5764,0,0,0,0,0
Myd2_Day_2019_21.csv,Türkiye,180,180,720,0,0,0,0,0
Myd2_Day_2019_22.csv,China,1441,1441,5764,0,0,0,0,0
Myd2_Day_2019_22.csv,Türkiye,180,180,720,0,0,0,0,0
Myd2_Day_2019_23.csv,China,1441,1441,5764,0,0,0,0,0
Myd2_Day_2019_23.csv,Türkiye,180,180,720,0,0,0,0,0
Myd2_Day_2019_24.csv,China,1441,1441,5764,0,0,0,0,0
Myd2_Day_2019_24.csv,Türkiye,180,180,720,0,0,0,0,0
Myd2_Day_2019_3.csv,China,1441,1441,5764,0,0,0,0,0
Myd2_Day_2019_3.csv,Türkiye,180,180,720,0,0,0,0,0
Myd2_Day_2019_30.csv,China,1441,1441,5764,0,0,0,0,0
Myd2_Day_2019_30.csv,Türkiye,180,180,720,0,0,0,0,0
Myd2_Day_2019_4.csv,China,1441,1441,5764,4,1,1,1,1
Myd2_Day_2019_4.csv,Türkiye,180,180,720,0,0,0,0,0
Myd2_Day_2019_5.csv,China,1441,1441,5764,2,0,1,1,0
Myd2_Day_2019_5.csv,Türkiye,180,180,720,0,0,0,0,0
Myd2_Day_2019_6.csv,China,1441,1441,5764,16,4,4,4,4
Myd2_Day_2019_6.csv,Türkiye,180,180,720,0,0,0,0,0
Myd2_Day_2019_7.csv,China,1441,1441,5764,28,7,7,7,7
Myd2_Day_2019_7.csv,Türkiye,180,180,720,0,0,0,0,0
Myd2_Day_2019_8.csv,China,1441,1441,5764,0,0,0,0,0
Myd2_Day_2019_8.csv,Türkiye,180,180,720,0,0,0,0,0
Myd2_Day_2019_9.csv,China,1441,1441,5764,0,0,0,0,0
Myd2_Day_2019_9.csv,Türkiye,180,180,720,0,0,0,0,0
Myd2_Day_2020_1.csv,China,1441,1441,5764,4,1,1,1,1
Myd2_Day_2020_1.csv,Türkiye,180,180,720,0,0,0,0,0
Myd2_Day_2020_10.csv,China,1441,1441,5764,0,0,0,0,0
Myd2_Day_2020_10.csv,Türkiye,180,180,720,0,0,0,0,0
Myd2_Day_2020_11.csv,China,1441,1441,5764,4,1,1,1,1
Myd2_Day_2020_11.csv,Türkiye,180,180,720,0,0,0,0,0
Myd2_Day_2020_12.csv,China,1441,1441,5764,8,2,2,2,2
Myd2_Day_2020_12.csv,Türkiye,180,180,720,0,0,0,0,0
Myd2_Day_2020_2.csv,China,1441,1441,5764,0,0,0,0,0
Myd2_Day_2020_2.csv,Türkiye,180,180,720,0,0,0,0,0
Myd2_Day_2020_21.csv,China,1441,1441,5764,0,0,0,0,0
Myd2_Day_2020_21.csv,Türkiye,180,180,720,0,0,0,0,0
Myd2_Day_2020_22.csv,China,1441,1441,5764,0,0,0,0,0
Myd2_Day_2020_22.csv,Türkiye,180,180,720,0,0,0,0,0
Myd2_Day_2020_23.csv,China,1441,1441,5764,0,0,0,0,0
Myd2_Day_2020_23.csv,Türkiye,180,180,720,0,0,0,0,0
Myd2_Day_2020_24.csv,China,1441,1441,5764,0,0,0,0,0
Myd2_Day_2020_24.csv,Türkiye,180,180,720,0,0,0,0,0
Myd2_Day_2020_3.csv,China,1441,1441,5764,8,2,2,2,2
Myd2_Day_2020_3.csv,Türkiye,180,180,720,0,0,0,0,0
Myd2_Day_2020_30.csv,China,1441,1441,5764,0,0,0,0,0
Myd2_Day_2020_30.csv,Türkiye,180,180,720,0,0,0,0,0
Myd2_Day_2020_4.csv,China,1441,1441,5764,0,0,0,0,0
Myd2_Day_2020_4.csv,Türkiye,180,180,720,0,0,0,0,0
Myd2_Day_2020_5.csv,China,1441,1441,5764,30,7,8,7,8
Myd2_Day_2020_5.csv,Türkiye,180,180,720,0,0,0,0,0
Myd2_Day_2020_6.csv,China,1441,1441,5764,81,19,20,22,20
Myd2_Day_2020_6.csv,Türkiye,180,180,720,0,0,0,0,0
Myd2_Day_2020_7.csv,China,1441,1441,5764,0,0,0,0,0
Myd2_Day_2020_7.csv,Türkiye,180,180,720,0,0,0,0,0
Myd2_Day_2020_8.csv,China,1441,1441,5764,89,22,22,23,22
Myd2_Day_2020_8.csv,Türkiye,180,180,720,0,0,0,0,0
Myd2_Day_2020_9.csv,China,1441,1441,5764,66,16,16,17,17
Myd2_Day_2020_9.csv,Türkiye,180,180,720,0,0,0,0,0
Myd2_Day_2021_1.csv,China,1441,1441,5764,16,4,4,4,4
Myd2_Day_2021_1.csv,Türkiye,180,180,720,0,0,0,0,0
Myd2_Day_2021_10.csv,China,1441,1441,5764,114,27,28,28,31
Myd2_Day_2021_10.csv,Türkiye,180,180,720,0,0,0,0,0
Myd2_Day_2021_11.csv,China,1441,1441,5764,0,0,0,0,0
Myd2_Day_2021_11.csv,Türkiye,180,180,720,0,0,0,0,0
Myd2_Day_2021_12.csv,China,1441,1441,5764,8,2,2,2,2
Myd2_Day_2021_12.csv,Türkiye,180,180,720,0,0,0,0,0
Myd2_Day_2021_2.csv,China,1441,1441,5764,0,0,0,0,0
Myd2_Day_2021_2.csv,Türkiye,180,180,720,0,0,0,0,0
Myd2_Day_2021_21.csv,China,1441,1441,5764,0,0,0,0,0
Myd2_Day_2021_21.csv,Türkiye,180,180,720,0,0,0,0,0
Myd2_Day_2021_22.csv,China,1441,1441,5764,0,0,0,0,0
Myd2_Day_2021_22.csv,Türkiye,180,180,720,0,0,0,0,0
Myd2_Day_2021_23.csv,China,1441,1441,5764,0,0,0,0,0
Myd2_Day_2021_23.csv,Türkiye,180,180,720,0,0,0,0,0
Myd2_Day_2021_24.csv,China,1441,1441,5764,0,0,0,0,0
Myd2_Day_2021_24.csv,Türkiye,180,180,720,0,0,0,0,0
Myd2_Day_2021_3.csv,China,1441,1441,5764,5,1,1,1,2
Myd2_Day_2021_3.csv,Türkiye,180,180,720,0,0,0,0,0
Myd2_Day_2021_30.csv,China,1441,1441,5764,0,0,0,0,0
Myd2_Day_2021_30.csv,Türkiye,180,180,720,0,0,0,0,0
Myd2_Day_2021_4.csv,China,1441,1441,5764,28,7,7,7,7
Myd2_Day_2021_4.csv,Türkiye,180,180,720,0,0,0,0,0
Myd2_Day_2021_5.csv,China,1441,1441,5764,9,2,2,2,3
Myd2_Day_2021_5.csv,Türkiye,180,180,720,0,0,0,0,0
Myd2_Day_2021_6.csv,China,1441,1441,5764,8,2,2,2,2
Myd2_Day_2021_6.csv,Türkiye,180,180,720,0,0,0,0,0
Myd2_Day_2021_7.csv,China,1441,1441,5764,0,0,0,0,0
Myd2_Day_2021_7.csv,Türkiye,180,180,720,0,0,0,0,0
Myd2_Day_2021_8.csv,China,1441,1441,5764,0,0,0,0,0
Myd2_Day_2021_8.csv,Türkiye,180,180,720,0,0,0,0,0
Myd2_Day_2021_9.csv,China,1441,1441,5764,0,0,0,0,0
Myd2_Day_2021_9.csv,Türkiye,180,180,720,0,0,0,0,0
Myd2_Nig_2003_1.csv,China,1441,1441,5764,0,0,0,0,0
Myd2_Nig_2003_1.csv,Türkiye,180,180,720,0,0,0,0,0
Myd2_Nig_2003_10.csv,China,1441,1441,5764,0,0,0,0,0
Myd2_Nig_2003_10.csv,Türkiye,180,180,720,0,0,0,0,0
Myd2_Nig_2003_11.csv,China,1441,1441,5764,0,0,0,0,0
Myd2_Nig_2003_11.csv,Türkiye,180,180,720,0,0,0,0,0
Myd2_Nig_2003_12.csv,China,1441,1441,5764,2,1,0,1,0
Myd2_Nig_2003_12.csv,Türkiye,180,180,720,0,0,0,0,0
Myd2_Nig_2003_2.csv,China,1441,1441,5764,0,0,0,0,0
Myd2_Nig_2003_2.csv,Türkiye,180,180,720,1,1,0,0,0
Myd2_Nig_2003_21.csv,China,1441,1441,5764,0,0,0,0,0
Myd2_Nig_2003_21.csv,Türkiye,180,180,720,0,0,0,0,0
Myd2_Nig_2003_22.csv,China,1441,1441,5764,0,0,0,0,0
Myd2_Nig_2003_22.csv,Türkiye,180,180,720,0,0,0,0,0
Myd2_Nig_2003_23.csv,China,1441,1441,5764,0,0,0,0,0
Myd2_Nig_2003_23.csv,Türkiye,180,180,720,0,0,0,0,0
Myd2_Nig_2003_24.csv,China,1441,1441,5764,0,0,0,0,0
Myd2_Nig_2003_24.csv,Türkiye,180,180,720,0,0,0,0,0
Myd2_Nig_2003_3.csv,China,1441,1441,5764,0,0,0,0,0
Myd2_Nig_2003_3.csv,Türkiye,180,180,720,0,0,0,0,0
Myd2_Nig_2003_30.csv,China,1441,1441,5764,0,0,0,0,0
Myd2_Nig_2003_30.csv,Türkiye,180,180,720,0,0,0,0,0
Myd2_Nig_2003_4.csv,China,1441,1441,5764,0,0,0,0,0
Myd2_Nig_2003_4.csv,Türkiye,180,180,720,0,0,0,0,0
Myd2_Nig_2003_5.csv,China,1441,1441,5764,16,4,4,4,4
Myd2_Nig_2003_5.csv,Türkiye,180,180,720,0,0,0,0,0
Myd2_Nig_2003_6.csv,China,1441,1441,5764,4,1,1,1,1
Myd2_Nig_2003_6.csv,Türkiye,180,180,720,0,0,0,0,0
Myd2_Nig_2003_7.csv,China,1441,1441,5764,0,0,0,0,0
Myd2_Nig_2003_7.csv,Türkiye,180,180,720,0,0,0,0,0
Myd2_Nig_2003_8.csv,China,1441,1441,5764,16,4,4,4,4
Myd2_Nig_2003_8.csv,Türkiye,180,180,720,0,0,0,0,0
Myd2_Nig_2003_9.csv,China,1441,1441,5764,0,0,0,0,0
Myd2_Nig_2003_9.csv,Türkiye,180,180,720,0,0,0,0,0
Myd2_Nig_2004_1.csv,China,1441,1441,5764,12,3,3,3,3
Myd2_Nig_2004_1.csv,Türkiye,180,180,720,0,0,0,0,0
Myd2_Nig_2004_10.csv,China,1441,1441,5764,0,0,0,0,0
Myd2_Nig_2004_10.csv,Türkiye,180,180,720,0,0,0,0,0
Myd2_Nig_2004_11.csv,China,1441,1441,5764,0,0,0,0,0
Myd2_Nig_2004_11.csv,Türkiye,180,180,720,0,0,0,0,0
Myd2_Nig_2004_12.csv,China,1441,1441,5764,0,0,0,0,0
Myd2_Nig_2004_12.csv,Türkiye,180,180,720,0,0,0,0,0
Myd2_Nig_2004_2.csv,China,1441,1441,5764,0,0,0,0,0
Myd2_Nig_2004_2.csv,Türkiye,180,180,720,0,0,0,0,0
Myd2_Nig_2004_21.csv,China,1441,1441,5764,0,0,0,0,0
Myd2_Nig_2004_21.csv,Türkiye,180,180,720,0,0,0,0,0
Myd2_Nig_2004_22.csv,China,1441,1441,5764,0,0,0,0,0
Myd2_Nig_2004_22.csv,Türkiye,180,180,720,0,0,0,0,0
Myd2_Nig_2004_23.csv,China,1441,1441,5764,0,0,0,0,0
Myd2_Nig_2004_23.csv,Türkiye,180,180,720,0,0,0,0,0
Myd2_Nig_2004_24.csv,China,1441,1441,5764,0,0,0,0,0
Myd2_Nig_2004_24.csv,Türkiye,180,180,720,0,0,0,0,0
Myd2_Nig_2004_3.csv,China,1441,1441,5764,0,0,0,0,0
Myd2_Nig_2004_3.csv,Türkiye,180,180,720,0,0,0,0,0
Myd2_Nig_2004_30.csv,China,1441,1441,5764,0,0,0,0,0
Myd2_Nig_2004_30.csv,Türkiye,180,180,720,0,0,0,0,0
Myd2_Nig_2004_4.csv,China,1441,1441,5764,0,0,0,0,0
Myd2_Nig_2004_4.csv,Türkiye,180,180,720,0,0,0,0,0
Myd2_Nig_2004_5.csv,China,1441,1441,5764,0,0,0,0,0
Myd2_Nig_2004_5.csv,Türkiye,180,180,720,0,0,0,0,0
Myd2_Nig_2004_6.csv,China,1441,1441,5764,4,1,1,1,1
Myd2_Nig_2004_6.csv,Türkiye,180,180,720,0,0,0,0,0
Myd2_Nig_2004_7.csv,China,1441,1441,5764,0,0,0,0,0
Myd2_Nig_2004_7.csv,Türkiye,180,180,720,0,0,0,0,0
Myd2_Nig_2004_8.csv,China,1441,1441,5764,0,0,0,0,0
Myd2_Nig_2004_8.csv,Türkiye,180,180,720,0,0,0,0,0
Myd2_Nig_2004_9.csv,China,1441,1441,5764,2,0,1,0,1
Myd2_Nig_2004_9.csv,Türkiye,180,180,720,0,0,0,0,0
Myd2_Nig_2005_1.csv,China,1441,1441,5764,4,1,1,1,1
Myd2_Nig_2005_1.csv,Türkiye,180,180,720,0,0,0,0,0
Myd2_Nig_2005_10.csv,China,1441,1441,5764,16,4,4,4,4
Myd2_Nig_2005_10.csv,Türkiye,180,180,720,0,0,0,0,0
Myd2_Nig_2005_11.csv,China,1441,1441,5764,0,0,0,0,0
Myd2_Nig_2005_11.csv,Türkiye,180,180,720,0,0,0,0,0
Myd2_Nig_2005_12.csv,China,1441,1441,5764,20,5,5,5,5
Myd2_Nig_2005_12.csv,Türkiye,180,180,720,0,0,0,0,0
Myd2_Nig_2005_2.csv,China,1441,1441,5764,4,1,1,1,1
Myd2_Nig_2005_2.csv,Türkiye,180,180,720,0,0,0,0,0
Myd2_Nig_2005_21.csv,China,1441,1441,5764,0,0,0,0,0
Myd2_Nig_2005_21.csv,Türkiye,180,180,720,0,0,0,0,0
Myd2_Nig_2005_22.csv,China,1441,1441,5764,0,0,0,0,0
Myd2_Nig_2005_22.csv,Türkiye,180,180,720,0,0,0,0,0
Myd2_Nig_2005_23.csv,China,1441,1441,5764,0,0,0,0,0
Myd2_Nig_2005_23.csv,Türkiye,180,180,720,0,0,0,0,0
Myd2_Nig_2005_24.csv,China,1441,1441,5764,0,0,0,0,0
Myd2_Nig_2005_24.csv,Türkiye,180,180,720,0,0,0,0,0
Myd2_Nig_2005_3.csv,China,1441,1441,5764,8,2,2,2,2
Myd2_Nig_2005_3.csv,Türkiye,180,180,720,0,0,0,0,0
Myd2_Nig_2005_30.csv,China,1441,1441,5764,0,0,0,0,0
Myd2_Nig_2005_30.csv,Türkiye,180,180,720,0,0,0,0,0
Myd2_Nig_2005_4.csv,China,1441,1441,5764,0,0,0,0,0
Myd2_Nig_2005_4.csv,Türkiye,180,180,720,0,0,0,0,0
Myd2_Nig_2005_5.csv,China,1441,1441,5764,30,7,8,7,8
Myd2_Nig_2005_5.csv,Türkiye,180,180,720,0,0,0,0,0
Myd2_Nig_2005_6.csv,China,1441,1441,5764,52,13,13,13,13
Myd2_Nig_2005_6.csv,Türkiye,180,180,720,0,0,0,0,0
Myd2_Nig_2005_7.csv,China,1441,1441,5764,0,0,0,0,0
Myd2_Nig_2005_7.csv,Türkiye,180,180,720,0,0,0,0,0
Myd2_Nig_2005_8.csv,China,1441,1441,5764,0,0,0,0,0
Myd2_Nig_2005_8.csv,Türkiye,180,180,720,0,0,0,0,0
Myd2_Nig_2005_9.csv,China,1441,1441,5764,0,0,0,0,0
Myd2_Nig_2005_9.csv,Türkiye,180,180,720,0,0,0,0,0
Myd2_Nig_2006_1.csv,China,1441,1441,5764,0,0,0,0,0
Myd2_Nig_2006_1.csv,Türkiye,180,180,720,0,0,0,0,0
Myd2_Nig_2006_10.csv,China,1441,1441,5764,4,1,1,1,1
Myd2_Nig_2006_10.csv,Türkiye,180,180,720,0,0,0,0,0
Myd2_Nig_2006_11.csv,China,1441,1441,5764,0,0,0,0,0
Myd2_Nig_2006_11.csv,Türkiye,180,180,720,0,0,0,0,0
Myd2_Nig_2006_12.csv,China,1441,1441,5764,0,0,0,0,0
Myd2_Nig_2006_12.csv,Türkiye,180,180,720,0,0,0,0,0
Myd2_Nig_2006_2.csv,China,1441,1441,5764,0,0,0,0,0
Myd2_Nig_2006_2.csv,Türkiye,180,180,720,0,0,0,0,0
Myd2_Nig_2006_21.csv,China,1441,1441,5764,0,0,0,0,0
Myd2_Nig_2006_21.csv,Türkiye,180,180,720,0,0,0,0,0
Myd2_Nig_2006_22.csv,China,1441,1441,5764,0,0,0,0,0
Myd2_Nig_2006_22.csv,Türkiye,180,180,720,0,0,0,0,0
Myd2_Nig_2006_23.csv,China,1441,1441,5764,0,0,0,0,0
Myd2_Nig_2006_23.csv,Türkiye,180,180,720,0,0,0,0,0
Myd2_Nig_2006_24.csv,China,1441,1441,5764,0,0,0,0,0
Myd2_Nig_2006_24.csv,Türkiye,180,180,720,0,0,0,0,0
Myd2_Nig_2006_3.csv,China,1441,1441,5764,0,0,0,0,0
Myd2_Nig_2006_3.csv,Türkiye,180,180,720,0,0,0,0,0
Myd2_Nig_2006_30.csv,China,1441,1441,5764,0,0,0,0,0
Myd2_Nig_2006_30.csv,Türkiye,180,180,720,0,0,0,0,0
Myd2_Nig_2006_4.csv,China,1441,1441,5764,0,0,0,0,0
Myd2_Nig_2006_4.csv,Türkiye,180,180,720,0,0,0,0,0
Myd2_Nig_2006_5.csv,China,1441,1441,5764,0,0,0,0,0
Myd2_Nig_2006_5.csv,Türkiye,180,180,720,0,0,0,0,0
Myd2_Nig_2006_6.csv,China,1441,1441,5764,4,1,1,1,1
Myd2_Nig_2006_6.csv,Türkiye,180,180,720,0,0,0,0,0
Myd2_Nig_2006_7.csv,China,1441,1441,5764,0,0,0,0,0
Myd2_Nig_2006_7.csv,Türkiye,180,180,720,0,0,0,0,0
Myd2_Nig_2006_8.csv,China,1441,1441,5764,0,0,0,0,0
Myd2_Nig_2006_8.csv,Türkiye,180,180,720,0,0,0,0,0
Myd2_Nig_2006_9.csv,China,1441,1441,5764,14,3,3,4,4
Myd2_Nig_2006_9.csv,Türkiye,180,180,720,0,0,0,0,0
Myd2_Nig_2007_1.csv,China,1441,1441,5764,0,0,0,0,0
Myd2_Nig_2007_1.csv,Türkiye,180,180,720,0,0,0,0,0
Myd2_Nig_2007_10.csv,China,1441,1441,5764,102,24,27,24,27
Myd2_Nig_2007_10.csv,Türkiye,180,180,720,0,0,0,0,0
Myd2_Nig_2007_11.csv,China,1441,1441,5764,0,0,0,0,0
Myd2_Nig_2007_11.csv,Türkiye,180,180,720,0,0,0,0,0
Myd2_Nig_2007_12.csv,China,1441,1441,5764,16,4,4,4,4
Myd2_Nig_2007_12.csv,Türkiye,180,180,720,0,0,0,0,0
Myd2_Nig_2007_2.csv,China,1441,1441,5764,0,0,0,0,0
Myd2_Nig_2007_2.csv,Türkiye,180,180,720,0,0,0,0,0
Myd2_Nig_2007_21.csv,China,1441,1441,5764,0,0,0,0,0
Myd2_Nig_2007_21.csv,Türkiye,180,180,720,0,0,0,0,0
Myd2_Nig_2007_22.csv,China,1441,1441,5764,0,0,0,0,0
Myd2_Nig_2007_22.csv,Türkiye,180,180,720,0,0,0,0,0
Myd2_Nig_2007_23.csv,China,1441,1441,5764,0,0,0,0,0
Myd2_Nig_2007_23.csv,Türkiye,180,180,720,0,0,0,0,0
Myd2_Nig_2007_24.csv,China,1441,1441,5764,0,0,0,0,0
Myd2_Nig_2007_24.csv,Türkiye,180,180,720,0,0,0,0,0
Myd2_Nig_2007_3.csv,China,1441,1441,5764,4,1,1,1,1
Myd2_Nig_2007_3.csv,Türkiye,180,180,720,0,0,0,0,0
Myd2_Nig_2007_30.csv,China,1441,1441,5764,0,0,0,0,0
Myd2_Nig_2007_30.csv,Türkiye,180,180,720,0,0,0,0,0
Myd2_Nig_2007_4.csv,China,1441,1441,5764,0,0,0,0,0
Myd2_Nig_2007_4.csv,Türkiye,180,180,720,0,0,0,0,0
Myd2_Nig_2007_5.csv,China,1441,1441,5764,0,0,0,0,0
Myd2_Nig_2007_5.csv,Türkiye,180,180,720,0,0,0,0,0
Myd2_Nig_2007_6.csv,China,1441,1441,5764,5,1,1,1,2
Myd2_Nig_2007_6.csv,Türkiye,180,180,720,0,0,0,0,0
Myd2_Nig_2007_7.csv,China,1441,1441,5764,8,2,2,2,2
Myd2_Nig_2007_7.csv,Türkiye,180,180,720,0,0,0,0,0
Myd2_Nig_2007_8.csv,China,1441,1441,5764,0,0,0,0,0
Myd2_Nig_2007_8.csv,Türkiye,180,180,720,0,0,0,0,0
Myd2_Nig_2007_9.csv,China,1441,1441,5764,0,0,0,0,0
Myd2_Nig_2007_9.csv,Türkiye,180,180,720,0,0,0,0,0
Myd2_Nig_2008_1.csv,China,1441,1441,5764,0,0,0,0,0
Myd2_Nig_2008_1.csv,Türkiye,180,180,720,0,0,0,0,0
Myd2_Nig_2008_10.csv,China,1441,1441,5764,0,0,0,0,0
Myd2_Nig_2008_10.csv,Türkiye,180,180,720,0,0,0,0,0
Myd2_Nig_2008_11.csv,China,1441,1441,5764,0,0,0,0,0
Myd2_Nig_2008_11.csv,Türkiye,180,180,720,0,0,0,0,0
Myd2_Nig_2008_12.csv,China,1441,1441,5764,0,0,0,0,0
Myd2_Nig_2008_12.csv,Türkiye,180,180,720,0,0,0,0,0
Myd2_Nig_2008_2.csv,China,1441,1441,5764,0,0,0,0,0
Myd2_Nig_2008_2.csv,Türkiye,180,180,720,0,0,0,0,0
Myd2_Nig_2008_21.csv,China,1441,1441,5764,0,0,0,0,0
Myd2_Nig_2008_21.csv,Türkiye,180,180,720,0,0,0,0,0
Myd2_Nig_2008_22.csv,China,1441,1441,5764,0,0,0,0,0
Myd2_Nig_2008_22.csv,Türkiye,180,180,720,0,0,0,0,0
Myd2_Nig_2008_23.csv,China,1441,1441,5764,0,0,0,0,0
Myd2_Nig_2008_23.csv,Türkiye,180,180,720,0,0,0,0,0
Myd2_Nig_2008_24.csv,China,1441,1441,5764,0,0,0,0,0
Myd2_Nig_2008_24.csv,Türkiye,180,180,720,0,0,0,0,0
Myd2_Nig_2008_3.csv,China,1441,1441,5764,0,0,0,0,0
Myd2_Nig_2008_3.csv,Türkiye,180,180,720,0,0,0,0,0
Myd2_Nig_2008_30.csv,China,1441,1441,5764,0,0,0,0,0
Myd2_Nig_2008_30.csv,Türkiye,180,180,720,0,0,0,0,0
Myd2_Nig_2008_4.csv,China,1441,1441,5764,0,0,0,0,0
Myd2_Nig_2008_4.csv,Türkiye,180,180,720,0,0,0,0,0
Myd2_Nig_2008_5.csv,China,1441,1441,5764,4,1,1,1,1
Myd2_Nig_2008_5.csv,Türkiye,180,180,720,0,0,0,0,0
Myd2_Nig_2008_6.csv,China,1441,1441,5764,4,1,1,1,1
Myd2_Nig_2008_6.csv,Türkiye,180,180,720,0,0,0,0,0
Myd2_Nig_2008_7.csv,China,1441,1441,5764,8,2,2,2,2
Myd2_Nig_2008_7.csv,Türkiye,180,180,720,0,0,0,0,0
Myd2_Nig_2008_8.csv,China,1441,1441,5764,4,1,1,1,1
Myd2_Nig_2008_8.csv,Türkiye,180,180,720,0,0,0,0,0
Myd2_Nig_2008_9.csv,China,1441,1441,5764,12,3,3,3,3
Myd2_Nig_2008_9.csv,Türkiye,180,180,720,0,0,0,0,0
Myd2_Nig_2009_1.csv,China,1441,1441,5764,0,0,0,0,0
Myd2_Nig_2009_1.csv,Türkiye,180,180,720,0,0,0,0,0
Myd2_Nig_2009_10.csv,China,1441,1441,5764,98,24,25,24,25
Myd2_Nig_2009_10.csv,Türkiye,180,180,720,0,0,0,0,0
Myd2_Nig_2009_11.csv,China,1441,1441,5764,0,0,0,0,0
Myd2_Nig_2009_11.csv,Türkiye,180,180,720,0,0,0,0,0
Myd2_Nig_2009_12.csv,China,1441,1441,5764,8,2,2,2,2
Myd2_Nig_2009_12.csv,Türkiye,180,180,720,0,0,0,0,0
Myd2_Nig_2009_2.csv,China,1441,1441,5764,0,0,0,0,0
Myd2_Nig_2009_2.csv,Türkiye,180,180,720,4,1,1,1,1
Myd2_Nig_2009_21.csv,China,1441,1441,5764,0,0,0,0,0
Myd2_Nig_2009_21.csv,Türkiye,180,180,720,0,0,0,0,0
Myd2_Nig_2009_22.csv,China,1441,1441,5764,0,0,0,0,0
Myd2_Nig_2009_22.csv,Türkiye,180,180,720,0,0,0,0,0
Myd2_Nig_2009_23.csv,China,1441,1441,5764,0,0,0,0,0
Myd2_Nig_2009_23.csv,Türkiye,180,180,720,0,0,0,0,0
Myd2_Nig_2009_24.csv,China,1441,1441,5764,0,0,0,0,0
Myd2_Nig_2009_24.csv,Türkiye,180,180,720,0,0,0,0,0
Myd2_Nig_2009_3.csv,China,1441,1441,5764,0,0,0,0,0
Myd2_Nig_2009_3.csv,Türkiye,180,180,720,0,0,0,0,0
Myd2_Nig_2009_30.csv,China,1441,1441,5764,0,0,0,0,0
Myd2_Nig_2009_30.csv,Türkiye,180,180,720,0,0,0,0,0
Myd2_Nig_2009_4.csv,China,1441,1441,5764,0,0,0,0,0
Myd2_Nig_2009_4.csv,Türkiye,180,180,720,0,0,0,0,0
Myd2_Nig_2009_5.csv,China,1441,1441,5764,0,0,0,0,0
Myd2_Nig_2009_5.csv,Türkiye,180,180,720,0,0,0,0,0
Myd2_Nig_2009_6.csv,China,1441,1441,5764,0,0,0,0,0
Myd2_Nig_2009_6.csv,Türkiye,180,180,720,0,0,0,0,0
Myd2_Nig_2009_7.csv,China,1441,1441,5764,12,3,3,3,3
Myd2_Nig_2009_7.csv,Türkiye,180,180,720,0,0,0,0,0
Myd2_Nig_2009_8.csv,China,1441,1441,5764,0,0,0,0,0
Myd2_Nig_2009_8.csv,Türkiye,180,180,720,0,0,0,0,0
Myd2_Nig_2009_9.csv,China,1441,1441,5764,0,0,0,0,0
Myd2_Nig_2009_9.csv,Türkiye,180,180,720,0,0,0,0,0
Myd2_Nig_2010_1.csv,China,1441,1441,5764,0,0,0,0,0
Myd2_Nig_2010_1.csv,Türkiye,180,180,720,0,0,0,0,0
Myd2_Nig_2010_10.csv,China,1441,1441,5764,0,0,0,0,0
Myd2_Nig_2010_10.csv,Türkiye,180,180,720,0,0,0,0,0
Myd2_Nig_2010_11.csv,China,1441,1441,5764,0,0,0,0,0
Myd2_Nig_2010_11.csv,Türkiye,180,180,720,0,0,0,0,0
Myd2_Nig_2010_12.csv,China,1441,1441,5764,0,0,0,0,0
Myd2_Nig_2010_12.csv,Türkiye,180,180,720,0,0,0,0,0
Myd2_Nig_2010_2.csv,China,1441,1441,5764,0,0,0,0,0
Myd2_Nig_2010_2.csv,Türkiye,180,180,720,0,0,0,0,0
Myd2_Nig_2010_21.csv,China,1441,1441,5764,0,0,0,0,0
Myd2_Nig_2010_21.csv,Türkiye,180,180,720,0,0,0,0,0
Myd2_Nig_2010_22.csv,China,1441,1441,5764,0,0,0,0,0
Myd2_Nig_2010_22.csv,Türkiye,180,180,720,0,0,0,0,0
Myd2_Nig_2010_23.csv,China,1441,1441,5764,0,0,0,0,0
Myd2_Nig_2010_23.csv,Türkiye,180,180,720,0,0,0,0,0
Myd2_Nig_2010_24.csv,China,1441,1441,5764,0,0,0,0,0
Myd2_Nig_2010_24.csv,Türkiye,180,180,720,0,0,0,0,0
Myd2_Nig_2010_3.csv,China,1441,1441,5764,0,0,0,0,0
Myd2_Nig_2010_3.csv,Türkiye,180,180,720,0,0,0,0,0
Myd2_Nig_2010_30.csv,China,1441,1441,5764,0,0,0,0,0
Myd2_Nig_2010_30.csv,Türkiye,180,180,720,0,0,0,0,0
Myd2_Nig_2010_4.csv,China,1441,1441,5764,4,1,1,1,1
Myd2_Nig_2010_4.csv,Türkiye,180,180,720,0,0,0,0,0
Myd2_Nig_2010_5.csv,China,1441,1441,5764,0,0,0,0,0
Myd2_Nig_2010_5.csv,Türkiye,180,180,720,0,0,0,0,0
Myd2_Nig_2010_6.csv,China,1441,1441,5764,42,10,11,10,11
Myd2_Nig_2010_6.csv,Türkiye,180,180,720,0,0,0,0,0
Myd2_Nig_2010_7.csv,China,1441,1441,5764,9,2,2,3,2
Myd2_Nig_2010_7.csv,Türkiye,180,180,720,0,0,0,0,0
Myd2_Nig_2010_8.csv,China,1441,1441,5764,0,0,0,0,0
Myd2_Nig_2010_8.csv,Türkiye,180,180,720,0,0,0,0,0
Myd2_Nig_2010_9.csv,China,1441,1441,5764,0,0,0,0,0
Myd2_Nig_2010_9.csv,Türkiye,180,180,720,0,0,0,0,0
Myd2_Nig_2011_1.csv,China,1441,1441,5764,28,5,8,7,8
Myd2_Nig_2011_1.csv,Türkiye,180,180,720,0,0,0,0,0
Myd2_Nig_2011_10.csv,China,1441,1441,5764,4,1,1,1,1
Myd2_Nig_2011_10.csv,Türkiye,180,180,720,0,0,0,0,0
Myd2_Nig_2011_11.csv,China,1441,1441,5764,0,0,0,0,0
Myd2_Nig_2011_11.csv,Türkiye,180,180,720,0,0,0,0,0
Myd2_Nig_2011_12.csv,China,1441,1441,5764,16,4,4,4,4
Myd2_Nig_2011_12.csv,Türkiye,180,180,720,0,0,0,0,0
Myd2_Nig_2011_2.csv,China,1441,1441,5764,0,0,0,0,0
Myd2_Nig_2011_2.csv,Türkiye,180,180,720,0,0,0,0,0
Myd2_Nig_2011_21.csv,China,1441,1441,5764,0,0,0,0,0
Myd2_Nig_2011_21.csv,Türkiye,180,180,720,0,0,0,0,0
Myd2_Nig_2011_22.csv,China,1441,1441,5764,0,0,0,0,0
Myd2_Nig_2011_22.csv,Türkiye,180,180,720,0,0,0,0,0
Myd2_Nig_2011_23.csv,China,1441,1441,5764,0,0,0,0,0
Myd2_Nig_2011_23.csv,Türkiye,180,180,720,0,0,0,0,0
Myd2_Nig_2011_24.csv,China,1441,1441,5764,0,0,0,0,0
Myd2_Nig_2011_24.csv,Türkiye,180,180,720,0,0,0,0,0
Myd2_Nig_2011_3.csv,China,1441,1441,5764,8,2,2,2,2
Myd2_Nig_2011_3.csv,Türkiye,180,180,720,0,0,0,0,0
Myd2_Nig_2011_30.csv,China,1441,1441,5764,0,0,0,0,0
Myd2_Nig_2011_30.csv,Türkiye,180,180,720,0,0,0,0,0
Myd2_Nig_2011_4.csv,China,1441,1441,5764,0,0,0,0,0
Myd2_Nig_2011_4.csv,Türkiye,180,180,720,0,0,0,0,0
Myd2_Nig_2011_5.csv,China,1441,1441,5764,0,0,0,0,0
Myd2_Nig_2011_5.csv,Türkiye,180,180,720,0,0,0,0,0
Myd2_Nig_2011_6.csv,China,1441,1441,5764,12,3,3,3,3
Myd2_Nig_2011_6.csv,Türkiye,180,180,720,0,0,0,0,0
Myd2_Nig_2011_7.csv,China,1441,1441,5764,0,0,0,0,0
Myd2_Nig_2011_7.csv,Türkiye,180,180,720,0,0,0,0,0
Myd2_Nig_2011_8.csv,China,1441,1441,5764,0,0,0,0,0
Myd2_Nig_2011_8.csv,Türkiye,180,180,720,0,0,0,0,0
Myd2_Nig_2011_9.csv,China,1441,1441,5764,28,7,7,7,7
Myd2_Nig_2011_9.csv,Türkiye,180,180,720,0,0,0,0,0
Myd2_Nig_2012_1.csv,China,1441,1441,5764,45,11,11,11,12
Myd2_Nig_2012_1.csv,Türkiye,180,180,720,0,0,0,0,0
Myd2_Nig_2012_10.csv,China,1441,1441,5764,0,0,0,0,0
Myd2_Nig_2012_10.csv,Türkiye,180,180,720,0,0,0,0,0
Myd2_Nig_2012_11.csv,China,1441,1441,5764,4,1,1,1,1
Myd2_Nig_2012_11.csv,Türkiye,180,180,720,0,0,0,0,0
Myd2_Nig_2012_12.csv,China,1441,1441,5764,5,1,1,2,1
Myd2_Nig_2012_12.csv,Türkiye,180,180,720,0,0,0,0,0
Myd2_Nig_2012_2.csv,China,1441,1441,5764,89,19,24,22,24
Myd2_Nig_2012_2.csv,Türkiye,180,180,720,0,0,0,0,0
Myd2_Nig_2012_21.csv,China,1441,1441,5764,0,0,0,0,0
Myd2_Nig_2012_21.csv,Türkiye,180,180,720,0,0,0,0,0
Myd2_Nig_2012_22.csv,China,1441,1441,5764,0,0,0,0,0
Myd2_Nig_2012_22.csv,Türkiye,180,180,720,0,0,0,0,0
Myd2_Nig_2012_23.csv,China,1441,1441,5764,0,0,0,0,0
Myd2_Nig_2012_23.csv,Türkiye,180,180,720,0,0,0,0,0
Myd2_Nig_2012_24.csv,China,1441,1441,5764,0,0,0,0,0
Myd2_Nig_2012_24.csv,Türkiye,180,180,720,0,0,0,0,0
Myd2_Nig_2012_3.csv,China,1441,1441,5764,0,0,0,0,0
Myd2_Nig_2012_3.csv,Türkiye,180,180,720,0,0,0,0,0
Myd2_Nig_2012_30.csv,China,1441,1441,5764,0,0,0,0,0
Myd2_Nig_2012_30.csv,Türkiye,180,180,720,0,0,0,0,0
Myd2_Nig_2012_4.csv,China,1441,1441,5764,0,0,0,0,0
Myd2_Nig_2012_4.csv,Türkiye,180,180,720,0,0,0,0,0
Myd2_Nig_2012_5.csv,China,1441,1441,5764,4,1,1,1,1
Myd2_Nig_2012_5.csv,Türkiye,180,180,720,0,0,0,0,0
Myd2_Nig_2012_6.csv,China,1441,1441,5764,12,3,3,3,3
Myd2_Nig_2012_6.csv,Türkiye,180,180,720,0,0,0,0,0
Myd2_Nig_2012_7.csv,China,1441,1441,5764,4,1,1,1,1
Myd2_Nig_2012_7.csv,Türkiye,180,180,720,0,0,0,0,0
Myd2_Nig_2012_8.csv,China,1441,1441,5764,0,0,0,0,0
Myd2_Nig_2012_8.csv,Türkiye,180,180,720,0,0,0,0,0
Myd2_Nig_2012_9.csv,China,1441,1441,5764,12,3,3,3,3
Myd2_Nig_2012_9.csv,Türkiye,180,180,720,0,0,0,0,0
Myd2_Nig_2013_1.csv,China,1441,1441,5764,0,0,0,0,0
Myd2_Nig_2013_1.csv,Türkiye,180,180,720,0,0,0,0,0
Myd2_Nig_2013_10.csv,China,1441,1441,5764,0,0,0,0,0
Myd2_Nig_2013_10.csv,Türkiye,180,180,720,0,0,0,0,0
Myd2_Nig_2013_11.csv,China,1441,1441,5764,0,0,0,0,0
Myd2_Nig_2013_11.csv,Türkiye,180,180,720,0,0,0,0,0
Myd2_Nig_2013_12.csv,China,1441,1441,5764,0,0,0,0,0
Myd2_Nig_2013_12.csv,Türkiye,180,180,720,0,0,0,0,0
Myd2_Nig_2013_2.csv,China,1441,1441,5764,0,0,0,0,0
Myd2_Nig_2013_2.csv,Türkiye,180,180,720,0,0,0,0,0
Myd2_Nig_2013_21.csv,China,1441,1441,5764,0,0,0,0,0
Myd2_Nig_2013_21.csv,Türkiye,180,180,720,0,0,0,0,0
Myd2_Nig_2013_22.csv,China,1441,1441,5764,0,0,0,0,0
Myd2_Nig_2013_22.csv,Türkiye,180,180,720,0,0,0,0,0
Myd2_Nig_2013_23.csv,China,1441,1441,5764,0,0,0,0,0
Myd2_Nig_2013_23.csv,Türkiye,180,180,720,0,0,0,0,0
Myd2_Nig_2013_24.csv,China,1441,1441,5764,0,0,0,0,0
Myd2_Nig_2013_24.csv,Türkiye,180,180,720,0,0,0,0,0
Myd2_Nig_2013_3.csv,China,1441,1441,5764,0,0,0,0,0
Myd2_Nig_2013_3.csv,Türkiye,180,180,720,0,0,0,0,0
Myd2_Nig_2013_30.csv,China,1441,1441,5764,0,0,0,0,0
Myd2_Nig_2013_30.csv,Türkiye,180,180,720,0,0,0,0,0
Myd2_Nig_2013_4.csv,China,1441,1441,5764,20,5,5,5,5
Myd2_Nig_2013_4.csv,Türkiye,180,180,720,0,0,0,0,0
Myd2_Nig_2013_5.csv,China,1441,1441,5764,0,0,0,0,0
Myd2_Nig_2013_5.csv,Türkiye,180,180,720,0,0,0,0,0
Myd2_Nig_2013_6.csv,China,1441,1441,5764,0,0,0,0,0
Myd2_Nig_2013_6.csv,Türkiye,180,180,720,0,0,0,0,0
Myd2_Nig_2013_7.csv,China,1441,1441,5764,7,1,2,2,2
Myd2_Nig_2013_7.csv,Türkiye,180,180,720,0,0,0,0,0
Myd2_Nig_2013_8.csv,China,1441,1441,5764,0,0,0,0,0
Myd2_Nig_2013_8.csv,Türkiye,180,180,720,0,0,0,0,0
Myd2_Nig_2013_9.csv,China,1441,1441,5764,0,0,0,0,0
Myd2_Nig_2013_9.csv,Türkiye,180,180,720,0,0,0,0,0
Myd2_Nig_2014_1.csv,China,1441,1441,5764,0,0,0,0,0
Myd2_Nig_2014_1.csv,Türkiye,180,180,720,0,0,0,0,0
Myd2_Nig_2014_10.csv,China,1441,1441,5764,0,0,0,0,0
Myd2_Nig_2014_10.csv,Türkiye,180,180,720,0,0,0,0,0
Myd2_Nig_2014_11.csv,China,1441,1441,5764,6,2,1,2,1
Myd2_Nig_2014_11.csv,Türkiye,180,180,720,0,0,0,0,0
Myd2_Nig_2014_12.csv,China,1441,1441,5764,0,0,0,0,0
Myd2_Nig_2014_12.csv,Türkiye,180,180,720,0,0,0,0,0
Myd2_Nig_2014_2.csv,China,1441,1441,5764,8,2,2,2,2
Myd2_Nig_2014_2.csv,Türkiye,180,180,720,0,0,0,0,0
Myd2_Nig_2014_21.csv,China,1441,1441,5764,0,0,0,0,0
Myd2_Nig_2014_21.csv,Türkiye,180,180,720,0,0,0,0,0
Myd2_Nig_2014_22.csv,China,1441,1441,5764,0,0,0,0,0
Myd2_Nig_2014_22.csv,Türkiye,180,180,720,0,0,0,0,0
Myd2_Nig_2014_23.csv,China,1441,1441,5764,0,0,0,0,0
Myd2_Nig_2014_23.csv,Türkiye,180,180,720,0,0,0,0,0
Myd2_Nig_2014_24.csv,China,1441,1441,5764,0,0,0,0,0
Myd2_Nig_2014_24.csv,Türkiye,180,180,720,0,0,0,0,0
Myd2_Nig_2014_3.csv,China,1441,1441,5764,5,1,1,1,2
Myd2_Nig_2014_3.csv,Türkiye,180,180,720,0,0,0,0,0
Myd2_Nig_2014_30.csv,China,1441,1441,5764,0,0,0,0,0
Myd2_Nig_2014_30.csv,Türkiye,180,180,720,0,0,0,0,0
Myd2_Nig_2014_4.csv,China,1441,1441,5764,24,6,6,6,6
Myd2_Nig_2014_4.csv,Türkiye,180,180,720,0,0,0,0,0
Myd2_Nig_2014_5.csv,China,1441,1441,5764,56,13,15,14,14
Myd2_Nig_2014_5.csv,Türkiye,180,180,720,0,0,0,0,0
Myd2_Nig_2014_6.csv,China,1441,1441,5764,58,14,14,14,16
Myd2_Nig_2014_6.csv,Türkiye,180,180,720,0,0,0,0,0
Myd2_Nig_2014_7.csv,China,1441,1441,5764,0,0,0,0,0
Myd2_Nig_2014_7.csv,Türkiye,180,180,720,0,0,0,0,0
Myd2_Nig_2014_8.csv,China,1441,1441,5764,8,2,2,2,2
Myd2_Nig_2014_8.csv,Türkiye,180,180,720,0,0,0,0,0
Myd2_Nig_2014_9.csv,China,1441,1441,5764,8,2,2,2,2
Myd2_Nig_2014_9.csv,Türkiye,180,180,720,0,0,0,0,0
Myd2_Nig_2015_1.csv,China,1441,1441,5764,0,0,0,0,0
Myd2_Nig_2015_1.csv,Türkiye,180,180,720,0,0,0,0,0
Myd2_Nig_2015_10.csv,China,1441,1441,5764,0,0,0,0,0
Myd2_Nig_2015_10.csv,Türkiye,180,180,720,0,0,0,0,0
Myd2_Nig_2015_11.csv,China,1441,1441,5764,4,1,1,1,1
Myd2_Nig_2015_11.csv,Türkiye,180,180,720,0,0,0,0,0
Myd2_Nig_2015_12.csv,China,1441,1441,5764,4,1,1,1,1
Myd2_Nig_2015_12.csv,Türkiye,180,180,720,0,0,0,0,0
Myd2_Nig_2015_2.csv,China,1441,1441,5764,0,0,0,0,0
Myd2_Nig_2015_2.csv,Türkiye,180,180,720,0,0,0,0,0
Myd2_Nig_2015_21.csv,China,1441,1441,5764,0,0,0,0,0
Myd2_Nig_2015_21.csv,Türkiye,180,180,720,0,0,0,0,0
Myd2_Nig_2015_22.csv,China,1441,1441,5764,0,0,0,0,0
Myd2_Nig_2015_22.csv,Türkiye,180,180,720,0,0,0,0,0
Myd2_Nig_2015_23.csv,China,1441,1441,5764,0,0,0,0,0
Myd2_Nig_2015_23.csv,Türkiye,180,180,720,0,0,0,0,0
Myd2_Nig_2015_24.csv,China,1441,1441,5764,0,0,0,0,0
Myd2_Nig_2015_24.csv,Türkiye,180,180,720,0,0,0,0,0
Myd2_Nig_2015_3.csv,China,1441,1441,5764,0,0,0,0,0
Myd2_Nig_2015_3.csv,Türkiye,180,180,720,0,0,0,0,0
Myd2_Nig_2015_30.csv,China,1441,1441,5764,0,0,0,0,0
Myd2_Nig_2015_30.csv,Türkiye,180,180,720,0,0,0,0,0
Myd2_Nig_2015_4.csv,China,1441,1441,5764,0,0,0,0,0
Myd2_Nig_2015_4.csv,Türkiye,180,180,720,0,0,0,0,0
Myd2_Nig_2015_5.csv,China,1441,1441,5764,12,3,3,3,3
Myd2_Nig_2015_5.csv,Türkiye,180,180,720,0,0,0,0,0
Myd2_Nig_2015_6.csv,China,1441,1441,5764,172,42,43,44,43
Myd2_Nig_2015_6.csv,Türkiye,180,180,720,0,0,0,0,0
Myd2_Nig_2015_7.csv,China,1441,1441,5764,0,0,0,0,0
Myd2_Nig_2015_7.csv,Türkiye,180,180,720,0,0,0,0,0
Myd2_Nig_2015_8.csv,China,1441,1441,5764,0,0,0,0,0
Myd2_Nig_2015_8.csv,Türkiye,180,180,720,0,0,0,0,0
Myd2_Nig_2015_9.csv,China,1441,1441,5764,57,12,16,13,16
Myd2_Nig_2015_9.csv,Türkiye,180,180,720,0,0,0,0,0
Myd2_Nig_2016_1.csv,China,1441,1441,5764,12,3,3,3,3
Myd2_Nig_2016_1.csv,Türkiye,180,180,720,0,0,0,0,0
Myd2_Nig_2016_10.csv,China,1441,1441,5764,11,2,2,3,4
Myd2_Nig_2016_10.csv,Türkiye,180,180,720,0,0,0,0,0
Myd2_Nig_2016_11.csv,China,1441,1441,5764,0,0,0,0,0
Myd2_Nig_2016_11.csv,Türkiye,180,180,720,0,0,0,0,0
Myd2_Nig_2016_12.csv,China,1441,1441,5764,0,0,0,0,0
Myd2_Nig_2016_12.csv,Türkiye,180,180,720,0,0,0,0,0
Myd2_Nig_2016_2.csv,China,1441,1441,5764,0,0,0,0,0
Myd2_Nig_2016_2.csv,Türkiye,180,180,720,0,0,0,0,0
Myd2_Nig_2016_21.csv,China,1441,1441,5764,0,0,0,0,0
Myd2_Nig_2016_21.csv,Türkiye,180,180,720,0,0,0,0,0
Myd2_Nig_2016_22.csv,China,1441,1441,5764,0,0,0,0,0
Myd2_Nig_2016_22.csv,Türkiye,180,180,720,0,0,0,0,0
Myd2_Nig_2016_23.csv,China,1441,1441,5764,0,0,0,0,0
Myd2_Nig_2016_23.csv,Türkiye,180,180,720,0,0,0,0,0
Myd2_Nig_2016_24.csv,China,1441,1441,5764,0,0,0,0,0
Myd2_Nig_2016_24.csv,Türkiye,180,180,720,0,0,0,0,0
Myd2_Nig_2016_3.csv,China,1441,1441,5764,0,0,0,0,0
Myd2_Nig_2016_3.csv,Türkiye,180,180,720,0,0,0,0,0
Myd2_Nig_2016_30.csv,China,1441,1441,5764,0,0,0,0,0
Myd2_Nig_2016_30.csv,Türkiye,180,180,720,0,0,0,0,0
Myd2_Nig_2016_4.csv,China,1441,1441,5764,0,0,0,0,0
Myd2_Nig_2016_4.csv,Türkiye,180,180,720,0,0,0,0,0
Myd2_Nig_2016_5.csv,China,1441,1441,5764,0,0,0,0,0
Myd2_Nig_2016_5.csv,Türkiye,180,180,720,0,0,0,0,0
Myd2_Nig_2016_6.csv,China,1441,1441,5764,0,0,0,0,0
Myd2_Nig_2016_6.csv,Türkiye,180,180,720,0,0,0,0,0
Myd2_Nig_2016_7.csv,China,1441,1441,5764,0,0,0,0,0
Myd2_Nig_2016_7.csv,Türkiye,180,180,720,0,0,0,0,0
Myd2_Nig_2016_8.csv,China,1441,1441,5764,0,0,0,0,0
Myd2_Nig_2016_8.csv,Türkiye,180,180,720,0,0,0,0,0
Myd2_Nig_2016_9.csv,China,1441,1441,5764,0,0,0,0,0
Myd2_Nig_2016_9.csv,Türkiye,180,180,720,0,0,0,0,0
Myd2_Nig_2017_1.csv,China,1441,1441,5764,0,0,0,0,0
Myd2_Nig_2017_1.csv,Türkiye,180,180,720,0,0,0,0,0
Myd2_Nig_2017_10.csv,China,1441,1441,5764,4,1,1,1,1
Myd2_Nig_2017_10.csv,Türkiye,180,180,720,0,0,0,0,0
Myd2_Nig_2017_11.csv,China,1441,1441,5764,0,0,0,0,0
Myd2_Nig_2017_11.csv,Türkiye,180,180,720,0,0,0,0,0
Myd2_Nig_2017_12.csv,China,1441,1441,5764,0,0,0,0,0
Myd2_Nig_2017_12.csv,Türkiye,180,180,720,0,0,0,0,0
Myd2_Nig_2017_2.csv,China,1441,1441,5764,0,0,0,0,0
Myd2_Nig_2017_2.csv,Türkiye,180,180,720,0,0,0,0,0
Myd2_Nig_2017_21.csv,China,1441,1441,5764,0,0,0,0,0
Myd2_Nig_2017_21.csv,Türkiye,180,180,720,0,0,0,0,0
Myd2_Nig_2017_22.csv,China,1441,1441,5764,0,0,0,0,0
Myd2_Nig_2017_22.csv,Türkiye,180,180,720,0,0,0,0,0
Myd2_Nig_2017_23.csv,China,1441,1441,5764,0,0,0,0,0
Myd2_Nig_2017_23.csv,Türkiye,180,180,720,0,0,0,0,0
Myd2_Nig_2017_24.csv,China,1441,1441,5764,0,0,0,0,0
Myd2_Nig_2017_24.csv,Türkiye,180,180,720,0,0,0,0,0
Myd2_Nig_2017_3.csv,China,1441,1441,5764,18,4,4,4,6
Myd2_Nig_2017_3.csv,Türkiye,180,180,720,0,0,0,0,0
Myd2_Nig_2017_30.csv,China,1441,1441,5764,0,0,0,0,0
Myd2_Nig_2017_30.csv,Türkiye,180,180,720,0,0,0,0,0
Myd2_Nig_2017_4.csv,China,1441,1441,5764,9,2,2,2,3
Myd2_Nig_2017_4.csv,Türkiye,180,180,720,0,0,0,0,0
Myd2_Nig_2017_5.csv,China,1441,1441,5764,0,0,0,0,0
Myd2_Nig_2017_5.csv,Türkiye,180,180,720,0,0,0,0,0
Myd2_Nig_2017_6.csv,China,1441,1441,5764,170,40,42,42,46
Myd2_Nig_2017_6.csv,Türkiye,180,180,720,0,0,0,0,0
Myd2_Nig_2017_7.csv,China,1441,1441,5764,2,1,0,1,0
Myd2_Nig_2017_7.csv,Türkiye,180,180,720,0,0,0,0,0
Myd2_Nig_2017_8.csv,China,1441,1441,5764,1,0,0,0,1
Myd2_Nig_2017_8.csv,Türkiye,180,180,720,0,0,0,0,0
Myd2_Nig_2017_9.csv,China,1441,1441,5764,0,0,0,0,0
Myd2_Nig_2017_9.csv,Türkiye,180,180,720,0,0,0,0,0
Myd2_Nig_2018_1.csv,China,1441,1441,5764,0,0,0,0,0
Myd2_Nig_2018_1.csv,Türkiye,180,180,720,0,0,0,0,0
Myd2_Nig_2018_10.csv,China,1441,1441,5764,7,1,2,2,2
Myd2_Nig_2018_10.csv,Türkiye,180,180,720,0,0,0,0,0
Myd2_Nig_2018_11.csv,China,1441,1441,5764,0,0,0,0,0
Myd2_Nig_2018_11.csv,Türkiye,180,180,720,0,0,0,0,0
Myd2_Nig_2018_12.csv,China,1441,1441,5764,1,1,0,0,0
Myd2_Nig_2018_12.csv,Türkiye,180,180,720,0,0,0,0,0
Myd2_Nig_2018_2.csv,China,1441,1441,5764,0,0,0,0,0
Myd2_Nig_2018_2.csv,Türkiye,180,180,720,0,0,0,0,0
Myd2_Nig_2018_21.csv,China,1441,1441,5764,0,0,0,0,0
Myd2_Nig_2018_21.csv,Türkiye,180,180,720,0,0,0,0,0
Myd2_Nig_2018_22.csv,China,1441,1441,5764,0,0,0,0,0
Myd2_Nig_2018_22.csv,Türkiye,180,180,720,0,0,0,0,0
Myd2_Nig_2018_23.csv,China,1441,1441,5764,0,0,0,0,0
Myd2_Nig_2018_23.csv,Türkiye,180,180,720,0,0,0,0,0
Myd2_Nig_2018_24.csv,China,1441,1441,5764,0,0,0,0,0
Myd2_Nig_2018_24.csv,Türkiye,180,180,720,0,0,0,0,0
Myd2_Nig_2018_3.csv,China,1441,1441,5764,0,0,0,0,0
Myd2_Nig_2018_3.csv,Türkiye,180,180,720,0,0,0,0,0
Myd2_Nig_2018_30.csv,China,1441,1441,5764,0,0,0,0,0
Myd2_Nig_2018_30.csv,Türkiye,180,180,720,0,0,0,0,0
Myd2_Nig_2018_4.csv,China,1441,1441,5764,0,0,0,0,0
Myd2_Nig_2018_4.csv,Türkiye,180,180,720,0,0,0,0,0
Myd2_Nig_2018_5.csv,China,1441,1441,5764,0,0,0,0,0
Myd2_Nig_2018_5.csv,Türkiye,180,180,720,0,0,0,0,0
Myd2_Nig_2018_6.csv,China,1441,1441,5764,4,1,1,1,1
Myd2_Nig_2018_6.csv,Türkiye,180,180,720,0,0,0,0,0
Myd2_Nig_2018_7.csv,China,1441,1441,5764,23,5,7,6,5
Myd2_Nig_2018_7.csv,Türkiye,180,180,720,0,0,0,0,0
Myd2_Nig_2018_8.csv,China,1441,1441,5764,0,0,0,0,0
Myd2_Nig_2018_8.csv,Türkiye,180,180,720,0,0,0,0,0
Myd2_Nig_2018_9.csv,China,1441,1441,5764,50,12,12,12,14
Myd2_Nig_2018_9.csv,Türkiye,180,180,720,0,0,0,0,0
Myd2_Nig_2019_1.csv,China,1441,1441,5764,13,3,3,3,4
Myd2_Nig_2019_1.csv,Türkiye,180,180,720,0,0,0,0,0
Myd2_Nig_2019_10.csv,China,1441,1441,5764,0,0,0,0,0
Myd2_Nig_2019_10.csv,Türkiye,180,180,720,0,0,0,0,0
Myd2_Nig_2019_11.csv,China,1441,1441,5764,0,0,0,0,0
Myd2_Nig_2019_11.csv,Türkiye,180,180,720,0,0,0,0,0
Myd2_Nig_2019_12.csv,China,1441,1441,5764,0,0,0,0,0
Myd2_Nig_2019_12.csv,Türkiye,180,180,720,0,0,0,0,0
Myd2_Nig_2019_2.csv,China,1441,1441,5764,4,1,1,1,1
Myd2_Nig_2019_2.csv,Türkiye,180,180,720,0,0,0,0,0
Myd2_Nig_2019_21.csv,China,1441,1441,5764,0,0,0,0,0
Myd2_Nig_2019_21.csv,Türkiye,180,180,720,0,0,0,0,0
Myd2_Nig_2019_22.csv,China,1441,1441,5764,0,0,0,0,0
Myd2_Nig_2019_22.csv,Türkiye,180,180,720,0,0,0,0,0
Myd2_Nig_2019_23.csv,China,1441,1441,5764,0,0,0,0,0
Myd2_Nig_2019_23.csv,Türkiye,180,180,720,0,0,0,0,0
Myd2_Nig_2019_24.csv,China,1441,1441,5764,0,0,0,0,0
Myd2_Nig_2019_24.csv,Türkiye,180,180,720,0,0,0,0,0
Myd2_Nig_2019_3.csv,China,1441,1441,5764,0,0,0,0,0
Myd2_Nig_2019_3.csv,Türkiye,180,180,720,0,0,0,0,0
Myd2_Nig_2019_30.csv,China,1441,1441,5764,0,0,0,0,0
Myd2_Nig_2019_30.csv,Türkiye,180,180,720,0,0,0,0,0
Myd2_Nig_2019_4.csv,China,1441,1441,5764,0,0,0,0,0
Myd2_Nig_2019_4.csv,Türkiye,180,180,720,0,0,0,0,0
Myd2_Nig_2019_5.csv,China,1441,1441,5764,23,5,6,6,6
Myd2_Nig_2019_5.csv,Türkiye,180,180,720,0,0,0,0,0
Myd2_Nig_2019_6.csv,China,1441,1441,5764,4,1,1,1,1
Myd2_Nig_2019_6.csv,Türkiye,180,180,720,0,0,0,0,0
Myd2_Nig_2019_7.csv,China,1441,1441,5764,4,1,1,1,1
Myd2_Nig_2019_7.csv,Türkiye,180,180,720,0,0,0,0,0
Myd2_Nig_2019_8.csv,China,1441,1441,5764,0,0,0,0,0
Myd2_Nig_2019_8.csv,Türkiye,180,180,720,0,0,0,0,0
Myd2_Nig_2019_9.csv,China,1441,1441,5764,0,0,0,0,0
Myd2_Nig_2019_9.csv,Türkiye,180,180,720,0,0,0,0,0
Myd2_Nig_2020_1.csv,China,1441,1441,5764,0,0,0,0,0
Myd2_Nig_2020_1.csv,Türkiye,180,180,720,0,0,0,0,0
Myd2_Nig_2020_10.csv,China,1441,1441,5764,25,5,7,6,7
Myd2_Nig_2020_10.csv,Türkiye,180,180,720,0,0,0,0,0
Myd2_Nig_2020_11.csv,China,1441,1441,5764,13,2,5,2,4
Myd2_Nig_2020_11.csv,Türkiye,180,180,720,0,0,0,0,0
Myd2_Nig_2020_12.csv,China,1441,1441,5764,0,0,0,0,0
Myd2_Nig_2020_12.csv,Türkiye,180,180,720,0,0,0,0,0
Myd2_Nig_2020_2.csv,China,1441,1441,5764,0,0,0,0,0
Myd2_Nig_2020_2.csv,Türkiye,180,180,720,0,0,0,0,0
Myd2_Nig_2020_21.csv,China,1441,1441,5764,0,0,0,0,0
Myd2_Nig_2020_21.csv,Türkiye,180,180,720,0,0,0,0,0
Myd2_Nig_2020_22.csv,China,1441,1441,5764,0,0,0,0,0
Myd2_Nig_2020_22.csv,Türkiye,180,180,720,0,0,0,0,0
Myd2_Nig_2020_23.csv,China,1441,1441,5764,0,0,0,0,0
Myd2_Nig_2020_23.csv,Türkiye,180,180,720,0,0,0,0,0
Myd2_Nig_2020_24.csv,China,1441,1441,5764,0,0,0,0,0
Myd2_Nig_2020_24.csv,Türkiye,180,180,720,0,0,0,0,0
Myd2_Nig_2020_3.csv,China,1441,1441,5764,4,1,1,1,1
Myd2_Nig_2020_3.csv,Türkiye,180,180,720,0,0,0,0,0
Myd2_Nig_2020_30.csv,China,1441,1441,5764,0,0,0,0,0
Myd2_Nig_2020_30.csv,Türkiye,180,180,720,0,0,0,0,0
Myd2_Nig_2020_4.csv,China,1441,1441,5764,0,0,0,0,0
Myd2_Nig_2020_4.csv,Türkiye,180,180,720,0,0,0,0,0
Myd2_Nig_2020_5.csv,China,1441,1441,5764,12,3,3,3,3
Myd2_Nig_2020_5.csv,Türkiye,180,180,720,0,0,0,0,0
Myd2_Nig_2020_6.csv,China,1441,1441,5764,32,8,8,8,8
Myd2_Nig_2020_6.csv,Türkiye,180,180,720,0,0,0,0,0
Myd2_Nig_2020_7.csv,China,1441,1441,5764,0,0,0,0,0
Myd2_Nig_2020_7.csv,Türkiye,180,180,720,0,0,0,0,0
Myd2_Nig_2020_8.csv,China,1441,1441,5764,15,3,4,4,4
Myd2_Nig_2020_8.csv,Türkiye,180,180,720,0,0,0,0,0
Myd2_Nig_2020_9.csv,China,1441,1441,5764,109,26,28,28,27
Myd2_Nig_2020_9.csv,Türkiye,180,180,720,0,0,0,0,0
Myd2_Nig_2021_1.csv,China,1441,1441,5764,0,0,0,0,0
Myd2_Nig_2021_1.csv,Türkiye,180,180,720,0,0,0,0,0
Myd2_Nig_2021_10.csv,China,1441,1441,5764,44,8,10,10,16
Myd2_Nig_2021_10.csv,Türkiye,180,180,720,0,0,0,0,0
Myd2_Nig_2021_11.csv,China,1441,1441,5764,0,0,0,0,0
Myd2_Nig_2021_11.csv,Türkiye,180,180,720,0,0,0,0,0
Myd2_Nig_2021_12.csv,China,1441,1441,5764,0,0,0,0,0
Myd2_Nig_2021_12.csv,Türkiye,180,180,720,0,0,0,0,0
Myd2_Nig_2021_2.csv,China,1441,1441,5764,0,0,0,0,0
Myd2_Nig_2021_2.csv,Türkiye,180,180,720,0,0,0,0,0
Myd2_Nig_2021_21.csv,China,1441,1441,5764,0,0,0,0,0
Myd2_Nig_2021_21.csv,Türkiye,180,180,720,0,0,0,0,0
Myd2_Nig_2021_22.csv,China,1441,1441,5764,0,0,0,0,0
Myd2_Nig_2021_22.csv,Türkiye,180,180,720,0,0,0,0,0
Myd2_Nig_2021_23.csv,China,1441,1441,5764,0,0,0,0,0
Myd2_Nig_2021_23.csv,Türkiye,180,180,720,0,0,0,0,0
Myd2_Nig_2021_24.csv,China,1441,1441,5764,0,0,0,0,0
Myd2_Nig_2021_24.csv,Türkiye,180,180,720,0,0,0,0,0
Myd2_Nig_2021_3.csv,China,1441,1441,5764,0,0,0,0,0
Myd2_Nig_2021_3.csv,Türkiye,180,180,720,0,0,0,0,0
Myd2_Nig_2021_30.csv,China,1441,1441,5764,0,0,0,0,0
Myd2_Nig_2021_30.csv,Türkiye,180,180,720,0,0,0,0,0
Myd2_Nig_2021_4.csv,China,1441,1441,5764,4,1,1,1,1
Myd2_Nig_2021_4.csv,Türkiye,180,180,720,0,0,0,0,0
Myd2_Nig_2021_5.csv,China,1441,1441,5764,4,1,1,1,1
Myd2_Nig_2021_5.csv,Türkiye,180,180,720,0,0,0,0,0
Myd2_Nig_2021_6.csv,China,1441,1441,5764,70,17,17,17,19
Myd2_Nig_2021_6.csv,Türkiye,180,180,720,0,0,0,0,0
Myd2_Nig_2021_7.csv,China,1441,1441,5764,0,0,0,0,0
Myd2_Nig_2021_7.csv,Türkiye,180,180,720,0,0,0,0,0
Myd2_Nig_2021_8.csv,China,1441,1441,5764,12,3,3,3,3
Myd2_Nig_2021_8.csv,Türkiye,180,180,720,0,0,0,0,0
Myd2_Nig_2021_9.csv,China,1441,1441,5764,0,0,0,0,0
Myd2_Nig_2021_9.csv,Türkiye,180,180,720,0,0,0,0,0
SAT_Day_2001_1.csv,China,1441,1441,5764,0,0,0,0,0
SAT_Day_2001_1.csv,Türkiye,180,180,720,0,0,0,0,0
SAT_Day_2001_10.csv,China,1441,1441,5764,0,0,0,0,0
SAT_Day_2001_10.csv,Türkiye,180,180,720,0,0,0,0,0
SAT_Day_2001_11.csv,China,1441,1441,5764,0,0,0,0,0
SAT_Day_2001_11.csv,Türkiye,180,180,720,0,0,0,0,0
SAT_Day_2001_12.csv,China,1441,1441,5764,0,0,0,0,0
SAT_Day_2001_12.csv,Türkiye,180,180,720,0,0,0,0,0
SAT_Day_2001_2.csv,China,1441,1441,5764,0,0,0,0,0
SAT_Day_2001_2.csv,Türkiye,180,180,720,0,0,0,0,0
SAT_Day_2001_21.csv,China,1441,1441,5764,0,0,0,0,0
SAT_Day_2001_21.csv,Türkiye,180,180,720,0,0,0,0,0
SAT_Day_2001_22.csv,China,1441,1441,5764,0,0,0,0,0
SAT_Day_2001_22.csv,Türkiye,180,180,720,0,0,0,0,0
SAT_Day_2001_23.csv,China,1441,1441,5764,0,0,0,0,0
SAT_Day_2001_23.csv,Türkiye,180,180,720,0,0,0,0,0
SAT_Day_2001_24.csv,China,1441,1441,5764,0,0,0,0,0
SAT_Day_2001_24.csv,Türkiye,180,180,720,0,0,0,0,0
SAT_Day_2001_3.csv,China,1441,1441,5764,0,0,0,0,0
SAT_Day_2001_3.csv,Türkiye,180,180,720,0,0,0,0,0
SAT_Day_2001_30.csv,China,1441,1441,5764,0,0,0,0,0
SAT_Day_2001_30.csv,Türkiye,180,180,720,0,0,0,0,0
SAT_Day_2001_4.csv,China,1441,1441,5764,0,0,0,0,0
SAT_Day_2001_4.csv,Türkiye,180,180,720,0,0,0,0,0
SAT_Day_2001_5.csv,China,1441,1441,5764,0,0,0,0,0
SAT_Day_2001_5.csv,Türkiye,180,180,720,0,0,0,0,0
SAT_Day_2001_6.csv,China,1441,1441,5764,0,0,0,0,0
SAT_Day_2001_6.csv,Türkiye,180,180,720,0,0,0,0,0
SAT_Day_2001_7.csv,China,1441,1441,5764,0,0,0,0,0
SAT_Day_2001_7.csv,Türkiye,180,180,720,0,0,0,0,0
SAT_Day_2001_8.csv,China,1441,1441,5764,0,0,0,0,0
SAT_Day_2001_8.csv,Türkiye,180,180,720,0,0,0,0,0
SAT_Day_2001_9.csv,China,1441,1441,5764,0,0,0,0,0
SAT_Day_2001_9.csv,Türkiye,180,180,720,0,0,0,0,0
SAT_Day_2002_1.csv,China,1441,1441,5764,0,0,0,0,0
SAT_Day_2002_1.csv,Türkiye,180,180,720,0,0,0,0,0
SAT_Day_2002_10.csv,China,1441,1441,5764,0,0,0,0,0
SAT_Day_2002_10.csv,Türkiye,180,180,720,0,0,0,0,0
SAT_Day_2002_11.csv,China,1441,1441,5764,0,0,0,0,0
SAT_Day_2002_11.csv,Türkiye,180,180,720,0,0,0,0,0
SAT_Day_2002_12.csv,China,1441,1441,5764,0,0,0,0,0
SAT_Day_2002_12.csv,Türkiye,180,180,720,0,0,0,0,0
SAT_Day_2002_2.csv,China,1441,1441,5764,0,0,0,0,0
SAT_Day_2002_2.csv,Türkiye,180,180,720,0,0,0,0,0
SAT_Day_2002_21.csv,China,1441,1441,5764,0,0,0,0,0
SAT_Day_2002_21.csv,Türkiye,180,180,720,0,0,0,0,0
SAT_Day_2002_22.csv,China,1441,1441,5764,0,0,0,0,0
SAT_Day_2002_22.csv,Türkiye,180,180,720,0,0,0,0,0
SAT_Day_2002_23.csv,China,1441,1441,5764,0,0,0,0,0
SAT_Day_2002_23.csv,Türkiye,180,180,720,0,0,0,0,0
SAT_Day_2002_24.csv,China,1441,1441,5764,0,0,0,0,0
SAT_Day_2002_24.csv,Türkiye,180,180,720,0,0,0,0,0
SAT_Day_2002_3.csv,China,1441,1441,5764,0,0,0,0,0
SAT_Day_2002_3.csv,Türkiye,180,180,720,0,0,0,0,0
SAT_Day_2002_30.csv,China,1441,1441,5764,0,0,0,0,0
SAT_Day_2002_30.csv,Türkiye,180,180,720,0,0,0,0,0
SAT_Day_2002_4.csv,China,1441,1441,5764,0,0,0,0,0
SAT_Day_2002_4.csv,Türkiye,180,180,720,0,0,0,0,0
SAT_Day_2002_5.csv,China,1441,1441,5764,0,0,0,0,0
SAT_Day_2002_5.csv,Türkiye,180,180,720,0,0,0,0,0
SAT_Day_2002_6.csv,China,1441,1441,5764,0,0,0,0,0
SAT_Day_2002_6.csv,Türkiye,180,180,720,0,0,0,0,0
SAT_Day_2002_7.csv,China,1441,1441,5764,0,0,0,0,0
SAT_Day_2002_7.csv,Türkiye,180,180,720,0,0,0,0,0
SAT_Day_2002_8.csv,China,1441,1441,5764,0,0,0,0,0
SAT_Day_2002_8.csv,Türkiye,180,180,720,0,0,0,0,0
SAT_Day_2002_9.csv,China,1441,1441,5764,0,0,0,0,0
SAT_Day_2002_9.csv,Türkiye,180,180,720,0,0,0,0,0
SAT_Day_2003_1.csv,China,1441,1441,5764,0,0,0,0,0
SAT_Day_2003_1.csv,Türkiye,180,180,720,0,0,0,0,0
SAT_Day_2003_10.csv,China,1441,1441,5764,0,0,0,0,0
SAT_Day_2003_10.csv,Türkiye,180,180,720,0,0,0,0,0
SAT_Day_2003_11.csv,China,1441,1441,5764,0,0,0,0,0
SAT_Day_2003_11.csv,Türkiye,180,180,720,0,0,0,0,0
SAT_Day_2003_12.csv,China,1441,1441,5764,0,0,0,0,0
SAT_Day_2003_12.csv,Türkiye,180,180,720,0,0,0,0,0
SAT_Day_2003_2.csv,China,1441,1441,5764,0,0,0,0,0
SAT_Day_2003_2.csv,Türkiye,180,180,720,0,0,0,0,0
SAT_Day_2003_21.csv,China,1441,1441,5764,0,0,0,0,0
SAT_Day_2003_21.csv,Türkiye,180,180,720,0,0,0,0,0
SAT_Day_2003_22.csv,China,1441,1441,5764,0,0,0,0,0
SAT_Day_2003_22.csv,Türkiye,180,180,720,0,0,0,0,0
SAT_Day_2003_23.csv,China,1441,1441,5764,0,0,0,0,0
SAT_Day_2003_23.csv,Türkiye,180,180,720,0,0,0,0,0
SAT_Day_2003_24.csv,China,1441,1441,5764,0,0,0,0,0
SAT_Day_2003_24.csv,Türkiye,180,180,720,0,0,0,0,0
SAT_Day_2003_3.csv,China,1441,1441,5764,0,0,0,0,0
SAT_Day_2003_3.csv,Türkiye,180,180,720,0,0,0,0,0
SAT_Day_2003_30.csv,China,1441,1441,5764,0,0,0,0,0
SAT_Day_2003_30.csv,Türkiye,180,180,720,0,0,0,0,0
SAT_Day_2003_4.csv,China,1441,1441,5764,0,0,0,0,0
SAT_Day_2003_4.csv,Türkiye,180,180,720,0,0,0,0,0
SAT_Day_2003_5.csv,China,1441,1441,5764,0,0,0,0,0
SAT_Day_2003_5.csv,Türkiye,180,180,720,0,0,0,0,0
SAT_Day_2003_6.csv,China,1441,1441,5764,0,0,0,0,0
SAT_Day_2003_6.csv,Türkiye,180,180,720,0,0,0,0,0
SAT_Day_2003_7.csv,China,1441,1441,5764,0,0,0,0,0
SAT_Day_2003_7.csv,Türkiye,180,180,720,0,0,0,0,0
SAT_Day_2003_8.csv,China,1441,1441,5764,0,0,0,0,0
SAT_Day_2003_8.csv,Türkiye,180,180,720,0,0,0,0,0
SAT_Day_2003_9.csv,China,1441,1441,5764,0,0,0,0,0
SAT_Day_2003_9.csv,Türkiye,180,180,720,0,0,0,0,0
SAT_Day_2004_1.csv,China,1441,1441,5764,0,0,0,0,0
SAT_Day_2004_1.csv,Türkiye,180,180,720,0,0,0,0,0
SAT_Day_2004_10.csv,China,1441,1441,5764,0,0,0,0,0
SAT_Day_2004_10.csv,Türkiye,180,180,720,0,0,0,0,0
SAT_Day_2004_11.csv,China,1441,1441,5764,0,0,0,0,0
SAT_Day_2004_11.csv,Türkiye,180,180,720,0,0,0,0,0
SAT_Day_2004_12.csv,China,1441,1441,5764,0,0,0,0,0
SAT_Day_2004_12.csv,Türkiye,180,180,720,0,0,0,0,0
SAT_Day_2004_2.csv,China,1441,1441,5764,0,0,0,0,0
SAT_Day_2004_2.csv,Türkiye,180,180,720,0,0,0,0,0
SAT_Day_2004_21.csv,China,1441,1441,5764,0,0,0,0,0
SAT_Day_2004_21.csv,Türkiye,180,180,720,0,0,0,0,0
SAT_Day_2004_22.csv,China,1441,1441,5764,0,0,0,0,0
SAT_Day_2004_22.csv,Türkiye,180,180,720,0,0,0,0,0
SAT_Day_2004_23.csv,China,1441,1441,5764,0,0,0,0,0
SAT_Day_2004_23.csv,Türkiye,180,180,720,0,0,0,0,0
SAT_Day_2004_24.csv,China,1441,1441,5764,0,0,0,0,0
SAT_Day_2004_24.csv,Türkiye,180,180,720,0,0,0,0,0
SAT_Day_2004_3.csv,China,1441,1441,5764,0,0,0,0,0
SAT_Day_2004_3.csv,Türkiye,180,180,720,0,0,0,0,0
SAT_Day_2004_30.csv,China,1441,1441,5764,0,0,0,0,0
SAT_Day_2004_30.csv,Türkiye,180,180,720,0,0,0,0,0
SAT_Day_2004_4.csv,China,1441,1441,5764,0,0,0,0,0
SAT_Day_2004_4.csv,Türkiye,180,180,720,0,0,0,0,0
SAT_Day_2004_5.csv,China,1441,1441,5764,0,0,0,0,0
SAT_Day_2004_5.csv,Türkiye,180,180,720,0,0,0,0,0
SAT_Day_2004_6.csv,China,1441,1441,5764,0,0,0,0,0
SAT_Day_2004_6.csv,Türkiye,180,180,720,0,0,0,0,0
SAT_Day_2004_7.csv,China,1441,1441,5764,0,0,0,0,0
SAT_Day_2004_7.csv,Türkiye,180,180,720,0,0,0,0,0
SAT_Day_2004_8.csv,China,1441,1441,5764,0,0,0,0,0
SAT_Day_2004_8.csv,Türkiye,180,180,720,0,0,0,0,0
SAT_Day_2004_9.csv,China,1441,1441,5764,0,0,0,0,0
SAT_Day_2004_9.csv,Türkiye,180,180,720,0,0,0,0,0
SAT_Day_2005_1.csv,China,1441,1441,5764,0,0,0,0,0
SAT_Day_2005_1.csv,Türkiye,180,180,720,0,0,0,0,0
SAT_Day_2005_10.csv,China,1441,1441,5764,0,0,0,0,0
SAT_Day_2005_10.csv,Türkiye,180,180,720,0,0,0,0,0
SAT_Day_2005_11.csv,China,1441,1441,5764,0,0,0,0,0
SAT_Day_2005_11.csv,Türkiye,180,180,720,0,0,0,0,0
SAT_Day_2005_12.csv,China,1441,1441,5764,0,0,0,0,0
SAT_Day_2005_12.csv,Türkiye,180,180,720,0,0,0,0,0
SAT_Day_2005_2.csv,China,1441,1441,5764,0,0,0,0,0
SAT_Day_2005_2.csv,Türkiye,180,180,720,0,0,0,0,0
SAT_Day_2005_21.csv,China,1441,1441,5764,0,0,0,0,0
SAT_Day_2005_21.csv,Türkiye,180,180,720,0,0,0,0,0
SAT_Day_2005_22.csv,China,1441,1441,5764,0,0,0,0,0
SAT_Day_2005_22.csv,Türkiye,180,180,720,0,0,0,0,0
SAT_Day_2005_23.csv,China,1441,1441,5764,0,0,0,0,0
SAT_Day_2005_23.csv,Türkiye,180,180,720,0,0,0,0,0
SAT_Day_2005_24.csv,China,1441,1441,5764,0,0,0,0,0
SAT_Day_2005_24.csv,Türkiye,180,180,720,0,0,0,0,0
SAT_Day_2005_3.csv,China,1441,1441,5764,0,0,0,0,0
SAT_Day_2005_3.csv,Türkiye,180,180,720,0,0,0,0,0
SAT_Day_2005_30.csv,China,1441,1441,5764,0,0,0,0,0
SAT_Day_2005_30.csv,Türkiye,180,180,720,0,0,0,0,0
SAT_Day_2005_4.csv,China,1441,1441,5764,0,0,0,0,0
SAT_Day_2005_4.csv,Türkiye,180,180,720,0,0,0,0,0
SAT_Day_2005_5.csv,China,1441,1441,5764,0,0,0,0,0
SAT_Day_2005_5.csv,Türkiye,180,180,720,0,0,0,0,0
SAT_Day_2005_6.csv,China,1441,1441,5764,0,0,0,0,0
SAT_Day_2005_6.csv,Türkiye,180,180,720,0,0,0,0,0
SAT_Day_2005_7.csv,China,1441,1441,5764,0,0,0,0,0
SAT_Day_2005_7.csv,Türkiye,180,180,720,0,0,0,0,0
SAT_Day_2005_8.csv,China,1441,1441,5764,0,0,0,0,0
SAT_Day_2005_8.csv,Türkiye,180,180,720,0,0,0,0,0
SAT_Day_2005_9.csv,China,1441,1441,5764,0,0,0,0,0
SAT_Day_2005_9.csv,Türkiye,180,180,720,0,0,0,0,0
SAT_Day_2006_1.csv,China,1441,1441,5764,0,0,0,0,0
SAT_Day_2006_1.csv,Türkiye,180,180,720,0,0,0,0,0
SAT_Day_2006_10.csv,China,1441,1441,5764,0,0,0,0,0
SAT_Day_2006_10.csv,Türkiye,180,180,720,0,0,0,0,0
SAT_Day_2006_11.csv,China,1441,1441,5764,0,0,0,0,0
SAT_Day_2006_11.csv,Türkiye,180,180,720,0,0,0,0,0
SAT_Day_2006_12.csv,China,1441,1441,5764,0,0,0,0,0
SAT_Day_2006_12.csv,Türkiye,180,180,720,0,0,0,0,0
SAT_Day_2006_2.csv,China,1441,1441,5764,0,0,0,0,0
SAT_Day_2006_2.csv,Türkiye,180,180,720,0,0,0,0,0
SAT_Day_2006_21.csv,China,1441,1441,5764,0,0,0,0,0
SAT_Day_2006_21.csv,Türkiye,180,180,720,0,0,0,0,0
SAT_Day_2006_22.csv,China,1441,1441,5764,0,0,0,0,0
SAT_Day_2006_22.csv,Türkiye,180,180,720,0,0,0,0,0
SAT_Day_2006_23.csv,China,1441,1441,5764,0,0,0,0,0
SAT_Day_2006_23.csv,Türkiye,180,180,720,0,0,0,0,0
SAT_Day_2006_24.csv,China,1441,1441,5764,0,0,0,0,0
SAT_Day_2006_24.csv,Türkiye,180,180,720,0,0,0,0,0
SAT_Day_2006_3.csv,China,1441,1441,5764,0,0,0,0,0
SAT_Day_2006_3.csv,Türkiye,180,180,720,0,0,0,0,0
SAT_Day_2006_30.csv,China,1441,1441,5764,0,0,0,0,0
SAT_Day_2006_30.csv,Türkiye,180,180,720,0,0,0,0,0
SAT_Day_2006_4.csv,China,1441,1441,5764,0,0,0,0,0
SAT_Day_2006_4.csv,Türkiye,180,180,720,0,0,0,0,0
SAT_Day_2006_5.csv,China,1441,1441,5764,0,0,0,0,0
SAT_Day_2006_5.csv,Türkiye,180,180,720,0,0,0,0,0
SAT_Day_2006_6.csv,China,1441,1441,5764,0,0,0,0,0
SAT_Day_2006_6.csv,Türkiye,180,180,720,0,0,0,0,0
SAT_Day_2006_7.csv,China,1441,1441,5764,0,0,0,0,0
SAT_Day_2006_7.csv,Türkiye,180,180,720,0,0,0,0,0
SAT_Day_2006_8.csv,China,1441,1441,5764,0,0,0,0,0
SAT_Day_2006_8.csv,Türkiye,180,180,720,0,0,0,0,0
SAT_Day_2006_9.csv,China,1441,1441,5764,0,0,0,0,0
SAT_Day_2006_9.csv,Türkiye,180,180,720,0,0,0,0,0
SAT_Day_2007_1.csv,China,1441,1441,5764,0,0,0,0,0
SAT_Day_2007_1.csv,Türkiye,180,180,720,0,0,0,0,0
SAT_Day_2007_10.csv,China,1441,1441,5764,0,0,0,0,0
SAT_Day_2007_10.csv,Türkiye,180,180,720,0,0,0,0,0
SAT_Day_2007_11.csv,China,1441,1441,5764,0,0,0,0,0
SAT_Day_2007_11.csv,Türkiye,180,180,720,0,0,0,0,0
SAT_Day_2007_12.csv,China,1441,1441,5764,0,0,0,0,0
SAT_Day_2007_12.csv,Türkiye,180,180,720,0,0,0,0,0
SAT_Day_2007_2.csv,China,1441,1441,5764,0,0,0,0,0
SAT_Day_2007_2.csv,Türkiye,180,180,720,0,0,0,0,0
SAT_Day_2007_21.csv,China,1441,1441,5764,0,0,0,0,0
SAT_Day_2007_21.csv,Türkiye,180,180,720,0,0,0,0,0
SAT_Day_2007_22.csv,China,1441,1441,5764,0,0,0,0,0
SAT_Day_2007_22.csv,Türkiye,180,180,720,0,0,0,0,0
SAT_Day_2007_23.csv,China,1441,1441,5764,0,0,0,0,0
SAT_Day_2007_23.csv,Türkiye,180,180,720,0,0,0,0,0
SAT_Day_2007_24.csv,China,1441,1441,5764,0,0,0,0,0
SAT_Day_2007_24.csv,Türkiye,180,180,720,0,0,0,0,0
SAT_Day_2007_3.csv,China,1441,1441,5764,0,0,0,0,0
SAT_Day_2007_3.csv,Türkiye,180,180,720,0,0,0,0,0
SAT_Day_2007_30.csv,China,1441,1441,5764,0,0,0,0,0
SAT_Day_2007_30.csv,Türkiye,180,180,720,0,0,0,0,0
SAT_Day_2007_4.csv,China,1441,1441,5764,0,0,0,0,0
SAT_Day_2007_4.csv,Türkiye,180,180,720,0,0,0,0,0
SAT_Day_2007_5.csv,China,1441,1441,5764,0,0,0,0,0
SAT_Day_2007_5.csv,Türkiye,180,180,720,0,0,0,0,0
SAT_Day_2007_6.csv,China,1441,1441,5764,0,0,0,0,0
SAT_Day_2007_6.csv,Türkiye,180,180,720,0,0,0,0,0
SAT_Day_2007_7.csv,China,1441,1441,5764,0,0,0,0,0
SAT_Day_2007_7.csv,Türkiye,180,180,720,0,0,0,0,0
SAT_Day_2007_8.csv,China,1441,1441,5764,0,0,0,0,0
SAT_Day_2007_8.csv,Türkiye,180,180,720,0,0,0,0,0
SAT_Day_2007_9.csv,China,1441,1441,5764,0,0,0,0,0
SAT_Day_2007_9.csv,Türkiye,180,180,720,0,0,0,0,0
SAT_Day_2008_1.csv,China,1441,1441,5764,0,0,0,0,0
SAT_Day_2008_1.csv,Türkiye,180,180,720,0,0,0,0,0
SAT_Day_2008_10.csv,China,1441,1441,5764,0,0,0,0,0
SAT_Day_2008_10.csv,Türkiye,180,180,720,0,0,0,0,0
SAT_Day_2008_11.csv,China,1441,1441,5764,0,0,0,0,0
SAT_Day_2008_11.csv,Türkiye,180,180,720,0,0,0,0,0
SAT_Day_2008_12.csv,China,1441,1441,5764,0,0,0,0,0
SAT_Day_2008_12.csv,Türkiye,180,180,720,0,0,0,0,0
SAT_Day_2008_2.csv,China,1441,1441,5764,0,0,0,0,0
SAT_Day_2008_2.csv,Türkiye,180,180,720,0,0,0,0,0
SAT_Day_2008_21.csv,China,1441,1441,5764,0,0,0,0,0
SAT_Day_2008_21.csv,Türkiye,180,180,720,0,0,0,0,0
SAT_Day_2008_22.csv,China,1441,1441,5764,0,0,0,0,0
SAT_Day_2008_22.csv,Türkiye,180,180,720,0,0,0,0,0
SAT_Day_2008_23.csv,China,1441,1441,5764,0,0,0,0,0
SAT_Day_2008_23.csv,Türkiye,180,180,720,0,0,0,0,0
SAT_Day_2008_24.csv,China,1441,1441,5764,0,0,0,0,0
SAT_Day_2008_24.csv,Türkiye,180,180,720,0,0,0,0,0
SAT_Day_2008_3.csv,China,1441,1441,5764,0,0,0,0,0
SAT_Day_2008_3.csv,Türkiye,180,180,720,0,0,0,0,0
SAT_Day_2008_30.csv,China,1441,1441,5764,0,0,0,0,0
SAT_Day_2008_30.csv,Türkiye,180,180,720,0,0,0,0,0
SAT_Day_2008_4.csv,China,1441,1441,5764,0,0,0,0,0
SAT_Day_2008_4.csv,Türkiye,180,180,720,0,0,0,0,0
SAT_Day_2008_5.csv,China,1441,1441,5764,0,0,0,0,0
SAT_Day_2008_5.csv,Türkiye,180,180,720,0,0,0,0,0
SAT_Day_2008_6.csv,China,1441,1441,5764,0,0,0,0,0
SAT_Day_2008_6.csv,Türkiye,180,180,720,0,0,0,0,0
SAT_Day_2008_7.csv,China,1441,1441,5764,0,0,0,0,0
SAT_Day_2008_7.csv,Türkiye,180,180,720,0,0,0,0,0
SAT_Day_2008_8.csv,China,1441,1441,5764,0,0,0,0,0
SAT_Day_2008_8.csv,Türkiye,180,180,720,0,0,0,0,0
SAT_Day_2008_9.csv,China,1441,1441,5764,0,0,0,0,0
SAT_Day_2008_9.csv,Türkiye,180,180,720,0,0,0,0,0
SAT_Day_2009_1.csv,China,1441,1441,5764,0,0,0,0,0
SAT_Day_2009_1.csv,Türkiye,180,180,720,0,0,0,0,0
SAT_Day_2009_10.csv,China,1441,1441,5764,0,0,0,0,0
SAT_Day_2009_10.csv,Türkiye,180,180,720,0,0,0,0,0
SAT_Day_2009_11.csv,China,1441,1441,5764,0,0,0,0,0
SAT_Day_2009_11.csv,Türkiye,180,180,720,0,0,0,0,0
SAT_Day_2009_12.csv,China,1441,1441,5764,0,0,0,0,0
SAT_Day_2009_12.csv,Türkiye,180,180,720,0,0,0,0,0
SAT_Day_2009_2.csv,China,1441,1441,5764,0,0,0,0,0
SAT_Day_2009_2.csv,Türkiye,180,180,720,0,0,0,0,0
SAT_Day_2009_21.csv,China,1441,1441,5764,0,0,0,0,0
SAT_Day_2009_21.csv,Türkiye,180,180,720,0,0,0,0,0
SAT_Day_2009_22.csv,China,1441,1441,5764,0,0,0,0,0
SAT_Day_2009_22.csv,Türkiye,180,180,720,0,0,0,0,0
SAT_Day_2009_23.csv,China,1441,1441,5764,0,0,0,0,0
SAT_Day_2009_23.csv,Türkiye,180,180,720,0,0,0,0,0
SAT_Day_2009_24.csv,China,1441,1441,5764,0,0,0,0,0
SAT_Day_2009_24.csv,Türkiye,180,180,720,0,0,0,0,0
SAT_Day_2009_3.csv,China,1441,1441,5764,0,0,0,0,0
SAT_Day_2009_3.csv,Türkiye,180,180,720,0,0,0,0,0
SAT_Day_2009_30.csv,China,1441,1441,5764,0,0,0,0,0
SAT_Day_2009_30.csv,Türkiye,180,180,720,0,0,0,0,0
SAT_Day_2009_4.csv,China,1441,1441,5764,0,0,0,0,0
SAT_Day_2009_4.csv,Türkiye,180,180,720,0,0,0,0,0
SAT_Day_2009_5.csv,China,1441,1441,5764,0,0,0,0,0
SAT_Day_2009_5.csv,Türkiye,180,180,720,0,0,0,0,0
SAT_Day_2009_6.csv,China,1441,1441,5764,0,0,0,0,0
SAT_Day_2009_6.csv,Türkiye,180,180,720,0,0,0,0,0
SAT_Day_2009_7.csv,China,1441,1441,5764,0,0,0,0,0
SAT_Day_2009_7.csv,Türkiye,180,180,720,0,0,0,0,0
SAT_Day_2009_8.csv,China,1441,1441,5764,0,0,0,0,0
SAT_Day_2009_8.csv,Türkiye,180,180,720,0,0,0,0,0
SAT_Day_2009_9.csv,China,1441,1441,5764,0,0,0,0,0
SAT_Day_2009_9.csv,Türkiye,180,180,720,0,0,0,0,0
SAT_Day_2010_1.csv,China,1441,1441,5764,0,0,0,0,0
SAT_Day_2010_1.csv,Türkiye,180,180,720,0,0,0,0,0
SAT_Day_2010_10.csv,China,1441,1441,5764,0,0,0,0,0
SAT_Day_2010_10.csv,Türkiye,180,180,720,0,0,0,0,0
SAT_Day_2010_11.csv,China,1441,1441,5764,0,0,0,0,0
SAT_Day_2010_11.csv,Türkiye,180,180,720,0,0,0,0,0
SAT_Day_2010_12.csv,China,1441,1441,5764,0,0,0,0,0
SAT_Day_2010_12.csv,Türkiye,180,180,720,0,0,0,0,0
SAT_Day_2010_2.csv,China,1441,1441,5764,0,0,0,0,0
SAT_Day_2010_2.csv,Türkiye,180,180,720,0,0,0,0,0
SAT_Day_2010_21.csv,China,1441,1441,5764,0,0,0,0,0
SAT_Day_2010_21.csv,Türkiye,180,180,720,0,0,0,0,0
SAT_Day_2010_22.csv,China,1441,1441,5764,0,0,0,0,0
SAT_Day_2010_22.csv,Türkiye,180,180,720,0,0,0,0,0
SAT_Day_2010_23.csv,China,1441,1441,5764,0,0,0,0,0
SAT_Day_2010_23.csv,Türkiye,180,180,720,0,0,0,0,0
SAT_Day_2010_24.csv,China,1441,1441,5764,0,0,0,0,0
SAT_Day_2010_24.csv,Türkiye,180,180,720,0,0,0,0,0
SAT_Day_2010_3.csv,China,1441,1441,5764,0,0,0,0,0
SAT_Day_2010_3.csv,Türkiye,180,180,720,0,0,0,0,0
SAT_Day_2010_30.csv,China,1441,1441,5764,0,0,0,0,0
SAT_Day_2010_30.csv,Türkiye,180,180,720,0,0,0,0,0
SAT_Day_2010_4.csv,China,1441,1441,5764,0,0,0,0,0
SAT_Day_2010_4.csv,Türkiye,180,180,720,0,0,0,0,0
SAT_Day_2010_5.csv,China,1441,1441,5764,0,0,0,0,0
SAT_Day_2010_5.csv,Türkiye,180,180,720,0,0,0,0,0
SAT_Day_2010_6.csv,China,1441,1441,5764,0,0,0,0,0
SAT_Day_2010_6.csv,Türkiye,180,180,720,0,0,0,0,0
SAT_Day_2010_7.csv,China,1441,1441,5764,0,0,0,0,0
SAT_Day_2010_7.csv,Türkiye,180,180,720,0,0,0,0,0
SAT_Day_2010_8.csv,China,1441,1441,5764,0,0,0,0,0
SAT_Day_2010_8.csv,Türkiye,180,180,720,0,0,0,0,0
SAT_Day_2010_9.csv,China,1441,1441,5764,0,0,0,0,0
SAT_Day_2010_9.csv,Türkiye,180,180,720,0,0,0,0,0
SAT_Day_2011_1.csv,China,1441,1441,5764,0,0,0,0,0
SAT_Day_2011_1.csv,Türkiye,180,180,720,0,0,0,0,0
SAT_Day_2011_10.csv,China,1441,1441,5764,0,0,0,0,0
SAT_Day_2011_10.csv,Türkiye,180,180,720,0,0,0,0,0
SAT_Day_2011_11.csv,China,1441,1441,5764,0,0,0,0,0
SAT_Day_2011_11.csv,Türkiye,180,180,720,0,0,0,0,0
SAT_Day_2011_12.csv,China,1441,1441,5764,0,0,0,0,0
SAT_Day_2011_12.csv,Türkiye,180,180,720,0,0,0,0,0
SAT_Day_2011_2.csv,China,1441,1441,5764,0,0,0,0,0
SAT_Day_2011_2.csv,Türkiye,180,180,720,0,0,0,0,0
SAT_Day_2011_21.csv,China,1441,1441,5764,0,0,0,0,0
SAT_Day_2011_21.csv,Türkiye,180,180,720,0,0,0,0,0
SAT_Day_2011_22.csv,China,1441,1441,5764,0,0,0,0,0
SAT_Day_2011_22.csv,Türkiye,180,180,720,0,0,0,0,0
SAT_Day_2011_23.csv,China,1441,1441,5764,0,0,0,0,0
SAT_Day_2011_23.csv,Türkiye,180,180,720,0,0,0,0,0
SAT_Day_2011_24.csv,China,1441,1441,5764,0,0,0,0,0
SAT_Day_2011_24.csv,Türkiye,180,180,720,0,0,0,0,0
SAT_Day_2011_3.csv,China,1441,1441,5764,0,0,0,0,0
SAT_Day_2011_3.csv,Türkiye,180,180,720,0,0,0,0,0
SAT_Day_2011_30.csv,China,1441,1441,5764,0,0,0,0,0
SAT_Day_2011_30.csv,Türkiye,180,180,720,0,0,0,0,0
SAT_Day_2011_4.csv,China,1441,1441,5764,0,0,0,0,0
SAT_Day_2011_4.csv,Türkiye,180,180,720,0,0,0,0,0
SAT_Day_2011_5.csv,China,1441,1441,5764,0,0,0,0,0
SAT_Day_2011_5.csv,Türkiye,180,180,720,0,0,0,0,0
SAT_Day_2011_6.csv,China,1441,1441,5764,0,0,0,0,0
SAT_Day_2011_6.csv,Türkiye,180,180,720,0,0,0,0,0
SAT_Day_2011_7.csv,China,1441,1441,5764,0,0,0,0,0
SAT_Day_2011_7.csv,Türkiye,180,180,720,0,0,0,0,0
SAT_Day_2011_8.csv,China,1441,1441,5764,0,0,0,0,0
SAT_Day_2011_8.csv,Türkiye,180,180,720,0,0,0,0,0
SAT_Day_2011_9.csv,China,1441,1441,5764,0,0,0,0,0
SAT_Day_2011_9.csv,Türkiye,180,180,720,0,0,0,0,0
SAT_Day_2012_1.csv,China,1441,1441,5764,0,0,0,0,0
SAT_Day_2012_1.csv,Türkiye,180,180,720,0,0,0,0,0
SAT_Day_2012_10.csv,China,1441,1441,5764,0,0,0,0,0
SAT_Day_2012_10.csv,Türkiye,180,180,720,0,0,0,0,0
SAT_Day_2012_11.csv,China,1441,1441,5764,0,0,0,0,0
SAT_Day_2012_11.csv,Türkiye,180,180,720,0,0,0,0,0
SAT_Day_2012_12.csv,China,1441,1441,5764,0,0,0,0,0
SAT_Day_2012_12.csv,Türkiye,180,180,720,0,0,0,0,0
SAT_Day_2012_2.csv,China,1441,1441,5764,0,0,0,0,0
SAT_Day_2012_2.csv,Türkiye,180,180,720,0,0,0,0,0
SAT_Day_2012_21.csv,China,1441,1441,5764,0,0,0,0,0
SAT_Day_2012_21.csv,Türkiye,180,180,720,0,0,0,0,0
SAT_Day_2012_22.csv,China,1441,1441,5764,0,0,0,0,0
SAT_Day_2012_22.csv,Türkiye,180,180,720,0,0,0,0,0
SAT_Day_2012_23.csv,China,1441,1441,5764,0,0,0,0,0
SAT_Day_2012_23.csv,Türkiye,180,180,720,0,0,0,0,0
SAT_Day_2012_24.csv,China,1441,1441,5764,0,0,0,0,0
SAT_Day_2012_24.csv,Türkiye,180,180,720,0,0,0,0,0
SAT_Day_2012_3.csv,China,1441,1441,5764,0,0,0,0,0
SAT_Day_2012_3.csv,Türkiye,180,180,720,0,0,0,0,0
SAT_Day_2012_30.csv,China,1441,1441,5764,0,0,0,0,0
SAT_Day_2012_30.csv,Türkiye,180,180,720,0,0,0,0,0
SAT_Day_2012_4.csv,China,1441,1441,5764,0,0,0,0,0
SAT_Day_2012_4.csv,Türkiye,180,180,720,0,0,0,0,0
SAT_Day_2012_5.csv,China,1441,1441,5764,0,0,0,0,0
SAT_Day_2012_5.csv,Türkiye,180,180,720,0,0,0,0,0
SAT_Day_2012_6.csv,China,1441,1441,5764,0,0,0,0,0
SAT_Day_2012_6.csv,Türkiye,180,180,720,0,0,0,0,0
SAT_Day_2012_7.csv,China,1441,1441,5764,0,0,0,0,0
SAT_Day_2012_7.csv,Türkiye,180,180,720,0,0,0,0,0
SAT_Day_2012_8.csv,China,1441,1441,5764,0,0,0,0,0
SAT_Day_2012_8.csv,Türkiye,180,180,720,0,0,0,0,0
SAT_Day_2012_9.csv,China,1441,1441,5764,0,0,0,0,0
SAT_Day_2012_9.csv,Türkiye,180,180,720,0,0,0,0,0
SAT_Day_2013_1.csv,China,1441,1441,5764,0,0,0,0,0
SAT_Day_2013_1.csv,Türkiye,180,180,720,0,0,0,0,0
SAT_Day_2013_10.csv,China,1441,1441,5764,0,0,0,0,0
SAT_Day_2013_10.csv,Türkiye,180,180,720,0,0,0,0,0
SAT_Day_2013_11.csv,China,1441,1441,5764,0,0,0,0,0
SAT_Day_2013_11.csv,Türkiye,180,180,720,0,0,0,0,0
SAT_Day_2013_12.csv,China,1441,1441,5764,0,0,0,0,0
SAT_Day_2013_12.csv,Türkiye,180,180,720,0,0,0,0,0
SAT_Day_2013_2.csv,China,1441,1441,5764,0,0,0,0,0
SAT_Day_2013_2.csv,Türkiye,180,180,720,0,0,0,0,0
SAT_Day_2013_21.csv,China,1441,1441,5764,0,0,0,0,0
SAT_Day_2013_21.csv,Türkiye,180,180,720,0,0,0,0,0
SAT_Day_2013_22.csv,China,1441,1441,5764,0,0,0,0,0
SAT_Day_2013_22.csv,Türkiye,180,180,720,0,0,0,0,0
SAT_Day_2013_23.csv,China,1441,1441,5764,0,0,0,0,0
SAT_Day_2013_23.csv,Türkiye,180,180,720,0,0,0,0,0
SAT_Day_2013_24.csv,China,1441,1441,5764,0,0,0,0,0
SAT_Day_2013_24.csv,Türkiye,180,180,720,0,0,0,0,0
SAT_Day_2013_3.csv,China,1441,1441,5764,0,0,0,0,0
SAT_Day_2013_3.csv,Türkiye,180,180,720,0,0,0,0,0
SAT_Day_2013_30.csv,China,1441,1441,5764,0,0,0,0,0
SAT_Day_2013_30.csv,Türkiye,180,180,720,0,0,0,0,0
SAT_Day_2013_4.csv,China,1441,1441,5764,0,0,0,0,0
SAT_Day_2013_4.csv,Türkiye,180,180,720,0,0,0,0,0
SAT_Day_2013_5.csv,China,1441,1441,5764,0,0,0,0,0
SAT_Day_2013_5.csv,Türkiye,180,180,720,0,0,0,0,0
SAT_Day_2013_6.csv,China,1441,1441,5764,0,0,0,0,0
SAT_Day_2013_6.csv,Türkiye,180,180,720,0,0,0,0,0
SAT_Day_2013_7.csv,China,1441,1441,5764,0,0,0,0,0
SAT_Day_2013_7.csv,Türkiye,180,180,720,0,0,0,0,0
SAT_Day_2013_8.csv,China,1441,1441,5764,0,0,0,0,0
SAT_Day_2013_8.csv,Türkiye,180,180,720,0,0,0,0,0
SAT_Day_2013_9.csv,China,1441,1441,5764,0,0,0,0,0
SAT_Day_2013_9.csv,Türkiye,180,180,720,0,0,0,0,0
SAT_Day_2014_1.csv,China,1441,1441,5764,0,0,0,0,0
SAT_Day_2014_1.csv,Türkiye,180,180,720,0,0,0,0,0
SAT_Day_2014_10.csv,China,1441,1441,5764,0,0,0,0,0
SAT_Day_2014_10.csv,Türkiye,180,180,720,0,0,0,0,0
SAT_Day_2014_11.csv,China,1441,1441,5764,0,0,0,0,0
SAT_Day_2014_11.csv,Türkiye,180,180,720,0,0,0,0,0
SAT_Day_2014_12.csv,China,1441,1441,5764,0,0,0,0,0
SAT_Day_2014_12.csv,Türkiye,180,180,720,0,0,0,0,0
SAT_Day_2014_2.csv,China,1441,1441,5764,0,0,0,0,0
SAT_Day_2014_2.csv,Türkiye,180,180,720,0,0,0,0,0
SAT_Day_2014_21.csv,China,1441,1441,5764,0,0,0,0,0
SAT_Day_2014_21.csv,Türkiye,180,180,720,0,0,0,0,0
SAT_Day_2014_22.csv,China,1441,1441,5764,0,0,0,0,0
SAT_Day_2014_22.csv,Türkiye,180,180,720,0,0,0,0,0
SAT_Day_2014_23.csv,China,1441,1441,5764,0,0,0,0,0
SAT_Day_2014_23.csv,Türkiye,180,180,720,0,0,0,0,0
SAT_Day_2014_24.csv,China,1441,1441,5764,0,0,0,0,0
SAT_Day_2014_24.csv,Türkiye,180,180,720,0,0,0,0,0
SAT_Day_2014_3.csv,China,1441,1441,5764,0,0,0,0,0
SAT_Day_2014_3.csv,Türkiye,180,180,720,0,0,0,0,0
SAT_Day_2014_30.csv,China,1441,1441,5764,0,0,0,0,0
SAT_Day_2014_30.csv,Türkiye,180,180,720,0,0,0,0,0
SAT_Day_2014_4.csv,China,1441,1441,5764,0,0,0,0,0
SAT_Day_2014_4.csv,Türkiye,180,180,720,0,0,0,0,0
SAT_Day_2014_5.csv,China,1441,1441,5764,0,0,0,0,0
SAT_Day_2014_5.csv,Türkiye,180,180,720,0,0,0,0,0
SAT_Day_2014_6.csv,China,1441,1441,5764,0,0,0,0,0
SAT_Day_2014_6.csv,Türkiye,180,180,720,0,0,0,0,0
SAT_Day_2014_7.csv,China,1441,1441,5764,0,0,0,0,0
SAT_Day_2014_7.csv,Türkiye,180,180,720,0,0,0,0,0
SAT_Day_2014_8.csv,China,1441,1441,5764,0,0,0,0,0
SAT_Day_2014_8.csv,Türkiye,180,180,720,0,0,0,0,0
SAT_Day_2014_9.csv,China,1441,1441,5764,0,0,0,0,0
SAT_Day_2014_9.csv,Türkiye,180,180,720,0,0,0,0,0
SAT_Day_2015_1.csv,China,1441,1441,5764,0,0,0,0,0
SAT_Day_2015_1.csv,Türkiye,180,180,720,0,0,0,0,0
SAT_Day_2015_10.csv,China,1441,1441,5764,0,0,0,0,0
SAT_Day_2015_10.csv,Türkiye,180,180,720,0,0,0,0,0
SAT_Day_2015_11.csv,China,1441,1441,5764,0,0,0,0,0
SAT_Day_2015_11.csv,Türkiye,180,180,720,0,0,0,0,0
SAT_Day_2015_12.csv,China,1441,1441,5764,0,0,0,0,0
SAT_Day_2015_12.csv,Türkiye,180,180,720,0,0,0,0,0
SAT_Day_2015_2.csv,China,1441,1441,5764,0,0,0,0,0
SAT_Day_2015_2.csv,Türkiye,180,180,720,0,0,0,0,0
SAT_Day_2015_21.csv,China,1441,1441,5764,0,0,0,0,0
SAT_Day_2015_21.csv,Türkiye,180,180,720,0,0,0,0,0
SAT_Day_2015_22.csv,China,1441,1441,5764,0,0,0,0,0
SAT_Day_2015_22.csv,Türkiye,180,180,720,0,0,0,0,0
SAT_Day_2015_23.csv,China,1441,1441,5764,0,0,0,0,0
SAT_Day_2015_23.csv,Türkiye,180,180,720,0,0,0,0,0
SAT_Day_2015_24.csv,China,1441,1441,5764,0,0,0,0,0
SAT_Day_2015_24.csv,Türkiye,180,180,720,0,0,0,0,0
SAT_Day_2015_3.csv,China,1441,1441,5764,0,0,0,0,0
SAT_Day_2015_3.csv,Türkiye,180,180,720,0,0,0,0,0
SAT_Day_2015_30.csv,China,1441,1441,5764,0,0,0,0,0
SAT_Day_2015_30.csv,Türkiye,180,180,720,0,0,0,0,0
SAT_Day_2015_4.csv,China,1441,1441,5764,0,0,0,0,0
SAT_Day_2015_4.csv,Türkiye,180,180,720,0,0,0,0,0
SAT_Day_2015_5.csv,China,1441,1441,5764,0,0,0,0,0
SAT_Day_2015_5.csv,Türkiye,180,180,720,0,0,0,0,0
SAT_Day_2015_6.csv,China,1441,1441,5764,0,0,0,0,0
SAT_Day_2015_6.csv,Türkiye,180,180,720,0,0,0,0,0
SAT_Day_2015_7.csv,China,1441,1441,5764,0,0,0,0,0
SAT_Day_2015_7.csv,Türkiye,180,180,720,0,0,0,0,0
SAT_Day_2015_8.csv,China,1441,1441,5764,0,0,0,0,0
SAT_Day_2015_8.csv,Türkiye,180,180,720,0,0,0,0,0
SAT_Day_2015_9.csv,China,1441,1441,5764,0,0,0,0,0
SAT_Day_2015_9.csv,Türkiye,180,180,720,0,0,0,0,0
SAT_Day_2016_1.csv,China,1441,1441,5764,0,0,0,0,0
SAT_Day_2016_1.csv,Türkiye,180,180,720,0,0,0,0,0
SAT_Day_2016_10.csv,China,1441,1441,5764,0,0,0,0,0
SAT_Day_2016_10.csv,Türkiye,180,180,720,0,0,0,0,0
SAT_Day_2016_11.csv,China,1441,1441,5764,0,0,0,0,0
SAT_Day_2016_11.csv,Türkiye,180,180,720,0,0,0,0,0
SAT_Day_2016_12.csv,China,1441,1441,5764,0,0,0,0,0
SAT_Day_2016_12.csv,Türkiye,180,180,720,0,0,0,0,0
SAT_Day_2016_2.csv,China,1441,1441,5764,0,0,0,0,0
SAT_Day_2016_2.csv,Türkiye,180,180,720,0,0,0,0,0
SAT_Day_2016_21.csv,China,1441,1441,5764,0,0,0,0,0
SAT_Day_2016_21.csv,Türkiye,180,180,720,0,0,0,0,0
SAT_Day_2016_22.csv,China,1441,1441,5764,0,0,0,0,0
SAT_Day_2016_22.csv,Türkiye,180,180,720,0,0,0,0,0
SAT_Day_2016_23.csv,China,1441,1441,5764,0,0,0,0,0
SAT_Day_2016_23.csv,Türkiye,180,180,720,0,0,0,0,0
SAT_Day_2016_24.csv,China,1441,1441,5764,0,0,0,0,0
SAT_Day_2016_24.csv,Türkiye,180,180,720,0,0,0,0,0
SAT_Day_2016_3.csv,China,1441,1441,5764,0,0,0,0,0
SAT_Day_2016_3.csv,Türkiye,180,180,720,0,0,0,0,0
SAT_Day_2016_30.csv,China,1441,1441,5764,0,0,0,0,0
SAT_Day_2016_30.csv,Türkiye,180,180,720,0,0,0,0,0
SAT_Day_2016_4.csv,China,1441,1441,5764,0,0,0,0,0
SAT_Day_2016_4.csv,Türkiye,180,180,720,0,0,0,0,0
SAT_Day_2016_5.csv,China,1441,1441,5764,0,0,0,0,0
SAT_Day_2016_5.csv,Türkiye,180,180,720,0,0,0,0,0
SAT_Day_2016_6.csv,China,1441,1441,5764,0,0,0,0,0
SAT_Day_2016_6.csv,Türkiye,180,180,720,0,0,0,0,0
SAT_Day_2016_7.csv,China,1441,1441,5764,0,0,0,0,0
SAT_Day_2016_7.csv,Türkiye,180,180,720,0,0,0,0,0
SAT_Day_2016_8.csv,China,1441,1441,5764,0,0,0,0,0
SAT_Day_2016_8.csv,Türkiye,180,180,720,0,0,0,0,0
SAT_Day_2016_9.csv,China,1441,1441,5764,0,0,0,0,0
SAT_Day_2016_9.csv,Türkiye,180,180,720,0,0,0,0,0
SAT_Day_2017_1.csv,China,1441,1441,5764,0,0,0,0,0
SAT_Day_2017_1.csv,Türkiye,180,180,720,0,0,0,0,0
SAT_Day_2017_10.csv,China,1441,1441,5764,0,0,0,0,0
SAT_Day_2017_10.csv,Türkiye,180,180,720,0,0,0,0,0
SAT_Day_2017_11.csv,China,1441,1441,5764,0,0,0,0,0
SAT_Day_2017_11.csv,Türkiye,180,180,720,0,0,0,0,0
SAT_Day_2017_12.csv,China,1441,1441,5764,0,0,0,0,0
SAT_Day_2017_12.csv,Türkiye,180,180,720,0,0,0,0,0
SAT_Day_2017_2.csv,China,1441,1441,5764,0,0,0,0,0
SAT_Day_2017_2.csv,Türkiye,180,180,720,0,0,0,0,0
SAT_Day_2017_21.csv,China,1441,1441,5764,0,0,0,0,0
SAT_Day_2017_21.csv,Türkiye,180,180,720,0,0,0,0,0
SAT_Day_2017_22.csv,China,1441,1441,5764,0,0,0,0,0
SAT_Day_2017_22.csv,Türkiye,180,180,720,0,0,0,0,0
SAT_Day_2017_23.csv,China,1441,1441,5764,0,0,0,0,0
SAT_Day_2017_23.csv,Türkiye,180,180,720,0,0,0,0,0
SAT_Day_2017_24.csv,China,1441,1441,5764,0,0,0,0,0
SAT_Day_2017_24.csv,Türkiye,180,180,720,0,0,0,0,0
SAT_Day_2017_3.csv,China,1441,1441,5764,0,0,0,0,0
SAT_Day_2017_3.csv,Türkiye,180,180,720,0,0,0,0,0
SAT_Day_2017_30.csv,China,1441,1441,5764,0,0,0,0,0
SAT_Day_2017_30.csv,Türkiye,180,180,720,0,0,0,0,0
SAT_Day_2017_4.csv,China,1441,1441,5764,0,0,0,0,0
SAT_Day_2017_4.csv,Türkiye,180,180,720,0,0,0,0,0
SAT_Day_2017_5.csv,China,1441,1441,5764,0,0,0,0,0
SAT_Day_2017_5.csv,Türkiye,180,180,720,0,0,0,0,0
SAT_Day_2017_6.csv,China,1441,1441,5764,0,0,0,0,0
SAT_Day_2017_6.csv,Türkiye,180,180,720,0,0,0,0,0
SAT_Day_2017_7.csv,China,1441,1441,5764,0,0,0,0,0
SAT_Day_2017_7.csv,Türkiye,180,180,720,0,0,0,0,0
SAT_Day_2017_8.csv,China,1441,1441,5764,0,0,0,0,0
SAT_Day_2017_8.csv,Türkiye,180,180,720,0,0,0,0,0
SAT_Day_2017_9.csv,China,1441,1441,5764,0,0,0,0,0
SAT_Day_2017_9.csv,Türkiye,180,180,720,0,0,0,0,0
SAT_Day_2018_1.csv,China,1441,1441,5764,0,0,0,0,0
SAT_Day_2018_1.csv,Türkiye,180,180,720,0,0,0,0,0
SAT_Day_2018_10.csv,China,1441,1441,5764,0,0,0,0,0
SAT_Day_2018_10.csv,Türkiye,180,180,720,0,0,0,0,0
SAT_Day_2018_11.csv,China,1441,1441,5764,0,0,0,0,0
SAT_Day_2018_11.csv,Türkiye,180,180,720,0,0,0,0,0
SAT_Day_2018_12.csv,China,1441,1441,5764,0,0,0,0,0
SAT_Day_2018_12.csv,Türkiye,180,180,720,0,0,0,0,0
SAT_Day_2018_2.csv,China,1441,1441,5764,0,0,0,0,0
SAT_Day_2018_2.csv,Türkiye,180,180,720,0,0,0,0,0
SAT_Day_2018_21.csv,China,1441,1441,5764,0,0,0,0,0
SAT_Day_2018_21.csv,Türkiye,180,180,720,0,0,0,0,0
SAT_Day_2018_22.csv,China,1441,1441,5764,0,0,0,0,0
SAT_Day_2018_22.csv,Türkiye,180,180,720,0,0,0,0,0
SAT_Day_2018_23.csv,China,1441,1441,5764,0,0,0,0,0
SAT_Day_2018_23.csv,Türkiye,180,180,720,0,0,0,0,0
SAT_Day_2018_24.csv,China,1441,1441,5764,0,0,0,0,0
SAT_Day_2018_24.csv,Türkiye,180,180,720,0,0,0,0,0
SAT_Day_2018_3.csv,China,1441,1441,5764,0,0,0,0,0
SAT_Day_2018_3.csv,Türkiye,180,180,720,0,0,0,0,0
SAT_Day_2018_30.csv,China,1441,1441,5764,0,0,0,0,0
SAT_Day_2018_30.csv,Türkiye,180,180,720,0,0,0,0,0
SAT_Day_2018_4.csv,China,1441,1441,5764,0,0,0,0,0
SAT_Day_2018_4.csv,Türkiye,180,180,720,0,0,0,0,0
SAT_Day_2018_5.csv,China,1441,1441,5764,0,0,0,0,0
SAT_Day_2018_5.csv,Türkiye,180,180,720,0,0,0,0,0
SAT_Day_2018_6.csv,China,1441,1441,5764,0,0,0,0,0
SAT_Day_2018_6.csv,Türkiye,180,180,720,0,0,0,0,0
SAT_Day_2018_7.csv,China,1441,1441,5764,0,0,0,0,0
SAT_Day_2018_7.csv,Türkiye,180,180,720,0,0,0,0,0
SAT_Day_2018_8.csv,China,1441,1441,5764,0,0,0,0,0
SAT_Day_2018_8.csv,Türkiye,180,180,720,0,0,0,0,0
SAT_Day_2018_9.csv,China,1441,1441,5764,0,0,0,0,0
SAT_Day_2018_9.csv,Türkiye,180,180,720,0,0,0,0,0
SAT_Day_2019_1.csv,China,1441,1441,5764,0,0,0,0,0
SAT_Day_2019_1.csv,Türkiye,180,180,720,0,0,0,0,0
SAT_Day_2019_10.csv,China,1441,1441,5764,0,0,0,0,0
SAT_Day_2019_10.csv,Türkiye,180,180,720,0,0,0,0,0
SAT_Day_2019_11.csv,China,1441,1441,5764,0,0,0,0,0
SAT_Day_2019_11.csv,Türkiye,180,180,720,0,0,0,0,0
SAT_Day_2019_12.csv,China,1441,1441,5764,0,0,0,0,0
SAT_Day_2019_12.csv,Türkiye,180,180,720,0,0,0,0,0
SAT_Day_2019_2.csv,China,1441,1441,5764,0,0,0,0,0
SAT_Day_2019_2.csv,Türkiye,180,180,720,0,0,0,0,0
SAT_Day_2019_21.csv,China,1441,1441,5764,0,0,0,0,0
SAT_Day_2019_21.csv,Türkiye,180,180,720,0,0,0,0,0
SAT_Day_2019_22.csv,China,1441,1441,5764,0,0,0,0,0
SAT_Day_2019_22.csv,Türkiye,180,180,720,0,0,0,0,0
SAT_Day_2019_23.csv,China,1441,1441,5764,0,0,0,0,0
SAT_Day_2019_23.csv,Türkiye,180,180,720,0,0,0,0,0
SAT_Day_2019_24.csv,China,1441,1441,5764,0,0,0,0,0
SAT_Day_2019_24.csv,Türkiye,180,180,720,0,0,0,0,0
SAT_Day_2019_3.csv,China,1441,1441,5764,0,0,0,0,0
SAT_Day_2019_3.csv,Türkiye,180,180,720,0,0,0,0,0
SAT_Day_2019_30.csv,China,1441,1441,5764,0,0,0,0,0
SAT_Day_2019_30.csv,Türkiye,180,180,720,0,0,0,0,0
SAT_Day_2019_4.csv,China,1441,1441,5764,0,0,0,0,0
SAT_Day_2019_4.csv,Türkiye,180,180,720,0,0,0,0,0
SAT_Day_2019_5.csv,China,1441,1441,5764,0,0,0,0,0
SAT_Day_2019_5.csv,Türkiye,180,180,720,0,0,0,0,0
SAT_Day_2019_6.csv,China,1441,1441,5764,0,0,0,0,0
SAT_Day_2019_6.csv,Türkiye,180,180,720,0,0,0,0,0
SAT_Day_2019_7.csv,China,1441,1441,5764,0,0,0,0,0
SAT_Day_2019_7.csv,Türkiye,180,180,720,0,0,0,0,0
SAT_Day_2019_8.csv,China,1441,1441,5764,0,0,0,0,0
SAT_Day_2019_8.csv,Türkiye,180,180,720,0,0,0,0,0
SAT_Day_2019_9.csv,China,1441,1441,5764,0,0,0,0,0
SAT_Day_2019_9.csv,Türkiye,180,180,720,0,0,0,0,0
SAT_Day_2020_1.csv,China,1441,1441,5764,0,0,0,0,0
SAT_Day_2020_1.csv,Türkiye,180,180,720,0,0,0,0,0
SAT_Day_2020_10.csv,China,1441,1441,5764,0,0,0,0,0
SAT_Day_2020_10.csv,Türkiye,180,180,720,0,0,0,0,0
SAT_Day_2020_11.csv,China,1441,1441,5764,0,0,0,0,0
SAT_Day_2020_11.csv,Türkiye,180,180,720,0,0,0,0,0
SAT_Day_2020_12.csv,China,1441,1441,5764,0,0,0,0,0
SAT_Day_2020_12.csv,Türkiye,180,180,720,0,0,0,0,0
SAT_Day_2020_2.csv,China,1441,1441,5764,0,0,0,0,0
SAT_Day_2020_2.csv,Türkiye,180,180,720,0,0,0,0,0
SAT_Day_2020_21.csv,China,1441,1441,5764,0,0,0,0,0
SAT_Day_2020_21.csv,Türkiye,180,180,720,0,0,0,0,0
SAT_Day_2020_22.csv,China,1441,1441,5764,0,0,0,0,0
SAT_Day_2020_22.csv,Türkiye,180,180,720,0,0,0,0,0
SAT_Day_2020_23.csv,China,1441,1441,5764,0,0,0,0,0
SAT_Day_2020_23.csv,Türkiye,180,180,720,0,0,0,0,0
SAT_Day_2020_24.csv,China,1441,1441,5764,0,0,0,0,0
SAT_Day_2020_24.csv,Türkiye,180,180,720,0,0,0,0,0
SAT_Day_2020_3.csv,China,1441,1441,5764,0,0,0,0,0
SAT_Day_2020_3.csv,Türkiye,180,180,720,0,0,0,0,0
SAT_Day_2020_30.csv,China,1441,1441,5764,0,0,0,0,0
SAT_Day_2020_30.csv,Türkiye,180,180,720,0,0,0,0,0
SAT_Day_2020_4.csv,China,1441,1441,5764,0,0,0,0,0
SAT_Day_2020_4.csv,Türkiye,180,180,720,0,0,0,0,0
SAT_Day_2020_5.csv,China,1441,1441,5764,0,0,0,0,0
SAT_Day_2020_5.csv,Türkiye,180,180,720,0,0,0,0,0
SAT_Day_2020_6.csv,China,1441,1441,5764,0,0,0,0,0
SAT_Day_2020_6.csv,Türkiye,180,180,720,0,0,0,0,0
SAT_Day_2020_7.csv,China,1441,1441,5764,0,0,0,0,0
SAT_Day_2020_7.csv,Türkiye,180,180,720,0,0,0,0,0
SAT_Day_2020_8.csv,China,1441,1441,5764,0,0,0,0,0
SAT_Day_2020_8.csv,Türkiye,180,180,720,0,0,0,0,0
SAT_Day_2020_9.csv,China,1441,1441,5764,0,0,0,0,0
SAT_Day_2020_9.csv,Türkiye,180,180,720,0,0,0,0,0
SAT_Nig_2001_1.csv,China,1441,1441,5764,0,0,0,0,0
SAT_Nig_2001_1.csv,Türkiye,180,180,720,0,0,0,0,0
SAT_Nig_2001_10.csv,China,1441,1441,5764,0,0,0,0,0
SAT_Nig_2001_10.csv,Türkiye,180,180,720,0,0,0,0,0
SAT_Nig_2001_11.csv,China,1441,1441,5764,0,0,0,0,0
SAT_Nig_2001_11.csv,Türkiye,180,180,720,0,0,0,0,0
SAT_Nig_2001_12.csv,China,1441,1441,5764,0,0,0,0,0
SAT_Nig_2001_12.csv,Türkiye,180,180,720,0,0,0,0,0
SAT_Nig_2001_2.csv,China,1441,1441,5764,0,0,0,0,0
SAT_Nig_2001_2.csv,Türkiye,180,180,720,0,0,0,0,0
SAT_Nig_2001_21.csv,China,1441,1441,5764,0,0,0,0,0
SAT_Nig_2001_21.csv,Türkiye,180,180,720,0,0,0,0,0
SAT_Nig_2001_22.csv,China,1441,1441,5764,0,0,0,0,0
SAT_Nig_2001_22.csv,Türkiye,180,180,720,0,0,0,0,0
SAT_Nig_2001_23.csv,China,1441,1441,5764,0,0,0,0,0
SAT_Nig_2001_23.csv,Türkiye,180,180,720,0,0,0,0,0
SAT_Nig_2001_24.csv,China,1441,1441,5764,0,0,0,0,0
SAT_Nig_2001_24.csv,Türkiye,180,180,720,0,0,0,0,0
SAT_Nig_2001_3.csv,China,1441,1441,5764,0,0,0,0,0
SAT_Nig_2001_3.csv,Türkiye,180,180,720,0,0,0,0,0
SAT_Nig_2001_30.csv,China,1441,1441,5764,0,0,0,0,0
SAT_Nig_2001_30.csv,Türkiye,180,180,720,0,0,0,0,0
SAT_Nig_2001_4.csv,China,1441,1441,5764,0,0,0,0,0
SAT_Nig_2001_4.csv,Türkiye,180,180,720,0,0,0,0,0
SAT_Nig_2001_5.csv,China,1441,1441,5764,0,0,0,0,0
SAT_Nig_2001_5.csv,Türkiye,180,180,720,0,0,0,0,0
SAT_Nig_2001_6.csv,China,1441,1441,5764,0,0,0,0,0
SAT_Nig_2001_6.csv,Türkiye,180,180,720,0,0,0,0,0
SAT_Nig_2001_7.csv,China,1441,1441,5764,0,0,0,0,0
SAT_Nig_2001_7.csv,Türkiye,180,180,720,0,0,0,0,0
SAT_Nig_2001_8.csv,China,1441,1441,5764,0,0,0,0,0
SAT_Nig_2001_8.csv,Türkiye,180,180,720,0,0,0,0,0
SAT_Nig_2001_9.csv,China,1441,1441,5764,0,0,0,0,0
SAT_Nig_2001_9.csv,Türkiye,180,180,720,0,0,0,0,0
SAT_Nig_2002_1.csv,China,1441,1441,5764,0,0,0,0,0
SAT_Nig_2002_1.csv,Türkiye,180,180,720,0,0,0,0,0
SAT_Nig_2002_10.csv,China,1441,1441,5764,0,0,0,0,0
SAT_Nig_2002_10.csv,Türkiye,180,180,720,0,0,0,0,0
SAT_Nig_2002_11.csv,China,1441,1441,5764,0,0,0,0,0
SAT_Nig_2002_11.csv,Türkiye,180,180,720,0,0,0,0,0
SAT_Nig_2002_12.csv,China,1441,1441,5764,0,0,0,0,0
SAT_Nig_2002_12.csv,Türkiye,180,180,720,0,0,0,0,0
SAT_Nig_2002_2.csv,China,1441,1441,5764,0,0,0,0,0
SAT_Nig_2002_2.csv,Türkiye,180,180,720,0,0,0,0,0
SAT_Nig_2002_21.csv,China,1441,1441,5764,0,0,0,0,0
SAT_Nig_2002_21.csv,Türkiye,180,180,720,0,0,0,0,0
SAT_Nig_2002_22.csv,China,1441,1441,5764,0,0,0,0,0
SAT_Nig_2002_22.csv,Türkiye,180,180,720,0,0,0,0,0
SAT_Nig_2002_23.csv,China,1441,1441,5764,0,0,0,0,0
SAT_Nig_2002_23.csv,Türkiye,180,180,720,0,0,0,0,0
SAT_Nig_2002_24.csv,China,1441,1441,5764,0,0,0,0,0
SAT_Nig_2002_24.csv,Türkiye,180,180,720,0,0,0,0,0
SAT_Nig_2002_3.csv,China,1441,1441,5764,0,0,0,0,0
SAT_Nig_2002_3.csv,Türkiye,180,180,720,0,0,0,0,0
SAT_Nig_2002_30.csv,China,1441,1441,5764,0,0,0,0,0
SAT_Nig_2002_30.csv,Türkiye,180,180,720,0,0,0,0,0
SAT_Nig_2002_4.csv,China,1441,1441,5764,0,0,0,0,0
SAT_Nig_2002_4.csv,Türkiye,180,180,720,0,0,0,0,0
SAT_Nig_2002_5.csv,China,1441,1441,5764,0,0,0,0,0
SAT_Nig_2002_5.csv,Türkiye,180,180,720,0,0,0,0,0
SAT_Nig_2002_6.csv,China,1441,1441,5764,0,0,0,0,0
SAT_Nig_2002_6.csv,Türkiye,180,180,720,0,0,0,0,0
SAT_Nig_2002_7.csv,China,1441,1441,5764,0,0,0,0,0
SAT_Nig_2002_7.csv,Türkiye,180,180,720,0,0,0,0,0
SAT_Nig_2002_8.csv,China,1441,1441,5764,0,0,0,0,0
SAT_Nig_2002_8.csv,Türkiye,180,180,720,0,0,0,0,0
SAT_Nig_2002_9.csv,China,1441,1441,5764,0,0,0,0,0
SAT_Nig_2002_9.csv,Türkiye,180,180,720,0,0,0,0,0
SAT_Nig_2003_1.csv,China,1441,1441,5764,0,0,0,0,0
SAT_Nig_2003_1.csv,Türkiye,180,180,720,0,0,0,0,0
SAT_Nig_2003_10.csv,China,1441,1441,5764,0,0,0,0,0
SAT_Nig_2003_10.csv,Türkiye,180,180,720,0,0,0,0,0
SAT_Nig_2003_11.csv,China,1441,1441,5764,0,0,0,0,0
SAT_Nig_2003_11.csv,Türkiye,180,180,720,0,0,0,0,0
SAT_Nig_2003_12.csv,China,1441,1441,5764,0,0,0,0,0
SAT_Nig_2003_12.csv,Türkiye,180,180,720,0,0,0,0,0
SAT_Nig_2003_2.csv,China,1441,1441,5764,0,0,0,0,0
SAT_Nig_2003_2.csv,Türkiye,180,180,720,0,0,0,0,0
SAT_Nig_2003_21.csv,China,1441,1441,5764,0,0,0,0,0
SAT_Nig_2003_21.csv,Türkiye,180,180,720,0,0,0,0,0
SAT_Nig_2003_22.csv,China,1441,1441,5764,0,0,0,0,0
SAT_Nig_2003_22.csv,Türkiye,180,180,720,0,0,0,0,0
SAT_Nig_2003_23.csv,China,1441,1441,5764,0,0,0,0,0
SAT_Nig_2003_23.csv,Türkiye,180,180,720,0,0,0,0,0
SAT_Nig_2003_24.csv,China,1441,1441,5764,0,0,0,0,0
SAT_Nig_2003_24.csv,Türkiye,180,180,720,0,0,0,0,0
SAT_Nig_2003_3.csv,China,1441,1441,5764,0,0,0,0,0
SAT_Nig_2003_3.csv,Türkiye,180,180,720,0,0,0,0,0
SAT_Nig_2003_30.csv,China,1441,1441,5764,0,0,0,0,0
SAT_Nig_2003_30.csv,Türkiye,180,180,720,0,0,0,0,0
SAT_Nig_2003_4.csv,China,1441,1441,5764,0,0,0,0,0
SAT_Nig_2003_4.csv,Türkiye,180,180,720,0,0,0,0,0
SAT_Nig_2003_5.csv,China,1441,1441,5764,0,0,0,0,0
SAT_Nig_2003_5.csv,Türkiye,180,180,720,0,0,0,0,0
SAT_Nig_2003_6.csv,China,1441,1441,5764,0,0,0,0,0
SAT_Nig_2003_6.csv,Türkiye,180,180,720,0,0,0,0,0
SAT_Nig_2003_7.csv,China,1441,1441,5764,0,0,0,0,0
SAT_Nig_2003_7.csv,Türkiye,180,180,720,0,0,0,0,0
SAT_Nig_2003_8.csv,China,1441,1441,5764,0,0,0,0,0
SAT_Nig_2003_8.csv,Türkiye,180,180,720,0,0,0,0,0
SAT_Nig_2003_9.csv,China,1441,1441,5764,0,0,0,0,0
SAT_Nig_2003_9.csv,Türkiye,180,180,720,0,0,0,0,0
SAT_Nig_2004_1.csv,China,1441,1441,5764,0,0,0,0,0
SAT_Nig_2004_1.csv,Türkiye,180,180,720,0,0,0,0,0
SAT_Nig_2004_10.csv,China,1441,1441,5764,0,0,0,0,0
SAT_Nig_2004_10.csv,Türkiye,180,180,720,0,0,0,0,0
SAT_Nig_2004_11.csv,China,1441,1441,5764,0,0,0,0,0
SAT_Nig_2004_11.csv,Türkiye,180,180,720,0,0,0,0,0
SAT_Nig_2004_12.csv,China,1441,1441,5764,0,0,0,0,0
SAT_Nig_2004_12.csv,Türkiye,180,180,720,0,0,0,0,0
SAT_Nig_2004_2.csv,China,1441,1441,5764,0,0,0,0,0
SAT_Nig_2004_2.csv,Türkiye,180,180,720,0,0,0,0,0
SAT_Nig_2004_21.csv,China,1441,1441,5764,0,0,0,0,0
SAT_Nig_2004_21.csv,Türkiye,180,180,720,0,0,0,0,0
SAT_Nig_2004_22.csv,China,1441,1441,5764,0,0,0,0,0
SAT_Nig_2004_22.csv,Türkiye,180,180,720,0,0,0,0,0
SAT_Nig_2004_23.csv,China,1441,1441,5764,0,0,0,0,0
SAT_Nig_2004_23.csv,Türkiye,180,180,720,0,0,0,0,0
SAT_Nig_2004_24.csv,China,1441,1441,5764,0,0,0,0,0
SAT_Nig_2004_24.csv,Türkiye,180,180,720,0,0,0,0,0
SAT_Nig_2004_3.csv,China,1441,1441,5764,0,0,0,0,0
SAT_Nig_2004_3.csv,Türkiye,180,180,720,0,0,0,0,0
SAT_Nig_2004_30.csv,China,1441,1441,5764,0,0,0,0,0
SAT_Nig_2004_30.csv,Türkiye,180,180,720,0,0,0,0,0
SAT_Nig_2004_4.csv,China,1441,1441,5764,0,0,0,0,0
SAT_Nig_2004_4.csv,Türkiye,180,180,720,0,0,0,0,0
SAT_Nig_2004_5.csv,China,1441,1441,5764,0,0,0,0,0
SAT_Nig_2004_5.csv,Türkiye,180,180,720,0,0,0,0,0
SAT_Nig_2004_6.csv,China,1441,1441,5764,0,0,0,0,0
SAT_Nig_2004_6.csv,Türkiye,180,180,720,0,0,0,0,0
SAT_Nig_2004_7.csv,China,1441,1441,5764,0,0,0,0,0
SAT_Nig_2004_7.csv,Türkiye,180,180,720,0,0,0,0,0
SAT_Nig_2004_8.csv,China,1441,1441,5764,0,0,0,0,0
SAT_Nig_2004_8.csv,Türkiye,180,180,720,0,0,0,0,0
SAT_Nig_2004_9.csv,China,1441,1441,5764,0,0,0,0,0
SAT_Nig_2004_9.csv,Türkiye,180,180,720,0,0,0,0,0
SAT_Nig_2005_1.csv,China,1441,1441,5764,0,0,0,0,0
SAT_Nig_2005_1.csv,Türkiye,180,180,720,0,0,0,0,0
SAT_Nig_2005_10.csv,China,1441,1441,5764,0,0,0,0,0
SAT_Nig_2005_10.csv,Türkiye,180,180,720,0,0,0,0,0
SAT_Nig_2005_11.csv,China,1441,1441,5764,0,0,0,0,0
SAT_Nig_2005_11.csv,Türkiye,180,180,720,0,0,0,0,0
SAT_Nig_2005_12.csv,China,1441,1441,5764,0,0,0,0,0
SAT_Nig_2005_12.csv,Türkiye,180,180,720,0,0,0,0,0
SAT_Nig_2005_2.csv,China,1441,1441,5764,0,0,0,0,0
SAT_Nig_2005_2.csv,Türkiye,180,180,720,0,0,0,0,0
SAT_Nig_2005_21.csv,China,1441,1441,5764,0,0,0,0,0
SAT_Nig_2005_21.csv,Türkiye,180,180,720,0,0,0,0,0
SAT_Nig_2005_22.csv,China,1441,1441,5764,0,0,0,0,0
SAT_Nig_2005_22.csv,Türkiye,180,180,720,0,0,0,0,0
SAT_Nig_2005_23.csv,China,1441,1441,5764,0,0,0,0,0
SAT_Nig_2005_23.csv,Türkiye,180,180,720,0,0,0,0,0
SAT_Nig_2005_24.csv,China,1441,1441,5764,0,0,0,0,0
SAT_Nig_2005_24.csv,Türkiye,180,180,720,0,0,0,0,0
SAT_Nig_2005_3.csv,China,1441,1441,5764,0,0,0,0,0
SAT_Nig_2005_3.csv,Türkiye,180,180,720,0,0,0,0,0
SAT_Nig_2005_30.csv,China,1441,1441,5764,0,0,0,0,0
SAT_Nig_2005_30.csv,Türkiye,180,180,720,0,0,0,0,0
SAT_Nig_2005_4.csv,China,1441,1441,5764,0,0,0,0,0
SAT_Nig_2005_4.csv,Türkiye,180,180,720,0,0,0,0,0
SAT_Nig_2005_5.csv,China,1441,1441,5764,0,0,0,0,0
SAT_Nig_2005_5.csv,Türkiye,180,180,720,0,0,0,0,0
SAT_Nig_2005_6.csv,China,1441,1441,5764,0,0,0,0,0
SAT_Nig_2005_6.csv,Türkiye,180,180,720,0,0,0,0,0
SAT_Nig_2005_7.csv,China,1441,1441,5764,0,0,0,0,0
SAT_Nig_2005_7.csv,Türkiye,180,180,720,0,0,0,0,0
SAT_Nig_2005_8.csv,China,1441,1441,5764,0,0,0,0,0
SAT_Nig_2005_8.csv,Türkiye,180,180,720,0,0,0,0,0
SAT_Nig_2005_9.csv,China,1441,1441,5764,0,0,0,0,0
SAT_Nig_2005_9.csv,Türkiye,180,180,720,0,0,0,0,0
SAT_Nig_2006_1.csv,China,1441,1441,5764,0,0,0,0,0
SAT_Nig_2006_1.csv,Türkiye,180,180,720,0,0,0,0,0
SAT_Nig_2006_10.csv,China,1441,1441,5764,0,0,0,0,0
SAT_Nig_2006_10.csv,Türkiye,180,180,720,0,0,0,0,0
SAT_Nig_2006_11.csv,China,1441,1441,5764,0,0,0,0,0
SAT_Nig_2006_11.csv,Türkiye,180,180,720,0,0,0,0,0
SAT_Nig_2006_12.csv,China,1441,1441,5764,0,0,0,0,0
SAT_Nig_2006_12.csv,Türkiye,180,180,720,0,0,0,0,0
SAT_Nig_2006_2.csv,China,1441,1441,5764,0,0,0,0,0
SAT_Nig_2006_2.csv,Türkiye,180,180,720,0,0,0,0,0
SAT_Nig_2006_21.csv,China,1441,1441,5764,0,0,0,0,0
SAT_Nig_2006_21.csv,Türkiye,180,180,720,0,0,0,0,0
SAT_Nig_2006_22.csv,China,1441,1441,5764,0,0,0,0,0
SAT_Nig_2006_22.csv,Türkiye,180,180,720,0,0,0,0,0
SAT_Nig_2006_23.csv,China,1441,1441,5764,0,0,0,0,0
SAT_Nig_2006_23.csv,Türkiye,180,180,720,0,0,0,0,0
SAT_Nig_2006_24.csv,China,1441,1441,5764,0,0,0,0,0
SAT_Nig_2006_24.csv,Türkiye,180,180,720,0,0,0,0,0
SAT_Nig_2006_3.csv,China,1441,1441,5764,0,0,0,0,0
SAT_Nig_2006_3.csv,Türkiye,180,180,720,0,0,0,0,0
SAT_Nig_2006_30.csv,China,1441,1441,5764,0,0,0,0,0
SAT_Nig_2006_30.csv,Türkiye,180,180,720,0,0,0,0,0
SAT_Nig_2006_4.csv,China,1441,1441,5764,0,0,0,0,0
SAT_Nig_2006_4.csv,Türkiye,180,180,720,0,0,0,0,0
SAT_Nig_2006_5.csv,China,1441,1441,5764,0,0,0,0,0
SAT_Nig_2006_5.csv,Türkiye,180,180,720,0,0,0,0,0
SAT_Nig_2006_6.csv,China,1441,1441,5764,0,0,0,0,0
SAT_Nig_2006_6.csv,Türkiye,180,180,720,0,0,0,0,0
SAT_Nig_2006_7.csv,China,1441,1441,5764,0,0,0,0,0
SAT_Nig_2006_7.csv,Türkiye,180,180,720,0,0,0,0,0
SAT_Nig_2006_8.csv,China,1441,1441,5764,0,0,0,0,0
SAT_Nig_2006_8.csv,Türkiye,180,180,720,0,0,0,0,0
SAT_Nig_2006_9.csv,China,1441,1441,5764,0,0,0,0,0
SAT_Nig_2006_9.csv,Türkiye,180,180,720,0,0,0,0,0
SAT_Nig_2007_1.csv,China,1441,1441,5764,0,0,0,0,0
SAT_Nig_2007_1.csv,Türkiye,180,180,720,0,0,0,0,0
SAT_Nig_2007_10.csv,China,1441,1441,5764,0,0,0,0,0
SAT_Nig_2007_10.csv,Türkiye,180,180,720,0,0,0,0,0
SAT_Nig_2007_11.csv,China,1441,1441,5764,0,0,0,0,0
SAT_Nig_2007_11.csv,Türkiye,180,180,720,0,0,0,0,0
SAT_Nig_2007_12.csv,China,1441,1441,5764,0,0,0,0,0
SAT_Nig_2007_12.csv,Türkiye,180,180,720,0,0,0,0,0
SAT_Nig_2007_2.csv,China,1441,1441,5764,0,0,0,0,0
SAT_Nig_2007_2.csv,Türkiye,180,180,720,0,0,0,0,0
SAT_Nig_2007_21.csv,China,1441,1441,5764,0,0,0,0,0
SAT_Nig_2007_21.csv,Türkiye,180,180,720,0,0,0,0,0
SAT_Nig_2007_22.csv,China,1441,1441,5764,0,0,0,0,0
SAT_Nig_2007_22.csv,Türkiye,180,180,720,0,0,0,0,0
SAT_Nig_2007_23.csv,China,1441,1441,5764,0,0,0,0,0
SAT_Nig_2007_23.csv,Türkiye,180,180,720,0,0,0,0,0
SAT_Nig_2007_24.csv,China,1441,1441,5764,0,0,0,0,0
SAT_Nig_2007_24.csv,Türkiye,180,180,720,0,0,0,0,0
SAT_Nig_2007_3.csv,China,1441,1441,5764,0,0,0,0,0
SAT_Nig_2007_3.csv,Türkiye,180,180,720,0,0,0,0,0
SAT_Nig_2007_30.csv,China,1441,1441,5764,0,0,0,0,0
SAT_Nig_2007_30.csv,Türkiye,180,180,720,0,0,0,0,0
SAT_Nig_2007_4.csv,China,1441,1441,5764,0,0,0,0,0
SAT_Nig_2007_4.csv,Türkiye,180,180,720,0,0,0,0,0
SAT_Nig_2007_5.csv,China,1441,1441,5764,0,0,0,0,0
SAT_Nig_2007_5.csv,Türkiye,180,180,720,0,0,0,0,0
SAT_Nig_2007_6.csv,China,1441,1441,5764,0,0,0,0,0
SAT_Nig_2007_6.csv,Türkiye,180,180,720,0,0,0,0,0
SAT_Nig_2007_7.csv,China,1441,1441,5764,0,0,0,0,0
SAT_Nig_2007_7.csv,Türkiye,180,180,720,0,0,0,0,0
SAT_Nig_2007_8.csv,China,1441,1441,5764,0,0,0,0,0
SAT_Nig_2007_8.csv,Türkiye,180,180,720,0,0,0,0,0
SAT_Nig_2007_9.csv,China,1441,1441,5764,0,0,0,0,0
SAT_Nig_2007_9.csv,Türkiye,180,180,720,0,0,0,0,0
SAT_Nig_2008_1.csv,China,1441,1441,5764,0,0,0,0,0
SAT_Nig_2008_1.csv,Türkiye,180,180,720,0,0,0,0,0
SAT_Nig_2008_10.csv,China,1441,1441,5764,0,0,0,0,0
SAT_Nig_2008_10.csv,Türkiye,180,180,720,0,0,0,0,0
SAT_Nig_2008_11.csv,China,1441,1441,5764,0,0,0,0,0
SAT_Nig_2008_11.csv,Türkiye,180,180,720,0,0,0,0,0
SAT_Nig_2008_12.csv,China,1441,1441,5764,0,0,0,0,0
SAT_Nig_2008_12.csv,Türkiye,180,180,720,0,0,0,0,0
SAT_Nig_2008_2.csv,China,1441,1441,5764,0,0,0,0,0
SAT_Nig_2008_2.csv,Türkiye,180,180,720,0,0,0,0,0
SAT_Nig_2008_21.csv,China,1441,1441,5764,0,0,0,0,0
SAT_Nig_2008_21.csv,Türkiye,180,180,720,0,0,0,0,0
SAT_Nig_2008_22.csv,China,1441,1441,5764,0,0,0,0,0
SAT_Nig_2008_22.csv,Türkiye,180,180,720,0,0,0,0,0
SAT_Nig_2008_23.csv,China,1441,1441,5764,0,0,0,0,0
SAT_Nig_2008_23.csv,Türkiye,180,180,720,0,0,0,0,0
SAT_Nig_2008_24.csv,China,1441,1441,5764,0,0,0,0,0
SAT_Nig_2008_24.csv,Türkiye,180,180,720,0,0,0,0,0
SAT_Nig_2008_3.csv,China,1441,1441,5764,0,0,0,0,0
SAT_Nig_2008_3.csv,Türkiye,180,180,720,0,0,0,0,0
SAT_Nig_2008_30.csv,China,1441,1441,5764,0,0,0,0,0
SAT_Nig_2008_30.csv,Türkiye,180,180,720,0,0,0,0,0
SAT_Nig_2008_4.csv,China,1441,1441,5764,0,0,0,0,0
SAT_Nig_2008_4.csv,Türkiye,180,180,720,0,0,0,0,0
SAT_Nig_2008_5.csv,China,1441,1441,5764,0,0,0,0,0
SAT_Nig_2008_5.csv,Türkiye,180,180,720,0,0,0,0,0
SAT_Nig_2008_6.csv,China,1441,1441,5764,0,0,0,0,0
SAT_Nig_2008_6.csv,Türkiye,180,180,720,0,0,0,0,0
SAT_Nig_2008_7.csv,China,1441,1441,5764,0,0,0,0,0
SAT_Nig_2008_7.csv,Türkiye,180,180,720,0,0,0,0,0
SAT_Nig_2008_8.csv,China,1441,1441,5764,0,0,0,0,0
SAT_Nig_2008_8.csv,Türkiye,180,180,720,0,0,0,0,0
SAT_Nig_2008_9.csv,China,1441,1441,5764,0,0,0,0,0
SAT_Nig_2008_9.csv,Türkiye,180,180,720,0,0,0,0,0
SAT_Nig_2009_1.csv,China,1441,1441,5764,0,0,0,0,0
SAT_Nig_2009_1.csv,Türkiye,180,180,720,0,0,0,0,0
SAT_Nig_2009_10.csv,China,1441,1441,5764,0,0,0,0,0
SAT_Nig_2009_10.csv,Türkiye,180,180,720,0,0,0,0,0
SAT_Nig_2009_11.csv,China,1441,1441,5764,0,0,0,0,0
SAT_Nig_2009_11.csv,Türkiye,180,180,720,0,0,0,0,0
SAT_Nig_2009_12.csv,China,1441,1441,5764,0,0,0,0,0
SAT_Nig_2009_12.csv,Türkiye,180,180,720,0,0,0,0,0
SAT_Nig_2009_2.csv,China,1441,1441,5764,0,0,0,0,0
SAT_Nig_2009_2.csv,Türkiye,180,180,720,0,0,0,0,0
SAT_Nig_2009_21.csv,China,1441,1441,5764,0,0,0,0,0
SAT_Nig_2009_21.csv,Türkiye,180,180,720,0,0,0,0,0
SAT_Nig_2009_22.csv,China,1441,1441,5764,0,0,0,0,0
SAT_Nig_2009_22.csv,Türkiye,180,180,720,0,0,0,0,0
SAT_Nig_2009_23.csv,China,1441,1441,5764,0,0,0,0,0
SAT_Nig_2009_23.csv,Türkiye,180,180,720,0,0,0,0,0
SAT_Nig_2009_24.csv,China,1441,1441,5764,0,0,0,0,0
SAT_Nig_2009_24.csv,Türkiye,180,180,720,0,0,0,0,0
SAT_Nig_2009_3.csv,China,1441,1441,5764,0,0,0,0,0
SAT_Nig_2009_3.csv,Türkiye,180,180,720,0,0,0,0,0
SAT_Nig_2009_30.csv,China,1441,1441,5764,0,0,0,0,0
SAT_Nig_2009_30.csv,Türkiye,180,180,720,0,0,0,0,0
SAT_Nig_2009_4.csv,China,1441,1441,5764,0,0,0,0,0
SAT_Nig_2009_4.csv,Türkiye,180,180,720,0,0,0,0,0
SAT_Nig_2009_5.csv,China,1441,1441,5764,0,0,0,0,0
SAT_Nig_2009_5.csv,Türkiye,180,180,720,0,0,0,0,0
SAT_Nig_2009_6.csv,China,1441,1441,5764,0,0,0,0,0
SAT_Nig_2009_6.csv,Türkiye,180,180,720,0,0,0,0,0
SAT_Nig_2009_7.csv,China,1441,1441,5764,0,0,0,0,0
SAT_Nig_2009_7.csv,Türkiye,180,180,720,0,0,0,0,0
SAT_Nig_2009_8.csv,China,1441,1441,5764,0,0,0,0,0
SAT_Nig_2009_8.csv,Türkiye,180,180,720,0,0,0,0,0
SAT_Nig_2009_9.csv,China,1441,1441,5764,0,0,0,0,0
SAT_Nig_2009_9.csv,Türkiye,180,180,720,0,0,0,0,0
SAT_Nig_2010_1.csv,China,1441,1441,5764,0,0,0,0,0
SAT_Nig_2010_1.csv,Türkiye,180,180,720,0,0,0,0,0
SAT_Nig_2010_10.csv,China,1441,1441,5764,0,0,0,0,0
SAT_Nig_2010_10.csv,Türkiye,180,180,720,0,0,0,0,0
SAT_Nig_2010_11.csv,China,1441,1441,5764,0,0,0,0,0
SAT_Nig_2010_11.csv,Türkiye,180,180,720,0,0,0,0,0
SAT_Nig_2010_12.csv,China,1441,1441,5764,0,0,0,0,0
SAT_Nig_2010_12.csv,Türkiye,180,180,720,0,0,0,0,0
SAT_Nig_2010_2.csv,China,1441,1441,5764,0,0,0,0,0
SAT_Nig_2010_2.csv,Türkiye,180,180,720,0,0,0,0,0
SAT_Nig_2010_21.csv,China,1441,1441,5764,0,0,0,0,0
SAT_Nig_2010_21.csv,Türkiye,180,180,720,0,0,0,0,0
SAT_Nig_2010_22.csv,China,1441,1441,5764,0,0,0,0,0
SAT_Nig_2010_22.csv,Türkiye,180,180,720,0,0,0,0,0
SAT_Nig_2010_23.csv,China,1441,1441,5764,0,0,0,0,0
SAT_Nig_2010_23.csv,Türkiye,180,180,720,0,0,0,0,0
SAT_Nig_2010_24.csv,China,1441,1441,5764,0,0,0,0,0
SAT_Nig_2010_24.csv,Türkiye,180,180,720,0,0,0,0,0
SAT_Nig_2010_3.csv,China,1441,1441,5764,0,0,0,0,0
SAT_Nig_2010_3.csv,Türkiye,180,180,720,0,0,0,0,0
SAT_Nig_2010_30.csv,China,1441,1441,5764,0,0,0,0,0
SAT_Nig_2010_30.csv,Türkiye,180,180,720,0,0,0,0,0
SAT_Nig_2010_4.csv,China,1441,1441,5764,0,0,0,0,0
SAT_Nig_2010_4.csv,Türkiye,180,180,720,0,0,0,0,0
SAT_Nig_2010_5.csv,China,1441,1441,5764,0,0,0,0,0
SAT_Nig_2010_5.csv,Türkiye,180,180,720,0,0,0,0,0
SAT_Nig_2010_6.csv,China,1441,1441,5764,0,0,0,0,0
SAT_Nig_2010_6.csv,Türkiye,180,180,720,0,0,0,0,0
SAT_Nig_2010_7.csv,China,1441,1441,5764,0,0,0,0,0
SAT_Nig_2010_7.csv,Türkiye,180,180,720,0,0,0,0,0
SAT_Nig_2010_8.csv,China,1441,1441,5764,0,0,0,0,0
SAT_Nig_2010_8.csv,Türkiye,180,180,720,0,0,0,0,0
SAT_Nig_2010_9.csv,China,1441,1441,5764,0,0,0,0,0
SAT_Nig_2010_9.csv,Türkiye,180,180,720,0,0,0,0,0
SAT_Nig_2011_1.csv,China,1441,1441,5764,0,0,0,0,0
SAT_Nig_2011_1.csv,Türkiye,180,180,720,0,0,0,0,0
SAT_Nig_2011_10.csv,China,1441,1441,5764,0,0,0,0,0
SAT_Nig_2011_10.csv,Türkiye,180,180,720,0,0,0,0,0
SAT_Nig_2011_11.csv,China,1441,1441,5764,0,0,0,0,0
SAT_Nig_2011_11.csv,Türkiye,180,180,720,0,0,0,0,0
SAT_Nig_2011_12.csv,China,1441,1441,5764,0,0,0,0,0
SAT_Nig_2011_12.csv,Türkiye,180,180,720,0,0,0,0,0
SAT_Nig_2011_2.csv,China,1441,1441,5764,0,0,0,0,0
SAT_Nig_2011_2.csv,Türkiye,180,180,720,0,0,0,0,0
SAT_Nig_2011_21.csv,China,1441,1441,5764,0,0,0,0,0
SAT_Nig_2011_21.csv,Türkiye,180,180,720,0,0,0,0,0
SAT_Nig_2011_22.csv,China,1441,1441,5764,0,0,0,0,0
SAT_Nig_2011_22.csv,Türkiye,180,180,720,0,0,0,0,0
SAT_Nig_2011_23.csv,China,1441,1441,5764,0,0,0,0,0
SAT_Nig_2011_23.csv,Türkiye,180,180,720,0,0,0,0,0
SAT_Nig_2011_24.csv,China,1441,1441,5764,0,0,0,0,0
SAT_Nig_2011_24.csv,Türkiye,180,180,720,0,0,0,0,0
SAT_Nig_2011_3.csv,China,1441,1441,5764,0,0,0,0,0
SAT_Nig_2011_3.csv,Türkiye,180,180,720,0,0,0,0,0
SAT_Nig_2011_30.csv,China,1441,1441,5764,0,0,0,0,0
SAT_Nig_2011_30.csv,Türkiye,180,180,720,0,0,0,0,0
SAT_Nig_2011_4.csv,China,1441,1441,5764,0,0,0,0,0
SAT_Nig_2011_4.csv,Türkiye,180,180,720,0,0,0,0,0
SAT_Nig_2011_5.csv,China,1441,1441,5764,0,0,0,0,0
SAT_Nig_2011_5.csv,Türkiye,180,180,720,0,0,0,0,0
SAT_Nig_2011_6.csv,China,1441,1441,5764,0,0,0,0,0
SAT_Nig_2011_6.csv,Türkiye,180,180,720,0,0,0,0,0
SAT_Nig_2011_7.csv,China,1441,1441,5764,0,0,0,0,0
SAT_Nig_2011_7.csv,Türkiye,180,180,720,0,0,0,0,0
SAT_Nig_2011_8.csv,China,1441,1441,5764,0,0,0,0,0
SAT_Nig_2011_8.csv,Türkiye,180,180,720,0,0,0,0,0
SAT_Nig_2011_9.csv,China,1441,1441,5764,0,0,0,0,0
SAT_Nig_2011_9.csv,Türkiye,180,180,720,0,0,0,0,0
SAT_Nig_2012_1.csv,China,1441,1441,5764,0,0,0,0,0
SAT_Nig_2012_1.csv,Türkiye,180,180,720,0,0,0,0,0
SAT_Nig_2012_10.csv,China,1441,1441,5764,0,0,0,0,0
SAT_Nig_2012_10.csv,Türkiye,180,180,720,0,0,0,0,0
SAT_Nig_2012_11.csv,China,1441,1441,5764,0,0,0,0,0
SAT_Nig_2012_11.csv,Türkiye,180,180,720,0,0,0,0,0
SAT_Nig_2012_12.csv,China,1441,1441,5764,0,0,0,0,0
SAT_Nig_2012_12.csv,Türkiye,180,180,720,0,0,0,0,0
SAT_Nig_2012_2.csv,China,1441,1441,5764,0,0,0,0,0
SAT_Nig_2012_2.csv,Türkiye,180,180,720,0,0,0,0,0
SAT_Nig_2012_21.csv,China,1441,1441,5764,0,0,0,0,0
SAT_Nig_2012_21.csv,Türkiye,180,180,720,0,0,0,0,0
SAT_Nig_2012_22.csv,China,1441,1441,5764,0,0,0,0,0
SAT_Nig_2012_22.csv,Türkiye,180,180,720,0,0,0,0,0
SAT_Nig_2012_23.csv,China,1441,1441,5764,0,0,0,0,0
SAT_Nig_2012_23.csv,Türkiye,180,180,720,0,0,0,0,0
SAT_Nig_2012_24.csv,China,1441,1441,5764,0,0,0,0,0
SAT_Nig_2012_24.csv,Türkiye,180,180,720,0,0,0,0,0
SAT_Nig_2012_3.csv,China,1441,1441,5764,0,0,0,0,0
SAT_Nig_2012_3.csv,Türkiye,180,180,720,0,0,0,0,0
SAT_Nig_2012_30.csv,China,1441,1441,5764,0,0,0,0,0
SAT_Nig_2012_30.csv,Türkiye,180,180,720,0,0,0,0,0
SAT_Nig_2012_4.csv,China,1441,1441,5764,0,0,0,0,0
SAT_Nig_2012_4.csv,Türkiye,180,180,720,0,0,0,0,0
SAT_Nig_2012_5.csv,China,1441,1441,5764,0,0,0,0,0
SAT_Nig_2012_5.csv,Türkiye,180,180,720,0,0,0,0,0
SAT_Nig_2012_6.csv,China,1441,1441,5764,0,0,0,0,0
SAT_Nig_2012_6.csv,Türkiye,180,180,720,0,0,0,0,0
SAT_Nig_2012_7.csv,China,1441,1441,5764,0,0,0,0,0
SAT_Nig_2012_7.csv,Türkiye,180,180,720,0,0,0,0,0
SAT_Nig_2012_8.csv,China,1441,1441,5764,0,0,0,0,0
SAT_Nig_2012_8.csv,Türkiye,180,180,720,0,0,0,0,0
SAT_Nig_2012_9.csv,China,1441,1441,5764,0,0,0,0,0
SAT_Nig_2012_9.csv,Türkiye,180,180,720,0,0,0,0,0
SAT_Nig_2013_1.csv,China,1441,1441,5764,0,0,0,0,0
SAT_Nig_2013_1.csv,Türkiye,180,180,720,0,0,0,0,0
SAT_Nig_2013_10.csv,China,1441,1441,5764,0,0,0,0,0
SAT_Nig_2013_10.csv,Türkiye,180,180,720,0,0,0,0,0
SAT_Nig_2013_11.csv,China,1441,1441,5764,0,0,0,0,0
SAT_Nig_2013_11.csv,Türkiye,180,180,720,0,0,0,0,0
SAT_Nig_2013_12.csv,China,1441,1441,5764,0,0,0,0,0
SAT_Nig_2013_12.csv,Türkiye,180,180,720,0,0,0,0,0
SAT_Nig_2013_2.csv,China,1441,1441,5764,0,0,0,0,0
SAT_Nig_2013_2.csv,Türkiye,180,180,720,0,0,0,0,0
SAT_Nig_2013_21.csv,China,1441,1441,5764,0,0,0,0,0
SAT_Nig_2013_21.csv,Türkiye,180,180,720,0,0,0,0,0
SAT_Nig_2013_22.csv,China,1441,1441,5764,0,0,0,0,0
SAT_Nig_2013_22.csv,Türkiye,180,180,720,0,0,0,0,0
SAT_Nig_2013_23.csv,China,1441,1441,5764,0,0,0,0,0
SAT_Nig_2013_23.csv,Türkiye,180,180,720,0,0,0,0,0
SAT_Nig_2013_24.csv,China,1441,1441,5764,0,0,0,0,0
SAT_Nig_2013_24.csv,Türkiye,180,180,720,0,0,0,0,0
SAT_Nig_2013_3.csv,China,1441,1441,5764,0,0,0,0,0
SAT_Nig_2013_3.csv,Türkiye,180,180,720,0,0,0,0,0
SAT_Nig_2013_30.csv,China,1441,1441,5764,0,0,0,0,0
SAT_Nig_2013_30.csv,Türkiye,180,180,720,0,0,0,0,0
SAT_Nig_2013_4.csv,China,1441,1441,5764,0,0,0,0,0
SAT_Nig_2013_4.csv,Türkiye,180,180,720,0,0,0,0,0
SAT_Nig_2013_5.csv,China,1441,1441,5764,0,0,0,0,0
SAT_Nig_2013_5.csv,Türkiye,180,180,720,0,0,0,0,0
SAT_Nig_2013_6.csv,China,1441,1441,5764,0,0,0,0,0
SAT_Nig_2013_6.csv,Türkiye,180,180,720,0,0,0,0,0
SAT_Nig_2013_7.csv,China,1441,1441,5764,0,0,0,0,0
SAT_Nig_2013_7.csv,Türkiye,180,180,720,0,0,0,0,0
SAT_Nig_2013_8.csv,China,1441,1441,5764,0,0,0,0,0
SAT_Nig_2013_8.csv,Türkiye,180,180,720,0,0,0,0,0
SAT_Nig_2013_9.csv,China,1441,1441,5764,0,0,0,0,0
SAT_Nig_2013_9.csv,Türkiye,180,180,720,0,0,0,0,0
SAT_Nig_2014_1.csv,China,1441,1441,5764,0,0,0,0,0
SAT_Nig_2014_1.csv,Türkiye,180,180,720,0,0,0,0,0
SAT_Nig_2014_10.csv,China,1441,1441,5764,0,0,0,0,0
SAT_Nig_2014_10.csv,Türkiye,180,180,720,0,0,0,0,0
SAT_Nig_2014_11.csv,China,1441,1441,5764,0,0,0,0,0
SAT_Nig_2014_11.csv,Türkiye,180,180,720,0,0,0,0,0
SAT_Nig_2014_12.csv,China,1441,1441,5764,0,0,0,0,0
SAT_Nig_2014_12.csv,Türkiye,180,180,720,0,0,0,0,0
SAT_Nig_2014_2.csv,China,1441,1441,5764,0,0,0,0,0
SAT_Nig_2014_2.csv,Türkiye,180,180,720,0,0,0,0,0
SAT_Nig_2014_21.csv,China,1441,1441,5764,0,0,0,0,0
SAT_Nig_2014_21.csv,Türkiye,180,180,720,0,0,0,0,0
SAT_Nig_2014_22.csv,China,1441,1441,5764,0,0,0,0,0
SAT_Nig_2014_22.csv,Türkiye,180,180,720,0,0,0,0,0
SAT_Nig_2014_23.csv,China,1441,1441,5764,0,0,0,0,0
SAT_Nig_2014_23.csv,Türkiye,180,180,720,0,0,0,0,0
SAT_Nig_2014_24.csv,China,1441,1441,5764,0,0,0,0,0
SAT_Nig_2014_24.csv,Türkiye,180,180,720,0,0,0,0,0
SAT_Nig_2014_3.csv,China,1441,1441,5764,0,0,0,0,0
SAT_Nig_2014_3.csv,Türkiye,180,180,720,0,0,0,0,0
SAT_Nig_2014_30.csv,China,1441,1441,5764,0,0,0,0,0
SAT_Nig_2014_30.csv,Türkiye,180,180,720,0,0,0,0,0
SAT_Nig_2014_4.csv,China,1441,1441,5764,0,0,0,0,0
SAT_Nig_2014_4.csv,Türkiye,180,180,720,0,0,0,0,0
SAT_Nig_2014_5.csv,China,1441,1441,5764,0,0,0,0,0
SAT_Nig_2014_5.csv,Türkiye,180,180,720,0,0,0,0,0
SAT_Nig_2014_6.csv,China,1441,1441,5764,0,0,0,0,0
SAT_Nig_2014_6.csv,Türkiye,180,180,720,0,0,0,0,0
SAT_Nig_2014_7.csv,China,1441,1441,5764,0,0,0,0,0
SAT_Nig_2014_7.csv,Türkiye,180,180,720,0,0,0,0,0
SAT_Nig_2014_8.csv,China,1441,1441,5764,0,0,0,0,0
SAT_Nig_2014_8.csv,Türkiye,180,180,720,0,0,0,0,0
SAT_Nig_2014_9.csv,China,1441,1441,5764,0,0,0,0,0
SAT_Nig_2014_9.csv,Türkiye,180,180,720,0,0,0,0,0
SAT_Nig_2015_1.csv,China,1441,1441,5764,0,0,0,0,0
SAT_Nig_2015_1.csv,Türkiye,180,180,720,0,0,0,0,0
SAT_Nig_2015_10.csv,China,1441,1441,5764,0,0,0,0,0
SAT_Nig_2015_10.csv,Türkiye,180,180,720,0,0,0,0,0
SAT_Nig_2015_11.csv,China,1441,1441,5764,0,0,0,0,0
SAT_Nig_2015_11.csv,Türkiye,180,180,720,0,0,0,0,0
SAT_Nig_2015_12.csv,China,1441,1441,5764,0,0,0,0,0
SAT_Nig_2015_12.csv,Türkiye,180,180,720,0,0,0,0,0
SAT_Nig_2015_2.csv,China,1441,1441,5764,0,0,0,0,0
SAT_Nig_2015_2.csv,Türkiye,180,180,720,0,0,0,0,0
SAT_Nig_2015_21.csv,China,1441,1441,5764,0,0,0,0,0
SAT_Nig_2015_21.csv,Türkiye,180,180,720,0,0,0,0,0
SAT_Nig_2015_22.csv,China,1441,1441,5764,0,0,0,0,0
SAT_Nig_2015_22.csv,Türkiye,180,180,720,0,0,0,0,0
SAT_Nig_2015_23.csv,China,1441,1441,5764,0,0,0,0,0
SAT_Nig_2015_23.csv,Türkiye,180,180,720,0,0,0,0,0
SAT_Nig_2015_24.csv,China,1441,1441,5764,0,0,0,0,0
SAT_Nig_2015_24.csv,Türkiye,180,180,720,0,0,0,0,0
SAT_Nig_2015_3.csv,China,1441,1441,5764,0,0,0,0,0
SAT_Nig_2015_3.csv,Türkiye,180,180,720,0,0,0,0,0
SAT_Nig_2015_30.csv,China,1441,1441,5764,0,0,0,0,0
SAT_Nig_2015_30.csv,Türkiye,180,180,720,0,0,0,0,0
SAT_Nig_2015_4.csv,China,1441,1441,5764,0,0,0,0,0
SAT_Nig_2015_4.csv,Türkiye,180,180,720,0,0,0,0,0
SAT_Nig_2015_5.csv,China,1441,1441,5764,0,0,0,0,0
SAT_Nig_2015_5.csv,Türkiye,180,180,720,0,0,0,0,0
SAT_Nig_2015_6.csv,China,1441,1441,5764,0,0,0,0,0
SAT_Nig_2015_6.csv,Türkiye,180,180,720,0,0,0,0,0
SAT_Nig_2015_7.csv,China,1441,1441,5764,0,0,0,0,0
SAT_Nig_2015_7.csv,Türkiye,180,180,720,0,0,0,0,0
SAT_Nig_2015_8.csv,China,1441,1441,5764,0,0,0,0,0
SAT_Nig_2015_8.csv,Türkiye,180,180,720,0,0,0,0,0
SAT_Nig_2015_9.csv,China,1441,1441,5764,0,0,0,0,0
SAT_Nig_2015_9.csv,Türkiye,180,180,720,0,0,0,0,0
SAT_Nig_2016_1.csv,China,1441,1441,5764,0,0,0,0,0
SAT_Nig_2016_1.csv,Türkiye,180,180,720,0,0,0,0,0
SAT_Nig_2016_10.csv,China,1441,1441,5764,0,0,0,0,0
SAT_Nig_2016_10.csv,Türkiye,180,180,720,0,0,0,0,0
SAT_Nig_2016_11.csv,China,1441,1441,5764,0,0,0,0,0
SAT_Nig_2016_11.csv,Türkiye,180,180,720,0,0,0,0,0
SAT_Nig_2016_12.csv,China,1441,1441,5764,0,0,0,0,0
SAT_Nig_2016_12.csv,Türkiye,180,180,720,0,0,0,0,0
SAT_Nig_2016_2.csv,China,1441,1441,5764,0,0,0,0,0
SAT_Nig_2016_2.csv,Türkiye,180,180,720,0,0,0,0,0
SAT_Nig_2016_21.csv,China,1441,1441,5764,0,0,0,0,0
SAT_Nig_2016_21.csv,Türkiye,180,180,720,0,0,0,0,0
SAT_Nig_2016_22.csv,China,1441,1441,5764,0,0,0,0,0
SAT_Nig_2016_22.csv,Türkiye,180,180,720,0,0,0,0,0
SAT_Nig_2016_23.csv,China,1441,1441,5764,0,0,0,0,0
SAT_Nig_2016_23.csv,Türkiye,180,180,720,0,0,0,0,0
SAT_Nig_2016_24.csv,China,1441,1441,5764,0,0,0,0,0
SAT_Nig_2016_24.csv,Türkiye,180,180,720,0,0,0,0,0
SAT_Nig_2016_3.csv,China,1441,1441,5764,0,0,0,0,0
SAT_Nig_2016_3.csv,Türkiye,180,180,720,0,0,0,0,0
SAT_Nig_2016_30.csv,China,1441,1441,5764,0,0,0,0,0
SAT_Nig_2016_30.csv,Türkiye,180,180,720,0,0,0,0,0
SAT_Nig_2016_4.csv,China,1441,1441,5764,0,0,0,0,0
SAT_Nig_2016_4.csv,Türkiye,180,180,720,0,0,0,0,0
SAT_Nig_2016_5.csv,China,1441,1441,5764,0,0,0,0,0
SAT_Nig_2016_5.csv,Türkiye,180,180,720,0,0,0,0,0
SAT_Nig_2016_6.csv,China,1441,1441,5764,0,0,0,0,0
SAT_Nig_2016_6.csv,Türkiye,180,180,720,0,0,0,0,0
SAT_Nig_2016_7.csv,China,1441,1441,5764,0,0,0,0,0
SAT_Nig_2016_7.csv,Türkiye,180,180,720,0,0,0,0,0
SAT_Nig_2016_8.csv,China,1441,1441,5764,0,0,0,0,0
SAT_Nig_2016_8.csv,Türkiye,180,180,720,0,0,0,0,0
SAT_Nig_2016_9.csv,China,1441,1441,5764,0,0,0,0,0
SAT_Nig_2016_9.csv,Türkiye,180,180,720,0,0,0,0,0
SAT_Nig_2017_1.csv,China,1441,1441,5764,0,0,0,0,0
SAT_Nig_2017_1.csv,Türkiye,180,180,720,0,0,0,0,0
SAT_Nig_2017_10.csv,China,1441,1441,5764,0,0,0,0,0
SAT_Nig_2017_10.csv,Türkiye,180,180,720,0,0,0,0,0
SAT_Nig_2017_11.csv,China,1441,1441,5764,0,0,0,0,0
SAT_Nig_2017_11.csv,Türkiye,180,180,720,0,0,0,0,0
SAT_Nig_2017_12.csv,China,1441,1441,5764,0,0,0,0,0
SAT_Nig_2017_12.csv,Türkiye,180,180,720,0,0,0,0,0
SAT_Nig_2017_2.csv,China,1441,1441,5764,0,0,0,0,0
SAT_Nig_2017_2.csv,Türkiye,180,180,720,0,0,0,0,0
SAT_Nig_2017_21.csv,China,1441,1441,5764,0,0,0,0,0
SAT_Nig_2017_21.csv,Türkiye,180,180,720,0,0,0,0,0
SAT_Nig_2017_22.csv,China,1441,1441,5764,0,0,0,0,0
SAT_Nig_2017_22.csv,Türkiye,180,180,720,0,0,0,0,0
SAT_Nig_2017_23.csv,China,1441,1441,5764,0,0,0,0,0
SAT_Nig_2017_23.csv,Türkiye,180,180,720,0,0,0,0,0
SAT_Nig_2017_24.csv,China,1441,1441,5764,0,0,0,0,0
SAT_Nig_2017_24.csv,Türkiye,180,180,720,0,0,0,0,0
SAT_Nig_2017_3.csv,China,1441,1441,5764,0,0,0,0,0
SAT_Nig_2017_3.csv,Türkiye,180,180,720,0,0,0,0,0
SAT_Nig_2017_30.csv,China,1441,1441,5764,0,0,0,0,0
SAT_Nig_2017_30.csv,Türkiye,180,180,720,0,0,0,0,0
SAT_Nig_2017_4.csv,China,1441,1441,5764,0,0,0,0,0
SAT_Nig_2017_4.csv,Türkiye,180,180,720,0,0,0,0,0
SAT_Nig_2017_5.csv,China,1441,1441,5764,0,0,0,0,0
SAT_Nig_2017_5.csv,Türkiye,180,180,720,0,0,0,0,0
SAT_Nig_2017_6.csv,China,1441,1441,5764,0,0,0,0,0
SAT_Nig_2017_6.csv,Türkiye,180,180,720,0,0,0,0,0
SAT_Nig_2017_7.csv,China,1441,1441,5764,0,0,0,0,0
SAT_Nig_2017_7.csv,Türkiye,180,180,720,0,0,0,0,0
SAT_Nig_2017_8.csv,China,1441,1441,5764,0,0,0,0,0
SAT_Nig_2017_8.csv,Türkiye,180,180,720,0,0,0,0,0
SAT_Nig_2017_9.csv,China,1441,1441,5764,0,0,0,0,0
SAT_Nig_2017_9.csv,Türkiye,180,180,720,0,0,0,0,0
SAT_Nig_2018_1.csv,China,1441,1441,5764,0,0,0,0,0
SAT_Nig_2018_1.csv,Türkiye,180,180,720,0,0,0,0,0
SAT_Nig_2018_10.csv,China,1441,1441,5764,0,0,0,0,0
SAT_Nig_2018_10.csv,Türkiye,180,180,720,0,0,0,0,0
SAT_Nig_2018_11.csv,China,1441,1441,5764,0,0,0,0,0
SAT_Nig_2018_11.csv,Türkiye,180,180,720,0,0,0,0,0
SAT_Nig_2018_12.csv,China,1441,1441,5764,0,0,0,0,0
SAT_Nig_2018_12.csv,Türkiye,180,180,720,0,0,0,0,0
SAT_Nig_2018_2.csv,China,1441,1441,5764,0,0,0,0,0
SAT_Nig_2018_2.csv,Türkiye,180,180,720,0,0,0,0,0
SAT_Nig_2018_21.csv,China,1441,1441,5764,0,0,0,0,0
SAT_Nig_2018_21.csv,Türkiye,180,180,720,0,0,0,0,0
SAT_Nig_2018_22.csv,China,1441,1441,5764,0,0,0,0,0
SAT_Nig_2018_22.csv,Türkiye,180,180,720,0,0,0,0,0
SAT_Nig_2018_23.csv,China,1441,1441,5764,0,0,0,0,0
SAT_Nig_2018_23.csv,Türkiye,180,180,720,0,0,0,0,0
SAT_Nig_2018_24.csv,China,1441,1441,5764,0,0,0,0,0
SAT_Nig_2018_24.csv,Türkiye,180,180,720,0,0,0,0,0
SAT_Nig_2018_3.csv,China,1441,1441,5764,0,0,0,0,0
SAT_Nig_2018_3.csv,Türkiye,180,180,720,0,0,0,0,0
SAT_Nig_2018_30.csv,China,1441,1441,5764,0,0,0,0,0
SAT_Nig_2018_30.csv,Türkiye,180,180,720,0,0,0,0,0
SAT_Nig_2018_4.csv,China,1441,1441,5764,0,0,0,0,0
SAT_Nig_2018_4.csv,Türkiye,180,180,720,0,0,0,0,0
SAT_Nig_2018_5.csv,China,1441,1441,5764,0,0,0,0,0
SAT_Nig_2018_5.csv,Türkiye,180,180,720,0,0,0,0,0
SAT_Nig_2018_6.csv,China,1441,1441,5764,0,0,0,0,0
SAT_Nig_2018_6.csv,Türkiye,180,180,720,0,0,0,0,0
SAT_Nig_2018_7.csv,China,1441,1441,5764,0,0,0,0,0
SAT_Nig_2018_7.csv,Türkiye,180,180,720,0,0,0,0,0
SAT_Nig_2018_8.csv,China,1441,1441,5764,0,0,0,0,0
SAT_Nig_2018_8.csv,Türkiye,180,180,720,0,0,0,0,0
SAT_Nig_2018_9.csv,China,1441,1441,5764,0,0,0,0,0
SAT_Nig_2018_9.csv,Türkiye,180,180,720,0,0,0,0,0
SAT_Nig_2019_1.csv,China,1441,1441,5764,0,0,0,0,0
SAT_Nig_2019_1.csv,Türkiye,180,180,720,0,0,0,0,0
SAT_Nig_2019_10.csv,China,1441,1441,5764,0,0,0,0,0
SAT_Nig_2019_10.csv,Türkiye,180,180,720,0,0,0,0,0
SAT_Nig_2019_11.csv,China,1441,1441,5764,0,0,0,0,0
SAT_Nig_2019_11.csv,Türkiye,180,180,720,0,0,0,0,0
SAT_Nig_2019_12.csv,China,1441,1441,5764,0,0,0,0,0
SAT_Nig_2019_12.csv,Türkiye,180,180,720,0,0,0,0,0
SAT_Nig_2019_2.csv,China,1441,1441,5764,0,0,0,0,0
SAT_Nig_2019_2.csv,Türkiye,180,180,720,0,0,0,0,0
SAT_Nig_2019_21.csv,China,1441,1441,5764,0,0,0,0,0
SAT_Nig_2019_21.csv,Türkiye,180,180,720,0,0,0,0,0
SAT_Nig_2019_22.csv,China,1441,1441,5764,0,0,0,0,0
SAT_Nig_2019_22.csv,Türkiye,180,180,720,0,0,0,0,0
SAT_Nig_2019_23.csv,China,1441,1441,5764,0,0,0,0,0
SAT_Nig_2019_23.csv,Türkiye,180,180,720,0,0,0,0,0
SAT_Nig_2019_24.csv,China,1441,1441,5764,0,0,0,0,0
SAT_Nig_2019_24.csv,Türkiye,180,180,720,0,0,0,0,0
SAT_Nig_2019_3.csv,China,1441,1441,5764,0,0,0,0,0
SAT_Nig_2019_3.csv,Türkiye,180,180,720,0,0,0,0,0
SAT_Nig_2019_30.csv,China,1441,1441,5764,0,0,0,0,0
SAT_Nig_2019_30.csv,Türkiye,180,180,720,0,0,0,0,0
SAT_Nig_2019_4.csv,China,1441,1441,5764,0,0,0,0,0
SAT_Nig_2019_4.csv,Türkiye,180,180,720,0,0,0,0,0
SAT_Nig_2019_5.csv,China,1441,1441,5764,0,0,0,0,0
SAT_Nig_2019_5.csv,Türkiye,180,180,720,0,0,0,0,0
SAT_Nig_2019_6.csv,China,1441,1441,5764,0,0,0,0,0
SAT_Nig_2019_6.csv,Türkiye,180,180,720,0,0,0,0,0
SAT_Nig_2019_7.csv,China,1441,1441,5764,0,0,0,0,0
SAT_Nig_2019_7.csv,Türkiye,180,180,720,0,0,0,0,0
SAT_Nig_2019_8.csv,China,1441,1441,5764,0,0,0,0,0
SAT_Nig_2019_8.csv,Türkiye,180,180,720,0,0,0,0,0
SAT_Nig_2019_9.csv,China,1441,1441,5764,0,0,0,0,0
SAT_Nig_2019_9.csv,Türkiye,180,180,720,0,0,0,0,0
SAT_Nig_2020_1.csv,China,1441,1441,5764,0,0,0,0,0
SAT_Nig_2020_1.csv,Türkiye,180,180,720,0,0,0,0,0
SAT_Nig_2020_10.csv,China,1441,1441,5764,0,0,0,0,0
SAT_Nig_2020_10.csv,Türkiye,180,180,720,0,0,0,0,0
SAT_Nig_2020_11.csv,China,1441,1441,5764,0,0,0,0,0
SAT_Nig_2020_11.csv,Türkiye,180,180,720,0,0,0,0,0
SAT_Nig_2020_12.csv,China,1441,1441,5764,0,0,0,0,0
SAT_Nig_2020_12.csv,Türkiye,180,180,720,0,0,0,0,0
SAT_Nig_2020_2.csv,China,1441,1441,5764,0,0,0,0,0
SAT_Nig_2020_2.csv,Türkiye,180,180,720,0,0,0,0,0
SAT_Nig_2020_21.csv,China,1441,1441,5764,0,0,0,0,0
SAT_Nig_2020_21.csv,Türkiye,180,180,720,0,0,0,0,0
SAT_Nig_2020_22.csv,China,1441,1441,5764,0,0,0,0,0
SAT_Nig_2020_22.csv,Türkiye,180,180,720,0,0,0,0,0
SAT_Nig_2020_23.csv,China,1441,1441,5764,0,0,0,0,0
SAT_Nig_2020_23.csv,Türkiye,180,180,720,0,0,0,0,0
SAT_Nig_2020_24.csv,China,1441,1441,5764,0,0,0,0,0
SAT_Nig_2020_24.csv,Türkiye,180,180,720,0,0,0,0,0
SAT_Nig_2020_3.csv,China,1441,1441,5764,0,0,0,0,0
SAT_Nig_2020_3.csv,Türkiye,180,180,720,0,0,0,0,0
SAT_Nig_2020_30.csv,China,1441,1441,5764,0,0,0,0,0
SAT_Nig_2020_30.csv,Türkiye,180,180,720,0,0,0,0,0
SAT_Nig_2020_4.csv,China,1441,1441,5764,0,0,0,0,0
SAT_Nig_2020_4.csv,Türkiye,180,180,720,0,0,0,0,0
SAT_Nig_2020_5.csv,China,1441,1441,5764,0,0,0,0,0
SAT_Nig_2020_5.csv,Türkiye,180,180,720,0,0,0,0,0
SAT_Nig_2020_6.csv,China,1441,1441,5764,0,0,0,0,0
SAT_Nig_2020_6.csv,Türkiye,180,180,720,0,0,0,0,0
SAT_Nig_2020_7.csv,China,1441,1441,5764,0,0,0,0,0
SAT_Nig_2020_7.csv,Türkiye,180,180,720,0,0,0,0,0
SAT_Nig_2020_8.csv,China,1441,1441,5764,0,0,0,0,0
SAT_Nig_2020_8.csv,Türkiye,180,180,720,0,0,0,0,0
SAT_Nig_2020_9.csv,China,1441,1441,5764,0,0,0,0,0
SAT_Nig_2020_9.csv,Türkiye,180,180,720,0,0,0,0,0
SMod2_Day_2001_1.csv,China,1441,1441,5764,0,0,0,0,0
SMod2_Day_2001_1.csv,Türkiye,180,180,720,0,0,0,0,0
SMod2_Day_2001_10.csv,China,1441,1441,5764,0,0,0,0,0
SMod2_Day_2001_10.csv,Türkiye,180,180,720,0,0,0,0,0
SMod2_Day_2001_11.csv,China,1441,1441,5764,0,0,0,0,0
SMod2_Day_2001_11.csv,Türkiye,180,180,720,0,0,0,0,0
SMod2_Day_2001_12.csv,China,1441,1441,5764,0,0,0,0,0
SMod2_Day_2001_12.csv,Türkiye,180,180,720,0,0,0,0,0
SMod2_Day_2001_2.csv,China,1441,1441,5764,0,0,0,0,0
SMod2_Day_2001_2.csv,Türkiye,180,180,720,0,0,0,0,0
SMod2_Day_2001_21.csv,China,1441,1441,5764,0,0,0,0,0
SMod2_Day_2001_21.csv,Türkiye,180,180,720,0,0,0,0,0
SMod2_Day_2001_22.csv,China,1441,1441,5764,0,0,0,0,0
SMod2_Day_2001_22.csv,Türkiye,180,180,720,0,0,0,0,0
SMod2_Day_2001_23.csv,China,1441,1441,5764,0,0,0,0,0
SMod2_Day_2001_23.csv,Türkiye,180,180,720,0,0,0,0,0
SMod2_Day_2001_24.csv,China,1441,1441,5764,0,0,0,0,0
SMod2_Day_2001_24.csv,Türkiye,180,180,720,0,0,0,0,0
SMod2_Day_2001_3.csv,China,1441,1441,5764,0,0,0,0,0
SMod2_Day_2001_3.csv,Türkiye,180,180,720,0,0,0,0,0
SMod2_Day_2001_30.csv,China,1441,1441,5764,0,0,0,0,0
SMod2_Day_2001_30.csv,Türkiye,180,180,720,0,0,0,0,0
SMod2_Day_2001_4.csv,China,1441,1441,5764,0,0,0,0,0
SMod2_Day_2001_4.csv,Türkiye,180,180,720,0,0,0,0,0
SMod2_Day_2001_5.csv,China,1441,1441,5764,0,0,0,0,0
SMod2_Day_2001_5.csv,Türkiye,180,180,720,0,0,0,0,0
SMod2_Day_2001_6.csv,China,1441,1441,5764,0,0,0,0,0
SMod2_Day_2001_6.csv,Türkiye,180,180,720,0,0,0,0,0
SMod2_Day_2001_7.csv,China,1441,1441,5764,0,0,0,0,0
SMod2_Day_2001_7.csv,Türkiye,180,180,720,0,0,0,0,0
SMod2_Day_2001_8.csv,China,1441,1441,5764,0,0,0,0,0
SMod2_Day_2001_8.csv,Türkiye,180,180,720,0,0,0,0,0
SMod2_Day_2001_9.csv,China,1441,1441,5764,0,0,0,0,0
SMod2_Day_2001_9.csv,Türkiye,180,180,720,0,0,0,0,0
SMod2_Day_2002_1.csv,China,1441,1441,5764,0,0,0,0,0
SMod2_Day_2002_1.csv,Türkiye,180,180,720,0,0,0,0,0
SMod2_Day_2002_10.csv,China,1441,1441,5764,0,0,0,0,0
SMod2_Day_2002_10.csv,Türkiye,180,180,720,0,0,0,0,0
SMod2_Day_2002_11.csv,China,1441,1441,5764,0,0,0,0,0
SMod2_Day_2002_11.csv,Türkiye,180,180,720,0,0,0,0,0
SMod2_Day_2002_12.csv,China,1441,1441,5764,0,0,0,0,0
SMod2_Day_2002_12.csv,Türkiye,180,180,720,0,0,0,0,0
SMod2_Day_2002_2.csv,China,1441,1441,5764,0,0,0,0,0
SMod2_Day_2002_2.csv,Türkiye,180,180,720,0,0,0,0,0
SMod2_Day_2002_21.csv,China,1441,1441,5764,0,0,0,0,0
SMod2_Day_2002_21.csv,Türkiye,180,180,720,0,0,0,0,0
SMod2_Day_2002_22.csv,China,1441,1441,5764,0,0,0,0,0
SMod2_Day_2002_22.csv,Türkiye,180,180,720,0,0,0,0,0
SMod2_Day_2002_23.csv,China,1441,1441,5764,0,0,0,0,0
SMod2_Day_2002_23.csv,Türkiye,180,180,720,0,0,0,0,0
SMod2_Day_2002_24.csv,China,1441,1441,5764,0,0,0,0,0
SMod2_Day_2002_24.csv,Türkiye,180,180,720,0,0,0,0,0
SMod2_Day_2002_3.csv,China,1441,1441,5764,0,0,0,0,0
SMod2_Day_2002_3.csv,Türkiye,180,180,720,0,0,0,0,0
SMod2_Day_2002_30.csv,China,1441,1441,5764,0,0,0,0,0
SMod2_Day_2002_30.csv,Türkiye,180,180,720,0,0,0,0,0
SMod2_Day_2002_4.csv,China,1441,1441,5764,0,0,0,0,0
SMod2_Day_2002_4.csv,Türkiye,180,180,720,0,0,0,0,0
SMod2_Day_2002_5.csv,China,1441,1441,5764,0,0,0,0,0
SMod2_Day_2002_5.csv,Türkiye,180,180,720,0,0,0,0,0
SMod2_Day_2002_6.csv,China,1441,1441,5764,0,0,0,0,0
SMod2_Day_2002_6.csv,Türkiye,180,180,720,0,0,0,0,0
SMod2_Day_2002_7.csv,China,1441,1441,5764,0,0,0,0,0
SMod2_Day_2002_7.csv,Türkiye,180,180,720,0,0,0,0,0
SMod2_Day_2002_8.csv,China,1441,1441,5764,0,0,0,0,0
SMod2_Day_2002_8.csv,Türkiye,180,180,720,0,0,0,0,0
SMod2_Day_2002_9.csv,China,1441,1441,5764,0,0,0,0,0
SMod2_Day_2002_9.csv,Türkiye,180,180,720,0,0,0,0,0
SMod2_Day_2003_1.csv,China,1441,1441,5764,0,0,0,0,0
SMod2_Day_2003_1.csv,Türkiye,180,180,720,0,0,0,0,0
SMod2_Day_2003_10.csv,China,1441,1441,5764,0,0,0,0,0
SMod2_Day_2003_10.csv,Türkiye,180,180,720,0,0,0,0,0
SMod2_Day_2003_11.csv,China,1441,1441,5764,0,0,0,0,0
SMod2_Day_2003_11.csv,Türkiye,180,180,720,0,0,0,0,0
SMod2_Day_2003_12.csv,China,1441,1441,5764,0,0,0,0,0
SMod2_Day_2003_12.csv,Türkiye,180,180,720,0,0,0,0,0
SMod2_Day_2003_2.csv,China,1441,1441,5764,0,0,0,0,0
SMod2_Day_2003_2.csv,Türkiye,180,180,720,0,0,0,0,0
SMod2_Day_2003_21.csv,China,1441,1441,5764,0,0,0,0,0
SMod2_Day_2003_21.csv,Türkiye,180,180,720,0,0,0,0,0
SMod2_Day_2003_22.csv,China,1441,1441,5764,0,0,0,0,0
SMod2_Day_2003_22.csv,Türkiye,180,180,720,0,0,0,0,0
SMod2_Day_2003_23.csv,China,1441,1441,5764,0,0,0,0,0
SMod2_Day_2003_23.csv,Türkiye,180,180,720,0,0,0,0,0
SMod2_Day_2003_24.csv,China,1441,1441,5764,0,0,0,0,0
SMod2_Day_2003_24.csv,Türkiye,180,180,720,0,0,0,0,0
SMod2_Day_2003_3.csv,China,1441,1441,5764,0,0,0,0,0
SMod2_Day_2003_3.csv,Türkiye,180,180,720,0,0,0,0,0
SMod2_Day_2003_30.csv,China,1441,1441,5764,0,0,0,0,0
SMod2_Day_2003_30.csv,Türkiye,180,180,720,0,0,0,0,0
SMod2_Day_2003_4.csv,China,1441,1441,5764,0,0,0,0,0
SMod2_Day_2003_4.csv,Türkiye,180,180,720,0,0,0,0,0
SMod2_Day_2003_5.csv,China,1441,1441,5764,0,0,0,0,0
SMod2_Day_2003_5.csv,Türkiye,180,180,720,0,0,0,0,0
SMod2_Day_2003_6.csv,China,1441,1441,5764,0,0,0,0,0
SMod2_Day_2003_6.csv,Türkiye,180,180,720,0,0,0,0,0
SMod2_Day_2003_7.csv,China,1441,1441,5764,0,0,0,0,0
SMod2_Day_2003_7.csv,Türkiye,180,180,720,0,0,0,0,0
SMod2_Day_2003_8.csv,China,1441,1441,5764,0,0,0,0,0
SMod2_Day_2003_8.csv,Türkiye,180,180,720,0,0,0,0,0
SMod2_Day_2003_9.csv,China,1441,1441,5764,0,0,0,0,0
SMod2_Day_2003_9.csv,Türkiye,180,180,720,0,0,0,0,0
SMod2_Day_2004_1.csv,China,1441,1441,5764,0,0,0,0,0
SMod2_Day_2004_1.csv,Türkiye,180,180,720,0,0,0,0,0
SMod2_Day_2004_10.csv,China,1441,1441,5764,0,0,0,0,0
SMod2_Day_2004_10.csv,Türkiye,180,180,720,0,0,0,0,0
SMod2_Day_2004_11.csv,China,1441,1441,5764,0,0,0,0,0
SMod2_Day_2004_11.csv,Türkiye,180,180,720,0,0,0,0,0
SMod2_Day_2004_12.csv,China,1441,1441,5764,0,0,0,0,0
SMod2_Day_2004_12.csv,Türkiye,180,180,720,0,0,0,0,0
SMod2_Day_2004_2.csv,China,1441,1441,5764,0,0,0,0,0
SMod2_Day_2004_2.csv,Türkiye,180,180,720,0,0,0,0,0
SMod2_Day_2004_21.csv,China,1441,1441,5764,0,0,0,0,0
SMod2_Day_2004_21.csv,Türkiye,180,180,720,0,0,0,0,0
SMod2_Day_2004_22.csv,China,1441,1441,5764,0,0,0,0,0
SMod2_Day_2004_22.csv,Türkiye,180,180,720,0,0,0,0,0
SMod2_Day_2004_23.csv,China,1441,1441,5764,0,0,0,0,0
SMod2_Day_2004_23.csv,Türkiye,180,180,720,0,0,0,0,0
SMod2_Day_2004_24.csv,China,1441,1441,5764,0,0,0,0,0
SMod2_Day_2004_24.csv,Türkiye,180,180,720,0,0,0,0,0
SMod2_Day_2004_3.csv,China,1441,1441,5764,0,0,0,0,0
SMod2_Day_2004_3.csv,Türkiye,180,180,720,0,0,0,0,0
SMod2_Day_2004_30.csv,China,1441,1441,5764,0,0,0,0,0
SMod2_Day_2004_30.csv,Türkiye,180,180,720,0,0,0,0,0
SMod2_Day_2004_4.csv,China,1441,1441,5764,0,0,0,0,0
SMod2_Day_2004_4.csv,Türkiye,180,180,720,0,0,0,0,0
SMod2_Day_2004_5.csv,China,1441,1441,5764,0,0,0,0,0
SMod2_Day_2004_5.csv,Türkiye,180,180,720,0,0,0,0,0
SMod2_Day_2004_6.csv,China,1441,1441,5764,0,0,0,0,0
SMod2_Day_2004_6.csv,Türkiye,180,180,720,0,0,0,0,0
SMod2_Day_2004_7.csv,China,1441,1441,5764,0,0,0,0,0
SMod2_Day_2004_7.csv,Türkiye,180,180,720,0,0,0,0,0
SMod2_Day_2004_8.csv,China,1441,1441,5764,0,0,0,0,0
SMod2_Day_2004_8.csv,Türkiye,180,180,720,0,0,0,0,0
SMod2_Day_2004_9.csv,China,1441,1441,5764,0,0,0,0,0
SMod2_Day_2004_9.csv,Türkiye,180,180,720,0,0,0,0,0
SMod2_Day_2005_1.csv,China,1441,1441,5764,0,0,0,0,0
SMod2_Day_2005_1.csv,Türkiye,180,180,720,0,0,0,0,0
SMod2_Day_2005_10.csv,China,1441,1441,5764,0,0,0,0,0
SMod2_Day_2005_10.csv,Türkiye,180,180,720,0,0,0,0,0
SMod2_Day_2005_11.csv,China,1441,1441,5764,0,0,0,0,0
SMod2_Day_2005_11.csv,Türkiye,180,180,720,0,0,0,0,0
SMod2_Day_2005_12.csv,China,1441,1441,5764,0,0,0,0,0
SMod2_Day_2005_12.csv,Türkiye,180,180,720,0,0,0,0,0
SMod2_Day_2005_2.csv,China,1441,1441,5764,0,0,0,0,0
SMod2_Day_2005_2.csv,Türkiye,180,180,720,0,0,0,0,0
SMod2_Day_2005_21.csv,China,1441,1441,5764,0,0,0,0,0
SMod2_Day_2005_21.csv,Türkiye,180,180,720,0,0,0,0,0
SMod2_Day_2005_22.csv,China,1441,1441,5764,0,0,0,0,0
SMod2_Day_2005_22.csv,Türkiye,180,180,720,0,0,0,0,0
SMod2_Day_2005_23.csv,China,1441,1441,5764,0,0,0,0,0
SMod2_Day_2005_23.csv,Türkiye,180,180,720,0,0,0,0,0
SMod2_Day_2005_24.csv,China,1441,1441,5764,0,0,0,0,0
SMod2_Day_2005_24.csv,Türkiye,180,180,720,0,0,0,0,0
SMod2_Day_2005_3.csv,China,1441,1441,5764,0,0,0,0,0
SMod2_Day_2005_3.csv,Türkiye,180,180,720,0,0,0,0,0
SMod2_Day_2005_30.csv,China,1441,1441,5764,0,0,0,0,0
SMod2_Day_2005_30.csv,Türkiye,180,180,720,0,0,0,0,0
SMod2_Day_2005_4.csv,China,1441,1441,5764,0,0,0,0,0
SMod2_Day_2005_4.csv,Türkiye,180,180,720,0,0,0,0,0
SMod2_Day_2005_5.csv,China,1441,1441,5764,0,0,0,0,0
SMod2_Day_2005_5.csv,Türkiye,180,180,720,0,0,0,0,0
SMod2_Day_2005_6.csv,China,1441,1441,5764,0,0,0,0,0
SMod2_Day_2005_6.csv,Türkiye,180,180,720,0,0,0,0,0
SMod2_Day_2005_7.csv,China,1441,1441,5764,0,0,0,0,0
SMod2_Day_2005_7.csv,Türkiye,180,180,720,0,0,0,0,0
SMod2_Day_2005_8.csv,China,1441,1441,5764,0,0,0,0,0
SMod2_Day_2005_8.csv,Türkiye,180,180,720,0,0,0,0,0
SMod2_Day_2005_9.csv,China,1441,1441,5764,0,0,0,0,0
SMod2_Day_2005_9.csv,Türkiye,180,180,720,0,0,0,0,0
SMod2_Day_2006_1.csv,China,1441,1441,5764,0,0,0,0,0
SMod2_Day_2006_1.csv,Türkiye,180,180,720,0,0,0,0,0
SMod2_Day_2006_10.csv,China,1441,1441,5764,0,0,0,0,0
SMod2_Day_2006_10.csv,Türkiye,180,180,720,0,0,0,0,0
SMod2_Day_2006_11.csv,China,1441,1441,5764,0,0,0,0,0
SMod2_Day_2006_11.csv,Türkiye,180,180,720,0,0,0,0,0
SMod2_Day_2006_12.csv,China,1441,1441,5764,0,0,0,0,0
SMod2_Day_2006_12.csv,Türkiye,180,180,720,0,0,0,0,0
SMod2_Day_2006_2.csv,China,1441,1441,5764,0,0,0,0,0
SMod2_Day_2006_2.csv,Türkiye,180,180,720,0,0,0,0,0
SMod2_Day_2006_21.csv,China,1441,1441,5764,0,0,0,0,0
SMod2_Day_2006_21.csv,Türkiye,180,180,720,0,0,0,0,0
SMod2_Day_2006_22.csv,China,1441,1441,5764,0,0,0,0,0
SMod2_Day_2006_22.csv,Türkiye,180,180,720,0,0,0,0,0
SMod2_Day_2006_23.csv,China,1441,1441,5764,0,0,0,0,0
SMod2_Day_2006_23.csv,Türkiye,180,180,720,0,0,0,0,0
SMod2_Day_2006_24.csv,China,1441,1441,5764,0,0,0,0,0
SMod2_Day_2006_24.csv,Türkiye,180,180,720,0,0,0,0,0
SMod2_Day_2006_3.csv,China,1441,1441,5764,0,0,0,0,0
SMod2_Day_2006_3.csv,Türkiye,180,180,720,0,0,0,0,0
SMod2_Day_2006_30.csv,China,1441,1441,5764,0,0,0,0,0
SMod2_Day_2006_30.csv,Türkiye,180,180,720,0,0,0,0,0
SMod2_Day_2006_4.csv,China,1441,1441,5764,0,0,0,0,0
SMod2_Day_2006_4.csv,Türkiye,180,180,720,0,0,0,0,0
SMod2_Day_2006_5.csv,China,1441,1441,5764,0,0,0,0,0
SMod2_Day_2006_5.csv,Türkiye,180,180,720,0,0,0,0,0
SMod2_Day_2006_6.csv,China,1441,1441,5764,0,0,0,0,0
SMod2_Day_2006_6.csv,Türkiye,180,180,720,0,0,0,0,0
SMod2_Day_2006_7.csv,China,1441,1441,5764,0,0,0,0,0
SMod2_Day_2006_7.csv,Türkiye,180,180,720,0,0,0,0,0
SMod2_Day_2006_8.csv,China,1441,1441,5764,0,0,0,0,0
SMod2_Day_2006_8.csv,Türkiye,180,180,720,0,0,0,0,0
SMod2_Day_2006_9.csv,China,1441,1441,5764,0,0,0,0,0
SMod2_Day_2006_9.csv,Türkiye,180,180,720,0,0,0,0,0
SMod2_Day_2007_1.csv,China,1441,1441,5764,0,0,0,0,0
SMod2_Day_2007_1.csv,Türkiye,180,180,720,0,0,0,0,0
SMod2_Day_2007_10.csv,China,1441,1441,5764,0,0,0,0,0
SMod2_Day_2007_10.csv,Türkiye,180,180,720,0,0,0,0,0
SMod2_Day_2007_11.csv,China,1441,1441,5764,0,0,0,0,0
SMod2_Day_2007_11.csv,Türkiye,180,180,720,0,0,0,0,0
SMod2_Day_2007_12.csv,China,1441,1441,5764,0,0,0,0,0
SMod2_Day_2007_12.csv,Türkiye,180,180,720,0,0,0,0,0
SMod2_Day_2007_2.csv,China,1441,1441,5764,0,0,0,0,0
SMod2_Day_2007_2.csv,Türkiye,180,180,720,0,0,0,0,0
SMod2_Day_2007_21.csv,China,1441,1441,5764,0,0,0,0,0
SMod2_Day_2007_21.csv,Türkiye,180,180,720,0,0,0,0,0
SMod2_Day_2007_22.csv,China,1441,1441,5764,0,0,0,0,0
SMod2_Day_2007_22.csv,Türkiye,180,180,720,0,0,0,0,0
SMod2_Day_2007_23.csv,China,1441,1441,5764,0,0,0,0,0
SMod2_Day_2007_23.csv,Türkiye,180,180,720,0,0,0,0,0
SMod2_Day_2007_24.csv,China,1441,1441,5764,0,0,0,0,0
SMod2_Day_2007_24.csv,Türkiye,180,180,720,0,0,0,0,0
SMod2_Day_2007_3.csv,China,1441,1441,5764,0,0,0,0,0
SMod2_Day_2007_3.csv,Türkiye,180,180,720,0,0,0,0,0
SMod2_Day_2007_30.csv,China,1441,1441,5764,0,0,0,0,0
SMod2_Day_2007_30.csv,Türkiye,180,180,720,0,0,0,0,0
SMod2_Day_2007_4.csv,China,1441,1441,5764,0,0,0,0,0
SMod2_Day_2007_4.csv,Türkiye,180,180,720,0,0,0,0,0
SMod2_Day_2007_5.csv,China,1441,1441,5764,0,0,0,0,0
SMod2_Day_2007_5.csv,Türkiye,180,180,720,0,0,0,0,0
SMod2_Day_2007_6.csv,China,1441,1441,5764,0,0,0,0,0
SMod2_Day_2007_6.csv,Türkiye,180,180,720,0,0,0,0,0
SMod2_Day_2007_7.csv,China,1441,1441,5764,0,0,0,0,0
SMod2_Day_2007_7.csv,Türkiye,180,180,720,0,0,0,0,0
SMod2_Day_2007_8.csv,China,1441,1441,5764,0,0,0,0,0
SMod2_Day_2007_8.csv,Türkiye,180,180,720,0,0,0,0,0
SMod2_Day_2007_9.csv,China,1441,1441,5764,0,0,0,0,0
SMod2_Day_2007_9.csv,Türkiye,180,180,720,0,0,0,0,0
SMod2_Day_2008_1.csv,China,1441,1441,5764,0,0,0,0,0
SMod2_Day_2008_1.csv,Türkiye,180,180,720,0,0,0,0,0
SMod2_Day_2008_10.csv,China,1441,1441,5764,0,0,0,0,0
SMod2_Day_2008_10.csv,Türkiye,180,180,720,0,0,0,0,0
SMod2_Day_2008_11.csv,China,1441,1441,5764,0,0,0,0,0
SMod2_Day_2008_11.csv,Türkiye,180,180,720,0,0,0,0,0
SMod2_Day_2008_12.csv,China,1441,1441,5764,0,0,0,0,0
SMod2_Day_2008_12.csv,Türkiye,180,180,720,0,0,0,0,0
SMod2_Day_2008_2.csv,China,1441,1441,5764,0,0,0,0,0
SMod2_Day_2008_2.csv,Türkiye,180,180,720,0,0,0,0,0
SMod2_Day_2008_21.csv,China,1441,1441,5764,0,0,0,0,0
SMod2_Day_2008_21.csv,Türkiye,180,180,720,0,0,0,0,0
SMod2_Day_2008_22.csv,China,1441,1441,5764,0,0,0,0,0
SMod2_Day_2008_22.csv,Türkiye,180,180,720,0,0,0,0,0
SMod2_Day_2008_23.csv,China,1441,1441,5764,0,0,0,0,0
SMod2_Day_2008_23.csv,Türkiye,180,180,720,0,0,0,0,0
SMod2_Day_2008_24.csv,China,1441,1441,5764,0,0,0,0,0
SMod2_Day_2008_24.csv,Türkiye,180,180,720,0,0,0,0,0
SMod2_Day_2008_3.csv,China,1441,1441,5764,0,0,0,0,0
SMod2_Day_2008_3.csv,Türkiye,180,180,720,0,0,0,0,0
SMod2_Day_2008_30.csv,China,1441,1441,5764,0,0,0,0,0
SMod2_Day_2008_30.csv,Türkiye,180,180,720,0,0,0,0,0
SMod2_Day_2008_4.csv,China,1441,1441,5764,0,0,0,0,0
SMod2_Day_2008_4.csv,Türkiye,180,180,720,0,0,0,0,0
SMod2_Day_2008_5.csv,China,1441,1441,5764,0,0,0,0,0
SMod2_Day_2008_5.csv,Türkiye,180,180,720,0,0,0,0,0
SMod2_Day_2008_6.csv,China,1441,1441,5764,0,0,0,0,0
SMod2_Day_2008_6.csv,Türkiye,180,180,720,0,0,0,0,0
SMod2_Day_2008_7.csv,China,1441,1441,5764,0,0,0,0,0
SMod2_Day_2008_7.csv,Türkiye,180,180,720,0,0,0,0,0
SMod2_Day_2008_8.csv,China,1441,1441,5764,0,0,0,0,0
SMod2_Day_2008_8.csv,Türkiye,180,180,720,0,0,0,0,0
SMod2_Day_2008_9.csv,China,1441,1441,5764,0,0,0,0,0
SMod2_Day_2008_9.csv,Türkiye,180,180,720,0,0,0,0,0
SMod2_Day_2009_1.csv,China,1441,1441,5764,0,0,0,0,0
SMod2_Day_2009_1.csv,Türkiye,180,180,720,0,0,0,0,0
SMod2_Day_2009_10.csv,China,1441,1441,5764,0,0,0,0,0
SMod2_Day_2009_10.csv,Türkiye,180,180,720,0,0,0,0,0
SMod2_Day_2009_11.csv,China,1441,1441,5764,0,0,0,0,0
SMod2_Day_2009_11.csv,Türkiye,180,180,720,0,0,0,0,0
SMod2_Day_2009_12.csv,China,1441,1441,5764,0,0,0,0,0
SMod2_Day_2009_12.csv,Türkiye,180,180,720,0,0,0,0,0
SMod2_Day_2009_2.csv,China,1441,1441,5764,0,0,0,0,0
SMod2_Day_2009_2.csv,Türkiye,180,180,720,0,0,0,0,0
SMod2_Day_2009_21.csv,China,1441,1441,5764,0,0,0,0,0
SMod2_Day_2009_21.csv,Türkiye,180,180,720,0,0,0,0,0
SMod2_Day_2009_22.csv,China,1441,1441,5764,0,0,0,0,0
SMod2_Day_2009_22.csv,Türkiye,180,180,720,0,0,0,0,0
SMod2_Day_2009_23.csv,China,1441,1441,5764,0,0,0,0,0
SMod2_Day_2009_23.csv,Türkiye,180,180,720,0,0,0,0,0
SMod2_Day_2009_24.csv,China,1441,1441,5764,0,0,0,0,0
SMod2_Day_2009_24.csv,Türkiye,180,180,720,0,0,0,0,0
SMod2_Day_2009_3.csv,China,1441,1441,5764,0,0,0,0,0
SMod2_Day_2009_3.csv,Türkiye,180,180,720,0,0,0,0,0
SMod2_Day_2009_30.csv,China,1441,1441,5764,0,0,0,0,0
SMod2_Day_2009_30.csv,Türkiye,180,180,720,0,0,0,0,0
SMod2_Day_2009_4.csv,China,1441,1441,5764,0,0,0,0,0
SMod2_Day_2009_4.csv,Türkiye,180,180,720,0,0,0,0,0
SMod2_Day_2009_5.csv,China,1441,1441,5764,0,0,0,0,0
SMod2_Day_2009_5.csv,Türkiye,180,180,720,0,0,0,0,0
SMod2_Day_2009_6.csv,China,1441,1441,5764,0,0,0,0,0
SMod2_Day_2009_6.csv,Türkiye,180,180,720,0,0,0,0,0
SMod2_Day_2009_7.csv,China,1441,1441,5764,0,0,0,0,0
SMod2_Day_2009_7.csv,Türkiye,180,180,720,0,0,0,0,0
SMod2_Day_2009_8.csv,China,1441,1441,5764,0,0,0,0,0
SMod2_Day_2009_8.csv,Türkiye,180,180,720,0,0,0,0,0
SMod2_Day_2009_9.csv,China,1441,1441,5764,0,0,0,0,0
SMod2_Day_2009_9.csv,Türkiye,180,180,720,0,0,0,0,0
SMod2_Day_2010_1.csv,China,1441,1441,5764,0,0,0,0,0
SMod2_Day_2010_1.csv,Türkiye,180,180,720,0,0,0,0,0
SMod2_Day_2010_10.csv,China,1441,1441,5764,0,0,0,0,0
SMod2_Day_2010_10.csv,Türkiye,180,180,720,0,0,0,0,0
SMod2_Day_2010_11.csv,China,1441,1441,5764,0,0,0,0,0
SMod2_Day_2010_11.csv,Türkiye,180,180,720,0,0,0,0,0
SMod2_Day_2010_12.csv,China,1441,1441,5764,0,0,0,0,0
SMod2_Day_2010_12.csv,Türkiye,180,180,720,0,0,0,0,0
SMod2_Day_2010_2.csv,China,1441,1441,5764,0,0,0,0,0
SMod2_Day_2010_2.csv,Türkiye,180,180,720,0,0,0,0,0
SMod2_Day_2010_21.csv,China,1441,1441,5764,0,0,0,0,0
SMod2_Day_2010_21.csv,Türkiye,180,180,720,0,0,0,0,0
SMod2_Day_2010_22.csv,China,1441,1441,5764,0,0,0,0,0
SMod2_Day_2010_22.csv,Türkiye,180,180,720,0,0,0,0,0
SMod2_Day_2010_23.csv,China,1441,1441,5764,0,0,0,0,0
SMod2_Day_2010_23.csv,Türkiye,180,180,720,0,0,0,0,0
SMod2_Day_2010_24.csv,China,1441,1441,5764,0,0,0,0,0
SMod2_Day_2010_24.csv,Türkiye,180,180,720,0,0,0,0,0
SMod2_Day_2010_3.csv,China,1441,1441,5764,0,0,0,0,0
SMod2_Day_2010_3.csv,Türkiye,180,180,720,0,0,0,0,0
SMod2_Day_2010_30.csv,China,1441,1441,5764,0,0,0,0,0
SMod2_Day_2010_30.csv,Türkiye,180,180,720,0,0,0,0,0
SMod2_Day_2010_4.csv,China,1441,1441,5764,0,0,0,0,0
SMod2_Day_2010_4.csv,Türkiye,180,180,720,0,0,0,0,0
SMod2_Day_2010_5.csv,China,1441,1441,5764,0,0,0,0,0
SMod2_Day_2010_5.csv,Türkiye,180,180,720,0,0,0,0,0
SMod2_Day_2010_6.csv,China,1441,1441,5764,0,0,0,0,0
SMod2_Day_2010_6.csv,Türkiye,180,180,720,0,0,0,0,0
SMod2_Day_2010_7.csv,China,1441,1441,5764,0,0,0,0,0
SMod2_Day_2010_7.csv,Türkiye,180,180,720,0,0,0,0,0
SMod2_Day_2010_8.csv,China,1441,1441,5764,0,0,0,0,0
SMod2_Day_2010_8.csv,Türkiye,180,180,720,0,0,0,0,0
SMod2_Day_2010_9.csv,China,1441,1441,5764,0,0,0,0,0
SMod2_Day_2010_9.csv,Türkiye,180,180,720,0,0,0,0,0
SMod2_Day_2011_1.csv,China,1441,1441,5764,0,0,0,0,0
SMod2_Day_2011_1.csv,Türkiye,180,180,720,0,0,0,0,0
SMod2_Day_2011_10.csv,China,1441,1441,5764,0,0,0,0,0
SMod2_Day_2011_10.csv,Türkiye,180,180,720,0,0,0,0,0
SMod2_Day_2011_11.csv,China,1441,1441,5764,0,0,0,0,0
SMod2_Day_2011_11.csv,Türkiye,180,180,720,0,0,0,0,0
SMod2_Day_2011_12.csv,China,1441,1441,5764,0,0,0,0,0
SMod2_Day_2011_12.csv,Türkiye,180,180,720,0,0,0,0,0
SMod2_Day_2011_2.csv,China,1441,1441,5764,0,0,0,0,0
SMod2_Day_2011_2.csv,Türkiye,180,180,720,0,0,0,0,0
SMod2_Day_2011_21.csv,China,1441,1441,5764,0,0,0,0,0
SMod2_Day_2011_21.csv,Türkiye,180,180,720,0,0,0,0,0
SMod2_Day_2011_22.csv,China,1441,1441,5764,0,0,0,0,0
SMod2_Day_2011_22.csv,Türkiye,180,180,720,0,0,0,0,0
SMod2_Day_2011_23.csv,China,1441,1441,5764,0,0,0,0,0
SMod2_Day_2011_23.csv,Türkiye,180,180,720,0,0,0,0,0
SMod2_Day_2011_24.csv,China,1441,1441,5764,0,0,0,0,0
SMod2_Day_2011_24.csv,Türkiye,180,180,720,0,0,0,0,0
SMod2_Day_2011_3.csv,China,1441,1441,5764,0,0,0,0,0
SMod2_Day_2011_3.csv,Türkiye,180,180,720,0,0,0,0,0
SMod2_Day_2011_30.csv,China,1441,1441,5764,0,0,0,0,0
SMod2_Day_2011_30.csv,Türkiye,180,180,720,0,0,0,0,0
SMod2_Day_2011_4.csv,China,1441,1441,5764,0,0,0,0,0
SMod2_Day_2011_4.csv,Türkiye,180,180,720,0,0,0,0,0
SMod2_Day_2011_5.csv,China,1441,1441,5764,0,0,0,0,0
SMod2_Day_2011_5.csv,Türkiye,180,180,720,0,0,0,0,0
SMod2_Day_2011_6.csv,China,1441,1441,5764,0,0,0,0,0
SMod2_Day_2011_6.csv,Türkiye,180,180,720,0,0,0,0,0
SMod2_Day_2011_7.csv,China,1441,1441,5764,0,0,0,0,0
SMod2_Day_2011_7.csv,Türkiye,180,180,720,0,0,0,0,0
SMod2_Day_2011_8.csv,China,1441,1441,5764,0,0,0,0,0
SMod2_Day_2011_8.csv,Türkiye,180,180,720,0,0,0,0,0
SMod2_Day_2011_9.csv,China,1441,1441,5764,0,0,0,0,0
SMod2_Day_2011_9.csv,Türkiye,180,180,720,0,0,0,0,0
SMod2_Day_2012_1.csv,China,1441,1441,5764,0,0,0,0,0
SMod2_Day_2012_1.csv,Türkiye,180,180,720,0,0,0,0,0
SMod2_Day_2012_10.csv,China,1441,1441,5764,0,0,0,0,0
SMod2_Day_2012_10.csv,Türkiye,180,180,720,0,0,0,0,0
SMod2_Day_2012_11.csv,China,1441,1441,5764,0,0,0,0,0
SMod2_Day_2012_11.csv,Türkiye,180,180,720,0,0,0,0,0
SMod2_Day_2012_12.csv,China,1441,1441,5764,0,0,0,0,0
SMod2_Day_2012_12.csv,Türkiye,180,180,720,0,0,0,0,0
SMod2_Day_2012_2.csv,China,1441,1441,5764,0,0,0,0,0
SMod2_Day_2012_2.csv,Türkiye,180,180,720,0,0,0,0,0
SMod2_Day_2012_21.csv,China,1441,1441,5764,0,0,0,0,0
SMod2_Day_2012_21.csv,Türkiye,180,180,720,0,0,0,0,0
SMod2_Day_2012_22.csv,China,1441,1441,5764,0,0,0,0,0
SMod2_Day_2012_22.csv,Türkiye,180,180,720,0,0,0,0,0
SMod2_Day_2012_23.csv,China,1441,1441,5764,0,0,0,0,0
SMod2_Day_2012_23.csv,Türkiye,180,180,720,0,0,0,0,0
SMod2_Day_2012_24.csv,China,1441,1441,5764,0,0,0,0,0
SMod2_Day_2012_24.csv,Türkiye,180,180,720,0,0,0,0,0
SMod2_Day_2012_3.csv,China,1441,1441,5764,0,0,0,0,0
SMod2_Day_2012_3.csv,Türkiye,180,180,720,0,0,0,0,0
SMod2_Day_2012_30.csv,China,1441,1441,5764,0,0,0,0,0
SMod2_Day_2012_30.csv,Türkiye,180,180,720,0,0,0,0,0
SMod2_Day_2012_4.csv,China,1441,1441,5764,0,0,0,0,0
SMod2_Day_2012_4.csv,Türkiye,180,180,720,0,0,0,0,0
SMod2_Day_2012_5.csv,China,1441,1441,5764,0,0,0,0,0
SMod2_Day_2012_5.csv,Türkiye,180,180,720,0,0,0,0,0
SMod2_Day_2012_6.csv,China,1441,1441,5764,0,0,0,0,0
SMod2_Day_2012_6.csv,Türkiye,180,180,720,0,0,0,0,0
SMod2_Day_2012_7.csv,China,1441,1441,5764,0,0,0,0,0
SMod2_Day_2012_7.csv,Türkiye,180,180,720,0,0,0,0,0
SMod2_Day_2012_8.csv,China,1441,1441,5764,0,0,0,0,0
SMod2_Day_2012_8.csv,Türkiye,180,180,720,0,0,0,0,0
SMod2_Day_2012_9.csv,China,1441,1441,5764,0,0,0,0,0
SMod2_Day_2012_9.csv,Türkiye,180,180,720,0,0,0,0,0
SMod2_Day_2013_1.csv,China,1441,1441,5764,0,0,0,0,0
SMod2_Day_2013_1.csv,Türkiye,180,180,720,0,0,0,0,0
SMod2_Day_2013_10.csv,China,1441,1441,5764,0,0,0,0,0
SMod2_Day_2013_10.csv,Türkiye,180,180,720,0,0,0,0,0
SMod2_Day_2013_11.csv,China,1441,1441,5764,0,0,0,0,0
SMod2_Day_2013_11.csv,Türkiye,180,180,720,0,0,0,0,0
SMod2_Day_2013_12.csv,China,1441,1441,5764,0,0,0,0,0
SMod2_Day_2013_12.csv,Türkiye,180,180,720,0,0,0,0,0
SMod2_Day_2013_2.csv,China,1441,1441,5764,0,0,0,0,0
SMod2_Day_2013_2.csv,Türkiye,180,180,720,0,0,0,0,0
SMod2_Day_2013_21.csv,China,1441,1441,5764,0,0,0,0,0
SMod2_Day_2013_21.csv,Türkiye,180,180,720,0,0,0,0,0
SMod2_Day_2013_22.csv,China,1441,1441,5764,0,0,0,0,0
SMod2_Day_2013_22.csv,Türkiye,180,180,720,0,0,0,0,0
SMod2_Day_2013_23.csv,China,1441,1441,5764,0,0,0,0,0
SMod2_Day_2013_23.csv,Türkiye,180,180,720,0,0,0,0,0
SMod2_Day_2013_24.csv,China,1441,1441,5764,0,0,0,0,0
SMod2_Day_2013_24.csv,Türkiye,180,180,720,0,0,0,0,0
SMod2_Day_2013_3.csv,China,1441,1441,5764,0,0,0,0,0
SMod2_Day_2013_3.csv,Türkiye,180,180,720,0,0,0,0,0
SMod2_Day_2013_30.csv,China,1441,1441,5764,0,0,0,0,0
SMod2_Day_2013_30.csv,Türkiye,180,180,720,0,0,0,0,0
SMod2_Day_2013_4.csv,China,1441,1441,5764,0,0,0,0,0
SMod2_Day_2013_4.csv,Türkiye,180,180,720,0,0,0,0,0
SMod2_Day_2013_5.csv,China,1441,1441,5764,0,0,0,0,0
SMod2_Day_2013_5.csv,Türkiye,180,180,720,0,0,0,0,0
SMod2_Day_2013_6.csv,China,1441,1441,5764,0,0,0,0,0
SMod2_Day_2013_6.csv,Türkiye,180,180,720,0,0,0,0,0
SMod2_Day_2013_7.csv,China,1441,1441,5764,0,0,0,0,0
SMod2_Day_2013_7.csv,Türkiye,180,180,720,0,0,0,0,0
SMod2_Day_2013_8.csv,China,1441,1441,5764,0,0,0,0,0
SMod2_Day_2013_8.csv,Türkiye,180,180,720,0,0,0,0,0
SMod2_Day_2013_9.csv,China,1441,1441,5764,0,0,0,0,0
SMod2_Day_2013_9.csv,Türkiye,180,180,720,0,0,0,0,0
SMod2_Day_2014_1.csv,China,1441,1441,5764,0,0,0,0,0
SMod2_Day_2014_1.csv,Türkiye,180,180,720,0,0,0,0,0
SMod2_Day_2014_10.csv,China,1441,1441,5764,0,0,0,0,0
SMod2_Day_2014_10.csv,Türkiye,180,180,720,0,0,0,0,0
SMod2_Day_2014_11.csv,China,1441,1441,5764,0,0,0,0,0
SMod2_Day_2014_11.csv,Türkiye,180,180,720,0,0,0,0,0
SMod2_Day_2014_12.csv,China,1441,1441,5764,0,0,0,0,0
SMod2_Day_2014_12.csv,Türkiye,180,180,720,0,0,0,0,0
SMod2_Day_2014_2.csv,China,1441,1441,5764,0,0,0,0,0
SMod2_Day_2014_2.csv,Türkiye,180,180,720,0,0,0,0,0
SMod2_Day_2014_21.csv,China,1441,1441,5764,0,0,0,0,0
SMod2_Day_2014_21.csv,Türkiye,180,180,720,0,0,0,0,0
SMod2_Day_2014_22.csv,China,1441,1441,5764,0,0,0,0,0
SMod2_Day_2014_22.csv,Türkiye,180,180,720,0,0,0,0,0
SMod2_Day_2014_23.csv,China,1441,1441,5764,0,0,0,0,0
SMod2_Day_2014_23.csv,Türkiye,180,180,720,0,0,0,0,0
SMod2_Day_2014_24.csv,China,1441,1441,5764,0,0,0,0,0
SMod2_Day_2014_24.csv,Türkiye,180,180,720,0,0,0,0,0
SMod2_Day_2014_3.csv,China,1441,1441,5764,0,0,0,0,0
SMod2_Day_2014_3.csv,Türkiye,180,180,720,0,0,0,0,0
SMod2_Day_2014_30.csv,China,1441,1441,5764,0,0,0,0,0
SMod2_Day_2014_30.csv,Türkiye,180,180,720,0,0,0,0,0
SMod2_Day_2014_4.csv,China,1441,1441,5764,0,0,0,0,0
SMod2_Day_2014_4.csv,Türkiye,180,180,720,0,0,0,0,0
SMod2_Day_2014_5.csv,China,1441,1441,5764,0,0,0,0,0
SMod2_Day_2014_5.csv,Türkiye,180,180,720,0,0,0,0,0
SMod2_Day_2014_6.csv,China,1441,1441,5764,0,0,0,0,0
SMod2_Day_2014_6.csv,Türkiye,180,180,720,0,0,0,0,0
SMod2_Day_2014_7.csv,China,1441,1441,5764,0,0,0,0,0
SMod2_Day_2014_7.csv,Türkiye,180,180,720,0,0,0,0,0
SMod2_Day_2014_8.csv,China,1441,1441,5764,0,0,0,0,0
SMod2_Day_2014_8.csv,Türkiye,180,180,720,0,0,0,0,0
SMod2_Day_2014_9.csv,China,1441,1441,5764,0,0,0,0,0
SMod2_Day_2014_9.csv,Türkiye,180,180,720,0,0,0,0,0
SMod2_Day_2015_1.csv,China,1441,1441,5764,0,0,0,0,0
SMod2_Day_2015_1.csv,Türkiye,180,180,720,0,0,0,0,0
SMod2_Day_2015_10.csv,China,1441,1441,5764,0,0,0,0,0
SMod2_Day_2015_10.csv,Türkiye,180,180,720,0,0,0,0,0
SMod2_Day_2015_11.csv,China,1441,1441,5764,0,0,0,0,0
SMod2_Day_2015_11.csv,Türkiye,180,180,720,0,0,0,0,0
SMod2_Day_2015_12.csv,China,1441,1441,5764,0,0,0,0,0
SMod2_Day_2015_12.csv,Türkiye,180,180,720,0,0,0,0,0
SMod2_Day_2015_2.csv,China,1441,1441,5764,0,0,0,0,0
SMod2_Day_2015_2.csv,Türkiye,180,180,720,0,0,0,0,0
SMod2_Day_2015_21.csv,China,1441,1441,5764,0,0,0,0,0
SMod2_Day_2015_21.csv,Türkiye,180,180,720,0,0,0,0,0
SMod2_Day_2015_22.csv,China,1441,1441,5764,0,0,0,0,0
SMod2_Day_2015_22.csv,Türkiye,180,180,720,0,0,0,0,0
SMod2_Day_2015_23.csv,China,1441,1441,5764,0,0,0,0,0
SMod2_Day_2015_23.csv,Türkiye,180,180,720,0,0,0,0,0
SMod2_Day_2015_24.csv,China,1441,1441,5764,0,0,0,0,0
SMod2_Day_2015_24.csv,Türkiye,180,180,720,0,0,0,0,0
SMod2_Day_2015_3.csv,China,1441,1441,5764,0,0,0,0,0
SMod2_Day_2015_3.csv,Türkiye,180,180,720,0,0,0,0,0
SMod2_Day_2015_30.csv,China,1441,1441,5764,0,0,0,0,0
SMod2_Day_2015_30.csv,Türkiye,180,180,720,0,0,0,0,0
SMod2_Day_2015_4.csv,China,1441,1441,5764,0,0,0,0,0
SMod2_Day_2015_4.csv,Türkiye,180,180,720,0,0,0,0,0
SMod2_Day_2015_5.csv,China,1441,1441,5764,0,0,0,0,0
SMod2_Day_2015_5.csv,Türkiye,180,180,720,0,0,0,0,0
SMod2_Day_2015_6.csv,China,1441,1441,5764,0,0,0,0,0
SMod2_Day_2015_6.csv,Türkiye,180,180,720,0,0,0,0,0
SMod2_Day_2015_7.csv,China,1441,1441,5764,0,0,0,0,0
SMod2_Day_2015_7.csv,Türkiye,180,180,720,0,0,0,0,0
SMod2_Day_2015_8.csv,China,1441,1441,5764,0,0,0,0,0
SMod2_Day_2015_8.csv,Türkiye,180,180,720,0,0,0,0,0
SMod2_Day_2015_9.csv,China,1441,1441,5764,0,0,0,0,0
SMod2_Day_2015_9.csv,Türkiye,180,180,720,0,0,0,0,0
SMod2_Day_2016_1.csv,China,1441,1441,5764,0,0,0,0,0
SMod2_Day_2016_1.csv,Türkiye,180,180,720,0,0,0,0,0
SMod2_Day_2016_10.csv,China,1441,1441,5764,0,0,0,0,0
SMod2_Day_2016_10.csv,Türkiye,180,180,720,0,0,0,0,0
SMod2_Day_2016_11.csv,China,1441,1441,5764,0,0,0,0,0
SMod2_Day_2016_11.csv,Türkiye,180,180,720,0,0,0,0,0
SMod2_Day_2016_12.csv,China,1441,1441,5764,0,0,0,0,0
SMod2_Day_2016_12.csv,Türkiye,180,180,720,0,0,0,0,0
SMod2_Day_2016_2.csv,China,1441,1441,5764,0,0,0,0,0
SMod2_Day_2016_2.csv,Türkiye,180,180,720,0,0,0,0,0
SMod2_Day_2016_21.csv,China,1441,1441,5764,0,0,0,0,0
SMod2_Day_2016_21.csv,Türkiye,180,180,720,0,0,0,0,0
SMod2_Day_2016_22.csv,China,1441,1441,5764,0,0,0,0,0
SMod2_Day_2016_22.csv,Türkiye,180,180,720,0,0,0,0,0
SMod2_Day_2016_23.csv,China,1441,1441,5764,0,0,0,0,0
SMod2_Day_2016_23.csv,Türkiye,180,180,720,0,0,0,0,0
SMod2_Day_2016_24.csv,China,1441,1441,5764,0,0,0,0,0
SMod2_Day_2016_24.csv,Türkiye,180,180,720,0,0,0,0,0
SMod2_Day_2016_3.csv,China,1441,1441,5764,0,0,0,0,0
SMod2_Day_2016_3.csv,Türkiye,180,180,720,0,0,0,0,0
SMod2_Day_2016_30.csv,China,1441,1441,5764,0,0,0,0,0
SMod2_Day_2016_30.csv,Türkiye,180,180,720,0,0,0,0,0
SMod2_Day_2016_4.csv,China,1441,1441,5764,0,0,0,0,0
SMod2_Day_2016_4.csv,Türkiye,180,180,720,0,0,0,0,0
SMod2_Day_2016_5.csv,China,1441,1441,5764,0,0,0,0,0
SMod2_Day_2016_5.csv,Türkiye,180,180,720,0,0,0,0,0
SMod2_Day_2016_6.csv,China,1441,1441,5764,0,0,0,0,0
SMod2_Day_2016_6.csv,Türkiye,180,180,720,0,0,0,0,0
SMod2_Day_2016_7.csv,China,1441,1441,5764,0,0,0,0,0
SMod2_Day_2016_7.csv,Türkiye,180,180,720,0,0,0,0,0
SMod2_Day_2016_8.csv,China,1441,1441,5764,0,0,0,0,0
SMod2_Day_2016_8.csv,Türkiye,180,180,720,0,0,0,0,0
SMod2_Day_2016_9.csv,China,1441,1441,5764,0,0,0,0,0
SMod2_Day_2016_9.csv,Türkiye,180,180,720,0,0,0,0,0
SMod2_Day_2017_1.csv,China,1441,1441,5764,0,0,0,0,0
SMod2_Day_2017_1.csv,Türkiye,180,180,720,0,0,0,0,0
SMod2_Day_2017_10.csv,China,1441,1441,5764,0,0,0,0,0
SMod2_Day_2017_10.csv,Türkiye,180,180,720,0,0,0,0,0
SMod2_Day_2017_11.csv,China,1441,1441,5764,0,0,0,0,0
SMod2_Day_2017_11.csv,Türkiye,180,180,720,0,0,0,0,0
SMod2_Day_2017_12.csv,China,1441,1441,5764,0,0,0,0,0
SMod2_Day_2017_12.csv,Türkiye,180,180,720,0,0,0,0,0
SMod2_Day_2017_2.csv,China,1441,1441,5764,0,0,0,0,0
SMod2_Day_2017_2.csv,Türkiye,180,180,720,0,0,0,0,0
SMod2_Day_2017_21.csv,China,1441,1441,5764,0,0,0,0,0
SMod2_Day_2017_21.csv,Türkiye,180,180,720,0,0,0,0,0
SMod2_Day_2017_22.csv,China,1441,1441,5764,0,0,0,0,0
SMod2_Day_2017_22.csv,Türkiye,180,180,720,0,0,0,0,0
SMod2_Day_2017_23.csv,China,1441,1441,5764,0,0,0,0,0
SMod2_Day_2017_23.csv,Türkiye,180,180,720,0,0,0,0,0
SMod2_Day_2017_24.csv,China,1441,1441,5764,0,0,0,0,0
SMod2_Day_2017_24.csv,Türkiye,180,180,720,0,0,0,0,0
SMod2_Day_2017_3.csv,China,1441,1441,5764,0,0,0,0,0
SMod2_Day_2017_3.csv,Türkiye,180,180,720,0,0,0,0,0
SMod2_Day_2017_30.csv,China,1441,1441,5764,0,0,0,0,0
SMod2_Day_2017_30.csv,Türkiye,180,180,720,0,0,0,0,0
SMod2_Day_2017_4.csv,China,1441,1441,5764,0,0,0,0,0
SMod2_Day_2017_4.csv,Türkiye,180,180,720,0,0,0,0,0
SMod2_Day_2017_5.csv,China,1441,1441,5764,0,0,0,0,0
SMod2_Day_2017_5.csv,Türkiye,180,180,720,0,0,0,0,0
SMod2_Day_2017_6.csv,China,1441,1441,5764,0,0,0,0,0
SMod2_Day_2017_6.csv,Türkiye,180,180,720,0,0,0,0,0
SMod2_Day_2017_7.csv,China,1441,1441,5764,0,0,0,0,0
SMod2_Day_2017_7.csv,Türkiye,180,180,720,0,0,0,0,0
SMod2_Day_2017_8.csv,China,1441,1441,5764,0,0,0,0,0
SMod2_Day_2017_8.csv,Türkiye,180,180,720,0,0,0,0,0
SMod2_Day_2017_9.csv,China,1441,1441,5764,0,0,0,0,0
SMod2_Day_2017_9.csv,Türkiye,180,180,720,0,0,0,0,0
SMod2_Day_2018_1.csv,China,1441,1441,5764,0,0,0,0,0
SMod2_Day_2018_1.csv,Türkiye,180,180,720,0,0,0,0,0
SMod2_Day_2018_10.csv,China,1441,1441,5764,0,0,0,0,0
SMod2_Day_2018_10.csv,Türkiye,180,180,720,0,0,0,0,0
SMod2_Day_2018_11.csv,China,1441,1441,5764,0,0,0,0,0
SMod2_Day_2018_11.csv,Türkiye,180,180,720,0,0,0,0,0
SMod2_Day_2018_12.csv,China,1441,1441,5764,0,0,0,0,0
SMod2_Day_2018_12.csv,Türkiye,180,180,720,0,0,0,0,0
SMod2_Day_2018_2.csv,China,1441,1441,5764,0,0,0,0,0
SMod2_Day_2018_2.csv,Türkiye,180,180,720,0,0,0,0,0
SMod2_Day_2018_21.csv,China,1441,1441,5764,0,0,0,0,0
SMod2_Day_2018_21.csv,Türkiye,180,180,720,0,0,0,0,0
SMod2_Day_2018_22.csv,China,1441,1441,5764,0,0,0,0,0
SMod2_Day_2018_22.csv,Türkiye,180,180,720,0,0,0,0,0
SMod2_Day_2018_23.csv,China,1441,1441,5764,0,0,0,0,0
SMod2_Day_2018_23.csv,Türkiye,180,180,720,0,0,0,0,0
SMod2_Day_2018_24.csv,China,1441,1441,5764,0,0,0,0,0
SMod2_Day_2018_24.csv,Türkiye,180,180,720,0,0,0,0,0
SMod2_Day_2018_3.csv,China,1441,1441,5764,0,0,0,0,0
SMod2_Day_2018_3.csv,Türkiye,180,180,720,0,0,0,0,0
SMod2_Day_2018_30.csv,China,1441,1441,5764,0,0,0,0,0
SMod2_Day_2018_30.csv,Türkiye,180,180,720,0,0,0,0,0
SMod2_Day_2018_4.csv,China,1441,1441,5764,0,0,0,0,0
SMod2_Day_2018_4.csv,Türkiye,180,180,720,0,0,0,0,0
SMod2_Day_2018_5.csv,China,1441,1441,5764,0,0,0,0,0
SMod2_Day_2018_5.csv,Türkiye,180,180,720,0,0,0,0,0
SMod2_Day_2018_6.csv,China,1441,1441,5764,0,0,0,0,0
SMod2_Day_2018_6.csv,Türkiye,180,180,720,0,0,0,0,0
SMod2_Day_2018_7.csv,China,1441,1441,5764,0,0,0,0,0
SMod2_Day_2018_7.csv,Türkiye,180,180,720,0,0,0,0,0
SMod2_Day_2018_8.csv,China,1441,1441,5764,0,0,0,0,0
SMod2_Day_2018_8.csv,Türkiye,180,180,720,0,0,0,0,0
SMod2_Day_2018_9.csv,China,1441,1441,5764,0,0,0,0,0
SMod2_Day_2018_9.csv,Türkiye,180,180,720,0,0,0,0,0
SMod2_Day_2019_1.csv,China,1441,1441,5764,0,0,0,0,0
SMod2_Day_2019_1.csv,Türkiye,180,180,720,0,0,0,0,0
SMod2_Day_2019_10.csv,China,1441,1441,5764,0,0,0,0,0
SMod2_Day_2019_10.csv,Türkiye,180,180,720,0,0,0,0,0
SMod2_Day_2019_11.csv,China,1441,1441,5764,0,0,0,0,0
SMod2_Day_2019_11.csv,Türkiye,180,180,720,0,0,0,0,0
SMod2_Day_2019_12.csv,China,1441,1441,5764,0,0,0,0,0
SMod2_Day_2019_12.csv,Türkiye,180,180,720,0,0,0,0,0
SMod2_Day_2019_2.csv,China,1441,1441,5764,0,0,0,0,0
SMod2_Day_2019_2.csv,Türkiye,180,180,720,0,0,0,0,0
SMod2_Day_2019_21.csv,China,1441,1441,5764,0,0,0,0,0
SMod2_Day_2019_21.csv,Türkiye,180,180,720,0,0,0,0,0
SMod2_Day_2019_22.csv,China,1441,1441,5764,0,0,0,0,0
SMod2_Day_2019_22.csv,Türkiye,180,180,720,0,0,0,0,0
SMod2_Day_2019_23.csv,China,1441,1441,5764,0,0,0,0,0
SMod2_Day_2019_23.csv,Türkiye,180,180,720,0,0,0,0,0
SMod2_Day_2019_24.csv,China,1441,1441,5764,0,0,0,0,0
SMod2_Day_2019_24.csv,Türkiye,180,180,720,0,0,0,0,0
SMod2_Day_2019_3.csv,China,1441,1441,5764,0,0,0,0,0
SMod2_Day_2019_3.csv,Türkiye,180,180,720,0,0,0,0,0
SMod2_Day_2019_30.csv,China,1441,1441,5764,0,0,0,0,0
SMod2_Day_2019_30.csv,Türkiye,180,180,720,0,0,0,0,0
SMod2_Day_2019_4.csv,China,1441,1441,5764,0,0,0,0,0
SMod2_Day_2019_4.csv,Türkiye,180,180,720,0,0,0,0,0
SMod2_Day_2019_5.csv,China,1441,1441,5764,0,0,0,0,0
SMod2_Day_2019_5.csv,Türkiye,180,180,720,0,0,0,0,0
SMod2_Day_2019_6.csv,China,1441,1441,5764,0,0,0,0,0
SMod2_Day_2019_6.csv,Türkiye,180,180,720,0,0,0,0,0
SMod2_Day_2019_7.csv,China,1441,1441,5764,0,0,0,0,0
SMod2_Day_2019_7.csv,Türkiye,180,180,720,0,0,0,0,0
SMod2_Day_2019_8.csv,China,1441,1441,5764,0,0,0,0,0
SMod2_Day_2019_8.csv,Türkiye,180,180,720,0,0,0,0,0
SMod2_Day_2019_9.csv,China,1441,1441,5764,0,0,0,0,0
SMod2_Day_2019_9.csv,Türkiye,180,180,720,0,0,0,0,0
SMod2_Day_2020_1.csv,China,1441,1441,5764,0,0,0,0,0
SMod2_Day_2020_1.csv,Türkiye,180,180,720,0,0,0,0,0
SMod2_Day_2020_10.csv,China,1441,1441,5764,0,0,0,0,0
SMod2_Day_2020_10.csv,Türkiye,180,180,720,0,0,0,0,0
SMod2_Day_2020_11.csv,China,1441,1441,5764,0,0,0,0,0
SMod2_Day_2020_11.csv,Türkiye,180,180,720,0,0,0,0,0
SMod2_Day_2020_12.csv,China,1441,1441,5764,0,0,0,0,0
SMod2_Day_2020_12.csv,Türkiye,180,180,720,0,0,0,0,0
SMod2_Day_2020_2.csv,China,1441,1441,5764,0,0,0,0,0
SMod2_Day_2020_2.csv,Türkiye,180,180,720,0,0,0,0,0
SMod2_Day_2020_21.csv,China,1441,1441,5764,0,0,0,0,0
SMod2_Day_2020_21.csv,Türkiye,180,180,720,0,0,0,0,0
SMod2_Day_2020_22.csv,China,1441,1441,5764,0,0,0,0,0
SMod2_Day_2020_22.csv,Türkiye,180,180,720,0,0,0,0,0
SMod2_Day_2020_23.csv,China,1441,1441,5764,0,0,0,0,0
SMod2_Day_2020_23.csv,Türkiye,180,180,720,0,0,0,0,0
SMod2_Day_2020_24.csv,China,1441,1441,5764,0,0,0,0,0
SMod2_Day_2020_24.csv,Türkiye,180,180,720,0,0,0,0,0
SMod2_Day_2020_3.csv,China,1441,1441,5764,0,0,0,0,0
SMod2_Day_2020_3.csv,Türkiye,180,180,720,0,0,0,0,0
SMod2_Day_2020_30.csv,China,1441,1441,5764,0,0,0,0,0
SMod2_Day_2020_30.csv,Türkiye,180,180,720,0,0,0,0,0
SMod2_Day_2020_4.csv,China,1441,1441,5764,0,0,0,0,0
SMod2_Day_2020_4.csv,Türkiye,180,180,720,0,0,0,0,0
SMod2_Day_2020_5.csv,China,1441,1441,5764,0,0,0,0,0
SMod2_Day_2020_5.csv,Türkiye,180,180,720,0,0,0,0,0
SMod2_Day_2020_6.csv,China,1441,1441,5764,0,0,0,0,0
SMod2_Day_2020_6.csv,Türkiye,180,180,720,0,0,0,0,0
SMod2_Day_2020_7.csv,China,1441,1441,5764,0,0,0,0,0
SMod2_Day_2020_7.csv,Türkiye,180,180,720,0,0,0,0,0
SMod2_Day_2020_8.csv,China,1441,1441,5764,0,0,0,0,0
SMod2_Day_2020_8.csv,Türkiye,180,180,720,0,0,0,0,0
SMod2_Day_2020_9.csv,China,1441,1441,5764,0,0,0,0,0
SMod2_Day_2020_9.csv,Türkiye,180,180,720,0,0,0,0,0
SMod2_Nig_2001_1.csv,China,1441,1441,5764,0,0,0,0,0
SMod2_Nig_2001_1.csv,Türkiye,180,180,720,0,0,0,0,0
SMod2_Nig_2001_10.csv,China,1441,1441,5764,0,0,0,0,0
SMod2_Nig_2001_10.csv,Türkiye,180,180,720,0,0,0,0,0
SMod2_Nig_2001_11.csv,China,1441,1441,5764,0,0,0,0,0
SMod2_Nig_2001_11.csv,Türkiye,180,180,720,0,0,0,0,0
SMod2_Nig_2001_12.csv,China,1441,1441,5764,0,0,0,0,0
SMod2_Nig_2001_12.csv,Türkiye,180,180,720,0,0,0,0,0
SMod2_Nig_2001_2.csv,China,1441,1441,5764,0,0,0,0,0
SMod2_Nig_2001_2.csv,Türkiye,180,180,720,0,0,0,0,0
SMod2_Nig_2001_21.csv,China,1441,1441,5764,0,0,0,0,0
SMod2_Nig_2001_21.csv,Türkiye,180,180,720,0,0,0,0,0
SMod2_Nig_2001_22.csv,China,1441,1441,5764,0,0,0,0,0
SMod2_Nig_2001_22.csv,Türkiye,180,180,720,0,0,0,0,0
SMod2_Nig_2001_23.csv,China,1441,1441,5764,0,0,0,0,0
SMod2_Nig_2001_23.csv,Türkiye,180,180,720,0,0,0,0,0
SMod2_Nig_2001_24.csv,China,1441,1441,5764,0,0,0,0,0
SMod2_Nig_2001_24.csv,Türkiye,180,180,720,0,0,0,0,0
SMod2_Nig_2001_3.csv,China,1441,1441,5764,0,0,0,0,0
SMod2_Nig_2001_3.csv,Türkiye,180,180,720,0,0,0,0,0
SMod2_Nig_2001_30.csv,China,1441,1441,5764,0,0,0,0,0
SMod2_Nig_2001_30.csv,Türkiye,180,180,720,0,0,0,0,0
SMod2_Nig_2001_4.csv,China,1441,1441,5764,0,0,0,0,0
SMod2_Nig_2001_4.csv,Türkiye,180,180,720,0,0,0,0,0
SMod2_Nig_2001_5.csv,China,1441,1441,5764,0,0,0,0,0
SMod2_Nig_2001_5.csv,Türkiye,180,180,720,0,0,0,0,0
SMod2_Nig_2001_6.csv,China,1441,1441,5764,0,0,0,0,0
SMod2_Nig_2001_6.csv,Türkiye,180,180,720,0,0,0,0,0
SMod2_Nig_2001_7.csv,China,1441,1441,5764,0,0,0,0,0
SMod2_Nig_2001_7.csv,Türkiye,180,180,720,0,0,0,0,0
SMod2_Nig_2001_8.csv,China,1441,1441,5764,0,0,0,0,0
SMod2_Nig_2001_8.csv,Türkiye,180,180,720,0,0,0,0,0
SMod2_Nig_2001_9.csv,China,1441,1441,5764,0,0,0,0,0
SMod2_Nig_2001_9.csv,Türkiye,180,180,720,0,0,0,0,0
SMod2_Nig_2002_1.csv,China,1441,1441,5764,0,0,0,0,0
SMod2_Nig_2002_1.csv,Türkiye,180,180,720,0,0,0,0,0
SMod2_Nig_2002_10.csv,China,1441,1441,5764,0,0,0,0,0
SMod2_Nig_2002_10.csv,Türkiye,180,180,720,0,0,0,0,0
SMod2_Nig_2002_11.csv,China,1441,1441,5764,0,0,0,0,0
SMod2_Nig_2002_11.csv,Türkiye,180,180,720,0,0,0,0,0
SMod2_Nig_2002_12.csv,China,1441,1441,5764,0,0,0,0,0
SMod2_Nig_2002_12.csv,Türkiye,180,180,720,0,0,0,0,0
SMod2_Nig_2002_2.csv,China,1441,1441,5764,0,0,0,0,0
SMod2_Nig_2002_2.csv,Türkiye,180,180,720,0,0,0,0,0
SMod2_Nig_2002_21.csv,China,1441,1441,5764,0,0,0,0,0
SMod2_Nig_2002_21.csv,Türkiye,180,180,720,0,0,0,0,0
SMod2_Nig_2002_22.csv,China,1441,1441,5764,0,0,0,0,0
SMod2_Nig_2002_22.csv,Türkiye,180,180,720,0,0,0,0,0
SMod2_Nig_2002_23.csv,China,1441,1441,5764,0,0,0,0,0
SMod2_Nig_2002_23.csv,Türkiye,180,180,720,0,0,0,0,0
SMod2_Nig_2002_24.csv,China,1441,1441,5764,0,0,0,0,0
SMod2_Nig_2002_24.csv,Türkiye,180,180,720,0,0,0,0,0
SMod2_Nig_2002_3.csv,China,1441,1441,5764,0,0,0,0,0
SMod2_Nig_2002_3.csv,Türkiye,180,180,720,0,0,0,0,0
SMod2_Nig_2002_30.csv,China,1441,1441,5764,0,0,0,0,0
SMod2_Nig_2002_30.csv,Türkiye,180,180,720,0,0,0,0,0
SMod2_Nig_2002_4.csv,China,1441,1441,5764,0,0,0,0,0
SMod2_Nig_2002_4.csv,Türkiye,180,180,720,0,0,0,0,0
SMod2_Nig_2002_5.csv,China,1441,1441,5764,0,0,0,0,0
SMod2_Nig_2002_5.csv,Türkiye,180,180,720,0,0,0,0,0
SMod2_Nig_2002_6.csv,China,1441,1441,5764,0,0,0,0,0
SMod2_Nig_2002_6.csv,Türkiye,180,180,720,0,0,0,0,0
SMod2_Nig_2002_7.csv,China,1441,1441,5764,0,0,0,0,0
SMod2_Nig_2002_7.csv,Türkiye,180,180,720,0,0,0,0,0
SMod2_Nig_2002_8.csv,China,1441,1441,5764,0,0,0,0,0
SMod2_Nig_2002_8.csv,Türkiye,180,180,720,0,0,0,0,0
SMod2_Nig_2002_9.csv,China,1441,1441,5764,0,0,0,0,0
SMod2_Nig_2002_9.csv,Türkiye,180,180,720,0,0,0,0,0
SMod2_Nig_2003_1.csv,China,1441,1441,5764,0,0,0,0,0
SMod2_Nig_2003_1.csv,Türkiye,180,180,720,0,0,0,0,0
SMod2_Nig_2003_10.csv,China,1441,1441,5764,0,0,0,0,0
SMod2_Nig_2003_10.csv,Türkiye,180,180,720,0,0,0,0,0
SMod2_Nig_2003_11.csv,China,1441,1441,5764,0,0,0,0,0
SMod2_Nig_2003_11.csv,Türkiye,180,180,720,0,0,0,0,0
SMod2_Nig_2003_12.csv,China,1441,1441,5764,0,0,0,0,0
SMod2_Nig_2003_12.csv,Türkiye,180,180,720,0,0,0,0,0
SMod2_Nig_2003_2.csv,China,1441,1441,5764,0,0,0,0,0
SMod2_Nig_2003_2.csv,Türkiye,180,180,720,0,0,0,0,0
SMod2_Nig_2003_21.csv,China,1441,1441,5764,0,0,0,0,0
SMod2_Nig_2003_21.csv,Türkiye,180,180,720,0,0,0,0,0
SMod2_Nig_2003_22.csv,China,1441,1441,5764,0,0,0,0,0
SMod2_Nig_2003_22.csv,Türkiye,180,180,720,0,0,0,0,0
SMod2_Nig_2003_23.csv,China,1441,1441,5764,0,0,0,0,0
SMod2_Nig_2003_23.csv,Türkiye,180,180,720,0,0,0,0,0
SMod2_Nig_2003_24.csv,China,1441,1441,5764,0,0,0,0,0
SMod2_Nig_2003_24.csv,Türkiye,180,180,720,0,0,0,0,0
SMod2_Nig_2003_3.csv,China,1441,1441,5764,0,0,0,0,0
SMod2_Nig_2003_3.csv,Türkiye,180,180,720,0,0,0,0,0
SMod2_Nig_2003_30.csv,China,1441,1441,5764,0,0,0,0,0
SMod2_Nig_2003_30.csv,Türkiye,180,180,720,0,0,0,0,0
SMod2_Nig_2003_4.csv,China,1441,1441,5764,0,0,0,0,0
SMod2_Nig_2003_4.csv,Türkiye,180,180,720,0,0,0,0,0
SMod2_Nig_2003_5.csv,China,1441,1441,5764,0,0,0,0,0
SMod2_Nig_2003_5.csv,Türkiye,180,180,720,0,0,0,0,0
SMod2_Nig_2003_6.csv,China,1441,1441,5764,0,0,0,0,0
SMod2_Nig_2003_6.csv,Türkiye,180,180,720,0,0,0,0,0
SMod2_Nig_2003_7.csv,China,1441,1441,5764,0,0,0,0,0
SMod2_Nig_2003_7.csv,Türkiye,180,180,720,0,0,0,0,0
SMod2_Nig_2003_8.csv,China,1441,1441,5764,0,0,0,0,0
SMod2_Nig_2003_8.csv,Türkiye,180,180,720,0,0,0,0,0
SMod2_Nig_2003_9.csv,China,1441,1441,5764,0,0,0,0,0
SMod2_Nig_2003_9.csv,Türkiye,180,180,720,0,0,0,0,0
SMod2_Nig_2004_1.csv,China,1441,1441,5764,0,0,0,0,0
SMod2_Nig_2004_1.csv,Türkiye,180,180,720,0,0,0,0,0
SMod2_Nig_2004_10.csv,China,1441,1441,5764,0,0,0,0,0
SMod2_Nig_2004_10.csv,Türkiye,180,180,720,0,0,0,0,0
SMod2_Nig_2004_11.csv,China,1441,1441,5764,0,0,0,0,0
SMod2_Nig_2004_11.csv,Türkiye,180,180,720,0,0,0,0,0
SMod2_Nig_2004_12.csv,China,1441,1441,5764,0,0,0,0,0
SMod2_Nig_2004_12.csv,Türkiye,180,180,720,0,0,0,0,0
SMod2_Nig_2004_2.csv,China,1441,1441,5764,0,0,0,0,0
SMod2_Nig_2004_2.csv,Türkiye,180,180,720,0,0,0,0,0
SMod2_Nig_2004_21.csv,China,1441,1441,5764,0,0,0,0,0
SMod2_Nig_2004_21.csv,Türkiye,180,180,720,0,0,0,0,0
SMod2_Nig_2004_22.csv,China,1441,1441,5764,0,0,0,0,0
SMod2_Nig_2004_22.csv,Türkiye,180,180,720,0,0,0,0,0
SMod2_Nig_2004_23.csv,China,1441,1441,5764,0,0,0,0,0
SMod2_Nig_2004_23.csv,Türkiye,180,180,720,0,0,0,0,0
SMod2_Nig_2004_24.csv,China,1441,1441,5764,0,0,0,0,0
SMod2_Nig_2004_24.csv,Türkiye,180,180,720,0,0,0,0,0
SMod2_Nig_2004_3.csv,China,1441,1441,5764,0,0,0,0,0
SMod2_Nig_2004_3.csv,Türkiye,180,180,720,0,0,0,0,0
SMod2_Nig_2004_30.csv,China,1441,1441,5764,0,0,0,0,0
SMod2_Nig_2004_30.csv,Türkiye,180,180,720,0,0,0,0,0
SMod2_Nig_2004_4.csv,China,1441,1441,5764,0,0,0,0,0
SMod2_Nig_2004_4.csv,Türkiye,180,180,720,0,0,0,0,0
SMod2_Nig_2004_5.csv,China,1441,1441,5764,0,0,0,0,0
SMod2_Nig_2004_5.csv,Türkiye,180,180,720,0,0,0,0,0
SMod2_Nig_2004_6.csv,China,1441,1441,5764,0,0,0,0,0
SMod2_Nig_2004_6.csv,Türkiye,180,180,720,0,0,0,0,0
SMod2_Nig_2004_7.csv,China,1441,1441,5764,0,0,0,0,0
SMod2_Nig_2004_7.csv,Türkiye,180,180,720,0,0,0,0,0
SMod2_Nig_2004_8.csv,China,1441,1441,5764,0,0,0,0,0
SMod2_Nig_2004_8.csv,Türkiye,180,180,720,0,0,0,0,0
SMod2_Nig_2004_9.csv,China,1441,1441,5764,0,0,0,0,0
SMod2_Nig_2004_9.csv,Türkiye,180,180,720,0,0,0,0,0
SMod2_Nig_2005_1.csv,China,1441,1441,5764,0,0,0,0,0
SMod2_Nig_2005_1.csv,Türkiye,180,180,720,0,0,0,0,0
SMod2_Nig_2005_10.csv,China,1441,1441,5764,0,0,0,0,0
SMod2_Nig_2005_10.csv,Türkiye,180,180,720,0,0,0,0,0
SMod2_Nig_2005_11.csv,China,1441,1441,5764,0,0,0,0,0
SMod2_Nig_2005_11.csv,Türkiye,180,180,720,0,0,0,0,0
SMod2_Nig_2005_12.csv,China,1441,1441,5764,0,0,0,0,0
SMod2_Nig_2005_12.csv,Türkiye,180,180,720,0,0,0,0,0
SMod2_Nig_2005_2.csv,China,1441,1441,5764,0,0,0,0,0
SMod2_Nig_2005_2.csv,Türkiye,180,180,720,0,0,0,0,0
SMod2_Nig_2005_21.csv,China,1441,1441,5764,0,0,0,0,0
SMod2_Nig_2005_21.csv,Türkiye,180,180,720,0,0,0,0,0
SMod2_Nig_2005_22.csv,China,1441,1441,5764,0,0,0,0,0
SMod2_Nig_2005_22.csv,Türkiye,180,180,720,0,0,0,0,0
SMod2_Nig_2005_23.csv,China,1441,1441,5764,0,0,0,0,0
SMod2_Nig_2005_23.csv,Türkiye,180,180,720,0,0,0,0,0
SMod2_Nig_2005_24.csv,China,1441,1441,5764,0,0,0,0,0
SMod2_Nig_2005_24.csv,Türkiye,180,180,720,0,0,0,0,0
SMod2_Nig_2005_3.csv,China,1441,1441,5764,0,0,0,0,0
SMod2_Nig_2005_3.csv,Türkiye,180,180,720,0,0,0,0,0
SMod2_Nig_2005_30.csv,China,1441,1441,5764,0,0,0,0,0
SMod2_Nig_2005_30.csv,Türkiye,180,180,720,0,0,0,0,0
SMod2_Nig_2005_4.csv,China,1441,1441,5764,0,0,0,0,0
SMod2_Nig_2005_4.csv,Türkiye,180,180,720,0,0,0,0,0
SMod2_Nig_2005_5.csv,China,1441,1441,5764,0,0,0,0,0
SMod2_Nig_2005_5.csv,Türkiye,180,180,720,0,0,0,0,0
SMod2_Nig_2005_6.csv,China,1441,1441,5764,0,0,0,0,0
SMod2_Nig_2005_6.csv,Türkiye,180,180,720,0,0,0,0,0
SMod2_Nig_2005_7.csv,China,1441,1441,5764,0,0,0,0,0
SMod2_Nig_2005_7.csv,Türkiye,180,180,720,0,0,0,0,0
SMod2_Nig_2005_8.csv,China,1441,1441,5764,0,0,0,0,0
SMod2_Nig_2005_8.csv,Türkiye,180,180,720,0,0,0,0,0
SMod2_Nig_2005_9.csv,China,1441,1441,5764,0,0,0,0,0
SMod2_Nig_2005_9.csv,Türkiye,180,180,720,0,0,0,0,0
SMod2_Nig_2006_1.csv,China,1441,1441,5764,0,0,0,0,0
SMod2_Nig_2006_1.csv,Türkiye,180,180,720,0,0,0,0,0
SMod2_Nig_2006_10.csv,China,1441,1441,5764,0,0,0,0,0
SMod2_Nig_2006_10.csv,Türkiye,180,180,720,0,0,0,0,0
SMod2_Nig_2006_11.csv,China,1441,1441,5764,0,0,0,0,0
SMod2_Nig_2006_11.csv,Türkiye,180,180,720,0,0,0,0,0
SMod2_Nig_2006_12.csv,China,1441,1441,5764,0,0,0,0,0
SMod2_Nig_2006_12.csv,Türkiye,180,180,720,0,0,0,0,0
SMod2_Nig_2006_2.csv,China,1441,1441,5764,0,0,0,0,0
SMod2_Nig_2006_2.csv,Türkiye,180,180,720,0,0,0,0,0
SMod2_Nig_2006_21.csv,China,1441,1441,5764,0,0,0,0,0
SMod2_Nig_2006_21.csv,Türkiye,180,180,720,0,0,0,0,0
SMod2_Nig_2006_22.csv,China,1441,1441,5764,0,0,0,0,0
SMod2_Nig_2006_22.csv,Türkiye,180,180,720,0,0,0,0,0
SMod2_Nig_2006_23.csv,China,1441,1441,5764,0,0,0,0,0
SMod2_Nig_2006_23.csv,Türkiye,180,180,720,0,0,0,0,0
SMod2_Nig_2006_24.csv,China,1441,1441,5764,0,0,0,0,0
SMod2_Nig_2006_24.csv,Türkiye,180,180,720,0,0,0,0,0
SMod2_Nig_2006_3.csv,China,1441,1441,5764,0,0,0,0,0
SMod2_Nig_2006_3.csv,Türkiye,180,180,720,0,0,0,0,0
SMod2_Nig_2006_30.csv,China,1441,1441,5764,0,0,0,0,0
SMod2_Nig_2006_30.csv,Türkiye,180,180,720,0,0,0,0,0
SMod2_Nig_2006_4.csv,China,1441,1441,5764,0,0,0,0,0
SMod2_Nig_2006_4.csv,Türkiye,180,180,720,0,0,0,0,0
SMod2_Nig_2006_5.csv,China,1441,1441,5764,0,0,0,0,0
SMod2_Nig_2006_5.csv,Türkiye,180,180,720,0,0,0,0,0
SMod2_Nig_2006_6.csv,China,1441,1441,5764,0,0,0,0,0
SMod2_Nig_2006_6.csv,Türkiye,180,180,720,0,0,0,0,0
SMod2_Nig_2006_7.csv,China,1441,1441,5764,0,0,0,0,0
SMod2_Nig_2006_7.csv,Türkiye,180,180,720,0,0,0,0,0
SMod2_Nig_2006_8.csv,China,1441,1441,5764,0,0,0,0,0
SMod2_Nig_2006_8.csv,Türkiye,180,180,720,0,0,0,0,0
SMod2_Nig_2006_9.csv,China,1441,1441,5764,0,0,0,0,0
SMod2_Nig_2006_9.csv,Türkiye,180,180,720,0,0,0,0,0
SMod2_Nig_2007_1.csv,China,1441,1441,5764,0,0,0,0,0
SMod2_Nig_2007_1.csv,Türkiye,180,180,720,0,0,0,0,0
SMod2_Nig_2007_10.csv,China,1441,1441,5764,0,0,0,0,0
SMod2_Nig_2007_10.csv,Türkiye,180,180,720,0,0,0,0,0
SMod2_Nig_2007_11.csv,China,1441,1441,5764,0,0,0,0,0
SMod2_Nig_2007_11.csv,Türkiye,180,180,720,0,0,0,0,0
SMod2_Nig_2007_12.csv,China,1441,1441,5764,0,0,0,0,0
SMod2_Nig_2007_12.csv,Türkiye,180,180,720,0,0,0,0,0
SMod2_Nig_2007_2.csv,China,1441,1441,5764,0,0,0,0,0
SMod2_Nig_2007_2.csv,Türkiye,180,180,720,0,0,0,0,0
SMod2_Nig_2007_21.csv,China,1441,1441,5764,0,0,0,0,0
SMod2_Nig_2007_21.csv,Türkiye,180,180,720,0,0,0,0,0
SMod2_Nig_2007_22.csv,China,1441,1441,5764,0,0,0,0,0
SMod2_Nig_2007_22.csv,Türkiye,180,180,720,0,0,0,0,0
SMod2_Nig_2007_23.csv,China,1441,1441,5764,0,0,0,0,0
SMod2_Nig_2007_23.csv,Türkiye,180,180,720,0,0,0,0,0
SMod2_Nig_2007_24.csv,China,1441,1441,5764,0,0,0,0,0
SMod2_Nig_2007_24.csv,Türkiye,180,180,720,0,0,0,0,0
SMod2_Nig_2007_3.csv,China,1441,1441,5764,0,0,0,0,0
SMod2_Nig_2007_3.csv,Türkiye,180,180,720,0,0,0,0,0
SMod2_Nig_2007_30.csv,China,1441,1441,5764,0,0,0,0,0
SMod2_Nig_2007_30.csv,Türkiye,180,180,720,0,0,0,0,0
SMod2_Nig_2007_4.csv,China,1441,1441,5764,0,0,0,0,0
SMod2_Nig_2007_4.csv,Türkiye,180,180,720,0,0,0,0,0
SMod2_Nig_2007_5.csv,China,1441,1441,5764,0,0,0,0,0
SMod2_Nig_2007_5.csv,Türkiye,180,180,720,0,0,0,0,0
SMod2_Nig_2007_6.csv,China,1441,1441,5764,0,0,0,0,0
SMod2_Nig_2007_6.csv,Türkiye,180,180,720,0,0,0,0,0
SMod2_Nig_2007_7.csv,China,1441,1441,5764,0,0,0,0,0
SMod2_Nig_2007_7.csv,Türkiye,180,180,720,0,0,0,0,0
SMod2_Nig_2007_8.csv,China,1441,1441,5764,0,0,0,0,0
SMod2_Nig_2007_8.csv,Türkiye,180,180,720,0,0,0,0,0
SMod2_Nig_2007_9.csv,China,1441,1441,5764,0,0,0,0,0
SMod2_Nig_2007_9.csv,Türkiye,180,180,720,0,0,0,0,0
SMod2_Nig_2008_1.csv,China,1441,1441,5764,0,0,0,0,0
SMod2_Nig_2008_1.csv,Türkiye,180,180,720,0,0,0,0,0
SMod2_Nig_2008_10.csv,China,1441,1441,5764,0,0,0,0,0
SMod2_Nig_2008_10.csv,Türkiye,180,180,720,0,0,0,0,0
SMod2_Nig_2008_11.csv,China,1441,1441,5764,0,0,0,0,0
SMod2_Nig_2008_11.csv,Türkiye,180,180,720,0,0,0,0,0
SMod2_Nig_2008_12.csv,China,1441,1441,5764,0,0,0,0,0
SMod2_Nig_2008_12.csv,Türkiye,180,180,720,0,0,0,0,0
SMod2_Nig_2008_2.csv,China,1441,1441,5764,0,0,0,0,0
SMod2_Nig_2008_2.csv,Türkiye,180,180,720,0,0,0,0,0
SMod2_Nig_2008_21.csv,China,1441,1441,5764,0,0,0,0,0
SMod2_Nig_2008_21.csv,Türkiye,180,180,720,0,0,0,0,0
SMod2_Nig_2008_22.csv,China,1441,1441,5764,0,0,0,0,0
SMod2_Nig_2008_22.csv,Türkiye,180,180,720,0,0,0,0,0
SMod2_Nig_2008_23.csv,China,1441,1441,5764,0,0,0,0,0
SMod2_Nig_2008_23.csv,Türkiye,180,180,720,0,0,0,0,0
SMod2_Nig_2008_24.csv,China,1441,1441,5764,0,0,0,0,0
SMod2_Nig_2008_24.csv,Türkiye,180,180,720,0,0,0,0,0
SMod2_Nig_2008_3.csv,China,1441,1441,5764,0,0,0,0,0
SMod2_Nig_2008_3.csv,Türkiye,180,180,720,0,0,0,0,0
SMod2_Nig_2008_30.csv,China,1441,1441,5764,0,0,0,0,0
SMod2_Nig_2008_30.csv,Türkiye,180,180,720,0,0,0,0,0
SMod2_Nig_2008_4.csv,China,1441,1441,5764,0,0,0,0,0
SMod2_Nig_2008_4.csv,Türkiye,180,180,720,0,0,0,0,0
SMod2_Nig_2008_5.csv,China,1441,1441,5764,0,0,0,0,0
SMod2_Nig_2008_5.csv,Türkiye,180,180,720,0,0,0,0,0
SMod2_Nig_2008_6.csv,China,1441,1441,5764,0,0,0,0,0
SMod2_Nig_2008_6.csv,Türkiye,180,180,720,0,0,0,0,0
SMod2_Nig_2008_7.csv,China,1441,1441,5764,0,0,0,0,0
SMod2_Nig_2008_7.csv,Türkiye,180,180,720,0,0,0,0,0
SMod2_Nig_2008_8.csv,China,1441,1441,5764,0,0,0,0,0
SMod2_Nig_2008_8.csv,Türkiye,180,180,720,0,0,0,0,0
SMod2_Nig_2008_9.csv,China,1441,1441,5764,0,0,0,0,0
SMod2_Nig_2008_9.csv,Türkiye,180,180,720,0,0,0,0,0
SMod2_Nig_2009_1.csv,China,1441,1441,5764,0,0,0,0,0
SMod2_Nig_2009_1.csv,Türkiye,180,180,720,0,0,0,0,0
SMod2_Nig_2009_10.csv,China,1441,1441,5764,0,0,0,0,0
SMod2_Nig_2009_10.csv,Türkiye,180,180,720,0,0,0,0,0
SMod2_Nig_2009_11.csv,China,1441,1441,5764,0,0,0,0,0
SMod2_Nig_2009_11.csv,Türkiye,180,180,720,0,0,0,0,0
SMod2_Nig_2009_12.csv,China,1441,1441,5764,0,0,0,0,0
SMod2_Nig_2009_12.csv,Türkiye,180,180,720,0,0,0,0,0
SMod2_Nig_2009_2.csv,China,1441,1441,5764,0,0,0,0,0
SMod2_Nig_2009_2.csv,Türkiye,180,180,720,0,0,0,0,0
SMod2_Nig_2009_21.csv,China,1441,1441,5764,0,0,0,0,0
SMod2_Nig_2009_21.csv,Türkiye,180,180,720,0,0,0,0,0
SMod2_Nig_2009_22.csv,China,1441,1441,5764,0,0,0,0,0
SMod2_Nig_2009_22.csv,Türkiye,180,180,720,0,0,0,0,0
SMod2_Nig_2009_23.csv,China,1441,1441,5764,0,0,0,0,0
SMod2_Nig_2009_23.csv,Türkiye,180,180,720,0,0,0,0,0
SMod2_Nig_2009_24.csv,China,1441,1441,5764,0,0,0,0,0
SMod2_Nig_2009_24.csv,Türkiye,180,180,720,0,0,0,0,0
SMod2_Nig_2009_3.csv,China,1441,1441,5764,0,0,0,0,0
SMod2_Nig_2009_3.csv,Türkiye,180,180,720,0,0,0,0,0
SMod2_Nig_2009_30.csv,China,1441,1441,5764,0,0,0,0,0
SMod2_Nig_2009_30.csv,Türkiye,180,180,720,0,0,0,0,0
SMod2_Nig_2009_4.csv,China,1441,1441,5764,0,0,0,0,0
SMod2_Nig_2009_4.csv,Türkiye,180,180,720,0,0,0,0,0
SMod2_Nig_2009_5.csv,China,1441,1441,5764,0,0,0,0,0
SMod2_Nig_2009_5.csv,Türkiye,180,180,720,0,0,0,0,0
SMod2_Nig_2009_6.csv,China,1441,1441,5764,0,0,0,0,0
SMod2_Nig_2009_6.csv,Türkiye,180,180,720,0,0,0,0,0
SMod2_Nig_2009_7.csv,China,1441,1441,5764,0,0,0,0,0
SMod2_Nig_2009_7.csv,Türkiye,180,180,720,0,0,0,0,0
SMod2_Nig_2009_8.csv,China,1441,1441,5764,0,0,0,0,0
SMod2_Nig_2009_8.csv,Türkiye,180,180,720,0,0,0,0,0
SMod2_Nig_2009_9.csv,China,1441,1441,5764,0,0,0,0,0
SMod2_Nig_2009_9.csv,Türkiye,180,180,720,0,0,0,0,0
SMod2_Nig_2010_1.csv,China,1441,1441,5764,0,0,0,0,0
SMod2_Nig_2010_1.csv,Türkiye,180,180,720,0,0,0,0,0
SMod2_Nig_2010_10.csv,China,1441,1441,5764,0,0,0,0,0
SMod2_Nig_2010_10.csv,Türkiye,180,180,720,0,0,0,0,0
SMod2_Nig_2010_11.csv,China,1441,1441,5764,0,0,0,0,0
SMod2_Nig_2010_11.csv,Türkiye,180,180,720,0,0,0,0,0
SMod2_Nig_2010_12.csv,China,1441,1441,5764,0,0,0,0,0
SMod2_Nig_2010_12.csv,Türkiye,180,180,720,0,0,0,0,0
SMod2_Nig_2010_2.csv,China,1441,1441,5764,0,0,0,0,0
SMod2_Nig_2010_2.csv,Türkiye,180,180,720,0,0,0,0,0
SMod2_Nig_2010_21.csv,China,1441,1441,5764,0,0,0,0,0
SMod2_Nig_2010_21.csv,Türkiye,180,180,720,0,0,0,0,0
SMod2_Nig_2010_22.csv,China,1441,1441,5764,0,0,0,0,0
SMod2_Nig_2010_22.csv,Türkiye,180,180,720,0,0,0,0,0
SMod2_Nig_2010_23.csv,China,1441,1441,5764,0,0,0,0,0
SMod2_Nig_2010_23.csv,Türkiye,180,180,720,0,0,0,0,0
SMod2_Nig_2010_24.csv,China,1441,1441,5764,0,0,0,0,0
SMod2_Nig_2010_24.csv,Türkiye,180,180,720,0,0,0,0,0
SMod2_Nig_2010_3.csv,China,1441,1441,5764,0,0,0,0,0
SMod2_Nig_2010_3.csv,Türkiye,180,180,720,0,0,0,0,0
SMod2_Nig_2010_30.csv,China,1441,1441,5764,0,0,0,0,0
SMod2_Nig_2010_30.csv,Türkiye,180,180,720,0,0,0,0,0
SMod2_Nig_2010_4.csv,China,1441,1441,5764,0,0,0,0,0
SMod2_Nig_2010_4.csv,Türkiye,180,180,720,0,0,0,0,0
SMod2_Nig_2010_5.csv,China,1441,1441,5764,0,0,0,0,0
SMod2_Nig_2010_5.csv,Türkiye,180,180,720,0,0,0,0,0
SMod2_Nig_2010_6.csv,China,1441,1441,5764,0,0,0,0,0
SMod2_Nig_2010_6.csv,Türkiye,180,180,720,0,0,0,0,0
SMod2_Nig_2010_7.csv,China,1441,1441,5764,0,0,0,0,0
SMod2_Nig_2010_7.csv,Türkiye,180,180,720,0,0,0,0,0
SMod2_Nig_2010_8.csv,China,1441,1441,5764,0,0,0,0,0
SMod2_Nig_2010_8.csv,Türkiye,180,180,720,0,0,0,0,0
SMod2_Nig_2010_9.csv,China,1441,1441,5764,0,0,0,0,0
SMod2_Nig_2010_9.csv,Türkiye,180,180,720,0,0,0,0,0
SMod2_Nig_2011_1.csv,China,1441,1441,5764,0,0,0,0,0
SMod2_Nig_2011_1.csv,Türkiye,180,180,720,0,0,0,0,0
SMod2_Nig_2011_10.csv,China,1441,1441,5764,0,0,0,0,0
SMod2_Nig_2011_10.csv,Türkiye,180,180,720,0,0,0,0,0
SMod2_Nig_2011_11.csv,China,1441,1441,5764,0,0,0,0,0
SMod2_Nig_2011_11.csv,Türkiye,180,180,720,0,0,0,0,0
SMod2_Nig_2011_12.csv,China,1441,1441,5764,0,0,0,0,0
SMod2_Nig_2011_12.csv,Türkiye,180,180,720,0,0,0,0,0
SMod2_Nig_2011_2.csv,China,1441,1441,5764,0,0,0,0,0
SMod2_Nig_2011_2.csv,Türkiye,180,180,720,0,0,0,0,0
SMod2_Nig_2011_21.csv,China,1441,1441,5764,0,0,0,0,0
SMod2_Nig_2011_21.csv,Türkiye,180,180,720,0,0,0,0,0
SMod2_Nig_2011_22.csv,China,1441,1441,5764,0,0,0,0,0
SMod2_Nig_2011_22.csv,Türkiye,180,180,720,0,0,0,0,0
SMod2_Nig_2011_23.csv,China,1441,1441,5764,0,0,0,0,0
SMod2_Nig_2011_23.csv,Türkiye,180,180,720,0,0,0,0,0
SMod2_Nig_2011_24.csv,China,1441,1441,5764,0,0,0,0,0
SMod2_Nig_2011_24.csv,Türkiye,180,180,720,0,0,0,0,0
SMod2_Nig_2011_3.csv,China,1441,1441,5764,0,0,0,0,0
SMod2_Nig_2011_3.csv,Türkiye,180,180,720,0,0,0,0,0
SMod2_Nig_2011_30.csv,China,1441,1441,5764,0,0,0,0,0
SMod2_Nig_2011_30.csv,Türkiye,180,180,720,0,0,0,0,0
SMod2_Nig_2011_4.csv,China,1441,1441,5764,0,0,0,0,0
SMod2_Nig_2011_4.csv,Türkiye,180,180,720,0,0,0,0,0
SMod2_Nig_2011_5.csv,China,1441,1441,5764,0,0,0,0,0
SMod2_Nig_2011_5.csv,Türkiye,180,180,720,0,0,0,0,0
SMod2_Nig_2011_6.csv,China,1441,1441,5764,0,0,0,0,0
SMod2_Nig_2011_6.csv,Türkiye,180,180,720,0,0,0,0,0
SMod2_Nig_2011_7.csv,China,1441,1441,5764,0,0,0,0,0
SMod2_Nig_2011_7.csv,Türkiye,180,180,720,0,0,0,0,0
SMod2_Nig_2011_8.csv,China,1441,1441,5764,0,0,0,0,0
SMod2_Nig_2011_8.csv,Türkiye,180,180,720,0,0,0,0,0
SMod2_Nig_2011_9.csv,China,1441,1441,5764,0,0,0,0,0
SMod2_Nig_2011_9.csv,Türkiye,180,180,720,0,0,0,0,0
SMod2_Nig_2012_1.csv,China,1441,1441,5764,0,0,0,0,0
SMod2_Nig_2012_1.csv,Türkiye,180,180,720,0,0,0,0,0
SMod2_Nig_2012_10.csv,China,1441,1441,5764,0,0,0,0,0
SMod2_Nig_2012_10.csv,Türkiye,180,180,720,0,0,0,0,0
SMod2_Nig_2012_11.csv,China,1441,1441,5764,0,0,0,0,0
SMod2_Nig_2012_11.csv,Türkiye,180,180,720,0,0,0,0,0
SMod2_Nig_2012_12.csv,China,1441,1441,5764,0,0,0,0,0
SMod2_Nig_2012_12.csv,Türkiye,180,180,720,0,0,0,0,0
SMod2_Nig_2012_2.csv,China,1441,1441,5764,0,0,0,0,0
SMod2_Nig_2012_2.csv,Türkiye,180,180,720,0,0,0,0,0
SMod2_Nig_2012_21.csv,China,1441,1441,5764,0,0,0,0,0
SMod2_Nig_2012_21.csv,Türkiye,180,180,720,0,0,0,0,0
SMod2_Nig_2012_22.csv,China,1441,1441,5764,0,0,0,0,0
SMod2_Nig_2012_22.csv,Türkiye,180,180,720,0,0,0,0,0
SMod2_Nig_2012_23.csv,China,1441,1441,5764,0,0,0,0,0
SMod2_Nig_2012_23.csv,Türkiye,180,180,720,0,0,0,0,0
SMod2_Nig_2012_24.csv,China,1441,1441,5764,0,0,0,0,0
SMod2_Nig_2012_24.csv,Türkiye,180,180,720,0,0,0,0,0
SMod2_Nig_2012_3.csv,China,1441,1441,5764,0,0,0,0,0
SMod2_Nig_2012_3.csv,Türkiye,180,180,720,0,0,0,0,0
SMod2_Nig_2012_30.csv,China,1441,1441,5764,0,0,0,0,0
SMod2_Nig_2012_30.csv,Türkiye,180,180,720,0,0,0,0,0
SMod2_Nig_2012_4.csv,China,1441,1441,5764,0,0,0,0,0
SMod2_Nig_2012_4.csv,Türkiye,180,180,720,0,0,0,0,0
SMod2_Nig_2012_5.csv,China,1441,1441,5764,0,0,0,0,0
SMod2_Nig_2012_5.csv,Türkiye,180,180,720,0,0,0,0,0
SMod2_Nig_2012_6.csv,China,1441,1441,5764,0,0,0,0,0
SMod2_Nig_2012_6.csv,Türkiye,180,180,720,0,0,0,0,0
SMod2_Nig_2012_7.csv,China,1441,1441,5764,0,0,0,0,0
SMod2_Nig_2012_7.csv,Türkiye,180,180,720,0,0,0,0,0
SMod2_Nig_2012_8.csv,China,1441,1441,5764,0,0,0,0,0
SMod2_Nig_2012_8.csv,Türkiye,180,180,720,0,0,0,0,0
SMod2_Nig_2012_9.csv,China,1441,1441,5764,0,0,0,0,0
SMod2_Nig_2012_9.csv,Türkiye,180,180,720,0,0,0,0,0
SMod2_Nig_2013_1.csv,China,1441,1441,5764,0,0,0,0,0
SMod2_Nig_2013_1.csv,Türkiye,180,180,720,0,0,0,0,0
SMod2_Nig_2013_10.csv,China,1441,1441,5764,0,0,0,0,0
SMod2_Nig_2013_10.csv,Türkiye,180,180,720,0,0,0,0,0
SMod2_Nig_2013_11.csv,China,1441,1441,5764,0,0,0,0,0
SMod2_Nig_2013_11.csv,Türkiye,180,180,720,0,0,0,0,0
SMod2_Nig_2013_12.csv,China,1441,1441,5764,0,0,0,0,0
SMod2_Nig_2013_12.csv,Türkiye,180,180,720,0,0,0,0,0
SMod2_Nig_2013_2.csv,China,1441,1441,5764,0,0,0,0,0
SMod2_Nig_2013_2.csv,Türkiye,180,180,720,0,0,0,0,0
SMod2_Nig_2013_21.csv,China,1441,1441,5764,0,0,0,0,0
SMod2_Nig_2013_21.csv,Türkiye,180,180,720,0,0,0,0,0
SMod2_Nig_2013_22.csv,China,1441,1441,5764,0,0,0,0,0
SMod2_Nig_2013_22.csv,Türkiye,180,180,720,0,0,0,0,0
SMod2_Nig_2013_23.csv,China,1441,1441,5764,0,0,0,0,0
SMod2_Nig_2013_23.csv,Türkiye,180,180,720,0,0,0,0,0
SMod2_Nig_2013_24.csv,China,1441,1441,5764,0,0,0,0,0
SMod2_Nig_2013_24.csv,Türkiye,180,180,720,0,0,0,0,0
SMod2_Nig_2013_3.csv,China,1441,1441,5764,0,0,0,0,0
SMod2_Nig_2013_3.csv,Türkiye,180,180,720,0,0,0,0,0
SMod2_Nig_2013_30.csv,China,1441,1441,5764,0,0,0,0,0
SMod2_Nig_2013_30.csv,Türkiye,180,180,720,0,0,0,0,0
SMod2_Nig_2013_4.csv,China,1441,1441,5764,0,0,0,0,0
SMod2_Nig_2013_4.csv,Türkiye,180,180,720,0,0,0,0,0
SMod2_Nig_2013_5.csv,China,1441,1441,5764,0,0,0,0,0
SMod2_Nig_2013_5.csv,Türkiye,180,180,720,0,0,0,0,0
SMod2_Nig_2013_6.csv,China,1441,1441,5764,0,0,0,0,0
SMod2_Nig_2013_6.csv,Türkiye,180,180,720,0,0,0,0,0
SMod2_Nig_2013_7.csv,China,1441,1441,5764,0,0,0,0,0
SMod2_Nig_2013_7.csv,Türkiye,180,180,720,0,0,0,0,0
SMod2_Nig_2013_8.csv,China,1441,1441,5764,0,0,0,0,0
SMod2_Nig_2013_8.csv,Türkiye,180,180,720,0,0,0,0,0
SMod2_Nig_2013_9.csv,China,1441,1441,5764,0,0,0,0,0
SMod2_Nig_2013_9.csv,Türkiye,180,180,720,0,0,0,0,0
SMod2_Nig_2014_1.csv,China,1441,1441,5764,0,0,0,0,0
SMod2_Nig_2014_1.csv,Türkiye,180,180,720,0,0,0,0,0
SMod2_Nig_2014_10.csv,China,1441,1441,5764,0,0,0,0,0
SMod2_Nig_2014_10.csv,Türkiye,180,180,720,0,0,0,0,0
SMod2_Nig_2014_11.csv,China,1441,1441,5764,0,0,0,0,0
SMod2_Nig_2014_11.csv,Türkiye,180,180,720,0,0,0,0,0
SMod2_Nig_2014_12.csv,China,1441,1441,5764,0,0,0,0,0
SMod2_Nig_2014_12.csv,Türkiye,180,180,720,0,0,0,0,0
SMod2_Nig_2014_2.csv,China,1441,1441,5764,0,0,0,0,0
SMod2_Nig_2014_2.csv,Türkiye,180,180,720,0,0,0,0,0
SMod2_Nig_2014_21.csv,China,1441,1441,5764,0,0,0,0,0
SMod2_Nig_2014_21.csv,Türkiye,180,180,720,0,0,0,0,0
SMod2_Nig_2014_22.csv,China,1441,1441,5764,0,0,0,0,0
SMod2_Nig_2014_22.csv,Türkiye,180,180,720,0,0,0,0,0
SMod2_Nig_2014_23.csv,China,1441,1441,5764,0,0,0,0,0
SMod2_Nig_2014_23.csv,Türkiye,180,180,720,0,0,0,0,0
SMod2_Nig_2014_24.csv,China,1441,1441,5764,0,0,0,0,0
SMod2_Nig_2014_24.csv,Türkiye,180,180,720,0,0,0,0,0
SMod2_Nig_2014_3.csv,China,1441,1441,5764,0,0,0,0,0
SMod2_Nig_2014_3.csv,Türkiye,180,180,720,0,0,0,0,0
SMod2_Nig_2014_30.csv,China,1441,1441,5764,0,0,0,0,0
SMod2_Nig_2014_30.csv,Türkiye,180,180,720,0,0,0,0,0
SMod2_Nig_2014_4.csv,China,1441,1441,5764,0,0,0,0,0
SMod2_Nig_2014_4.csv,Türkiye,180,180,720,0,0,0,0,0
SMod2_Nig_2014_5.csv,China,1441,1441,5764,0,0,0,0,0
SMod2_Nig_2014_5.csv,Türkiye,180,180,720,0,0,0,0,0
SMod2_Nig_2014_6.csv,China,1441,1441,5764,0,0,0,0,0
SMod2_Nig_2014_6.csv,Türkiye,180,180,720,0,0,0,0,0
SMod2_Nig_2014_7.csv,China,1441,1441,5764,0,0,0,0,0
SMod2_Nig_2014_7.csv,Türkiye,180,180,720,0,0,0,0,0
SMod2_Nig_2014_8.csv,China,1441,1441,5764,0,0,0,0,0
SMod2_Nig_2014_8.csv,Türkiye,180,180,720,0,0,0,0,0
SMod2_Nig_2014_9.csv,China,1441,1441,5764,0,0,0,0,0
SMod2_Nig_2014_9.csv,Türkiye,180,180,720,0,0,0,0,0
SMod2_Nig_2015_1.csv,China,1441,1441,5764,0,0,0,0,0
SMod2_Nig_2015_1.csv,Türkiye,180,180,720,0,0,0,0,0
SMod2_Nig_2015_10.csv,China,1441,1441,5764,0,0,0,0,0
SMod2_Nig_2015_10.csv,Türkiye,180,180,720,0,0,0,0,0
SMod2_Nig_2015_11.csv,China,1441,1441,5764,0,0,0,0,0
SMod2_Nig_2015_11.csv,Türkiye,180,180,720,0,0,0,0,0
SMod2_Nig_2015_12.csv,China,1441,1441,5764,0,0,0,0,0
SMod2_Nig_2015_12.csv,Türkiye,180,180,720,0,0,0,0,0
SMod2_Nig_2015_2.csv,China,1441,1441,5764,0,0,0,0,0
SMod2_Nig_2015_2.csv,Türkiye,180,180,720,0,0,0,0,0
SMod2_Nig_2015_21.csv,China,1441,1441,5764,0,0,0,0,0
SMod2_Nig_2015_21.csv,Türkiye,180,180,720,0,0,0,0,0
SMod2_Nig_2015_22.csv,China,1441,1441,5764,0,0,0,0,0
SMod2_Nig_2015_22.csv,Türkiye,180,180,720,0,0,0,0,0
SMod2_Nig_2015_23.csv,China,1441,1441,5764,0,0,0,0,0
SMod2_Nig_2015_23.csv,Türkiye,180,180,720,0,0,0,0,0
SMod2_Nig_2015_24.csv,China,1441,1441,5764,0,0,0,0,0
SMod2_Nig_2015_24.csv,Türkiye,180,180,720,0,0,0,0,0
SMod2_Nig_2015_3.csv,China,1441,1441,5764,0,0,0,0,0
SMod2_Nig_2015_3.csv,Türkiye,180,180,720,0,0,0,0,0
SMod2_Nig_2015_30.csv,China,1441,1441,5764,0,0,0,0,0
SMod2_Nig_2015_30.csv,Türkiye,180,180,720,0,0,0,0,0
SMod2_Nig_2015_4.csv,China,1441,1441,5764,0,0,0,0,0
SMod2_Nig_2015_4.csv,Türkiye,180,180,720,0,0,0,0,0
SMod2_Nig_2015_5.csv,China,1441,1441,5764,0,0,0,0,0
SMod2_Nig_2015_5.csv,Türkiye,180,180,720,0,0,0,0,0
SMod2_Nig_2015_6.csv,China,1441,1441,5764,0,0,0,0,0
SMod2_Nig_2015_6.csv,Türkiye,180,180,720,0,0,0,0,0
SMod2_Nig_2015_7.csv,China,1441,1441,5764,0,0,0,0,0
SMod2_Nig_2015_7.csv,Türkiye,180,180,720,0,0,0,0,0
SMod2_Nig_2015_8.csv,China,1441,1441,5764,0,0,0,0,0
SMod2_Nig_2015_8.csv,Türkiye,180,180,720,0,0,0,0,0
SMod2_Nig_2015_9.csv,China,1441,1441,5764,0,0,0,0,0
SMod2_Nig_2015_9.csv,Türkiye,180,180,720,0,0,0,0,0
SMod2_Nig_2016_1.csv,China,1441,1441,5764,0,0,0,0,0
SMod2_Nig_2016_1.csv,Türkiye,180,180,720,0,0,0,0,0
SMod2_Nig_2016_10.csv,China,1441,1441,5764,0,0,0,0,0
SMod2_Nig_2016_10.csv,Türkiye,180,180,720,0,0,0,0,0
SMod2_Nig_2016_11.csv,China,1441,1441,5764,0,0,0,0,0
SMod2_Nig_2016_11.csv,Türkiye,180,180,720,0,0,0,0,0
SMod2_Nig_2016_12.csv,China,1441,1441,5764,0,0,0,0,0
SMod2_Nig_2016_12.csv,Türkiye,180,180,720,0,0,0,0,0
SMod2_Nig_2016_2.csv,China,1441,1441,5764,0,0,0,0,0
SMod2_Nig_2016_2.csv,Türkiye,180,180,720,0,0,0,0,0
SMod2_Nig_2016_21.csv,China,1441,1441,5764,0,0,0,0,0
SMod2_Nig_2016_21.csv,Türkiye,180,180,720,0,0,0,0,0
SMod2_Nig_2016_22.csv,China,1441,1441,5764,0,0,0,0,0
SMod2_Nig_2016_22.csv,Türkiye,180,180,720,0,0,0,0,0
SMod2_Nig_2016_23.csv,China,1441,1441,5764,0,0,0,0,0
SMod2_Nig_2016_23.csv,Türkiye,180,180,720,0,0,0,0,0
SMod2_Nig_2016_24.csv,China,1441,1441,5764,0,0,0,0,0
SMod2_Nig_2016_24.csv,Türkiye,180,180,720,0,0,0,0,0
SMod2_Nig_2016_3.csv,China,1441,1441,5764,0,0,0,0,0
SMod2_Nig_2016_3.csv,Türkiye,180,180,720,0,0,0,0,0
SMod2_Nig_2016_30.csv,China,1441,1441,5764,0,0,0,0,0
SMod2_Nig_2016_30.csv,Türkiye,180,180,720,0,0,0,0,0
SMod2_Nig_2016_4.csv,China,1441,1441,5764,0,0,0,0,0
SMod2_Nig_2016_4.csv,Türkiye,180,180,720,0,0,0,0,0
SMod2_Nig_2016_5.csv,China,1441,1441,5764,0,0,0,0,0
SMod2_Nig_2016_5.csv,Türkiye,180,180,720,0,0,0,0,0
SMod2_Nig_2016_6.csv,China,1441,1441,5764,0,0,0,0,0
SMod2_Nig_2016_6.csv,Türkiye,180,180,720,0,0,0,0,0
SMod2_Nig_2016_7.csv,China,1441,1441,5764,0,0,0,0,0
SMod2_Nig_2016_7.csv,Türkiye,180,180,720,0,0,0,0,0
SMod2_Nig_2016_8.csv,China,1441,1441,5764,0,0,0,0,0
SMod2_Nig_2016_8.csv,Türkiye,180,180,720,0,0,0,0,0
SMod2_Nig_2016_9.csv,China,1441,1441,5764,0,0,0,0,0
SMod2_Nig_2016_9.csv,Türkiye,180,180,720,0,0,0,0,0
SMod2_Nig_2017_1.csv,China,1441,1441,5764,0,0,0,0,0
SMod2_Nig_2017_1.csv,Türkiye,180,180,720,0,0,0,0,0
SMod2_Nig_2017_10.csv,China,1441,1441,5764,0,0,0,0,0
SMod2_Nig_2017_10.csv,Türkiye,180,180,720,0,0,0,0,0
SMod2_Nig_2017_11.csv,China,1441,1441,5764,0,0,0,0,0
SMod2_Nig_2017_11.csv,Türkiye,180,180,720,0,0,0,0,0
SMod2_Nig_2017_12.csv,China,1441,1441,5764,0,0,0,0,0
SMod2_Nig_2017_12.csv,Türkiye,180,180,720,0,0,0,0,0
SMod2_Nig_2017_2.csv,China,1441,1441,5764,0,0,0,0,0
SMod2_Nig_2017_2.csv,Türkiye,180,180,720,0,0,0,0,0
SMod2_Nig_2017_21.csv,China,1441,1441,5764,0,0,0,0,0
SMod2_Nig_2017_21.csv,Türkiye,180,180,720,0,0,0,0,0
SMod2_Nig_2017_22.csv,China,1441,1441,5764,0,0,0,0,0
SMod2_Nig_2017_22.csv,Türkiye,180,180,720,0,0,0,0,0
SMod2_Nig_2017_23.csv,China,1441,1441,5764,0,0,0,0,0
SMod2_Nig_2017_23.csv,Türkiye,180,180,720,0,0,0,0,0
SMod2_Nig_2017_24.csv,China,1441,1441,5764,0,0,0,0,0
SMod2_Nig_2017_24.csv,Türkiye,180,180,720,0,0,0,0,0
SMod2_Nig_2017_3.csv,China,1441,1441,5764,0,0,0,0,0
SMod2_Nig_2017_3.csv,Türkiye,180,180,720,0,0,0,0,0
SMod2_Nig_2017_30.csv,China,1441,1441,5764,0,0,0,0,0
SMod2_Nig_2017_30.csv,Türkiye,180,180,720,0,0,0,0,0
SMod2_Nig_2017_4.csv,China,1441,1441,5764,0,0,0,0,0
SMod2_Nig_2017_4.csv,Türkiye,180,180,720,0,0,0,0,0
SMod2_Nig_2017_5.csv,China,1441,1441,5764,0,0,0,0,0
SMod2_Nig_2017_5.csv,Türkiye,180,180,720,0,0,0,0,0
SMod2_Nig_2017_6.csv,China,1441,1441,5764,0,0,0,0,0
SMod2_Nig_2017_6.csv,Türkiye,180,180,720,0,0,0,0,0
SMod2_Nig_2017_7.csv,China,1441,1441,5764,0,0,0,0,0
SMod2_Nig_2017_7.csv,Türkiye,180,180,720,0,0,0,0,0
SMod2_Nig_2017_8.csv,China,1441,1441,5764,0,0,0,0,0
SMod2_Nig_2017_8.csv,Türkiye,180,180,720,0,0,0,0,0
SMod2_Nig_2017_9.csv,China,1441,1441,5764,0,0,0,0,0
SMod2_Nig_2017_9.csv,Türkiye,180,180,720,0,0,0,0,0
SMod2_Nig_2018_1.csv,China,1441,1441,5764,0,0,0,0,0
SMod2_Nig_2018_1.csv,Türkiye,180,180,720,0,0,0,0,0
SMod2_Nig_2018_10.csv,China,1441,1441,5764,0,0,0,0,0
SMod2_Nig_2018_10.csv,Türkiye,180,180,720,0,0,0,0,0
SMod2_Nig_2018_11.csv,China,1441,1441,5764,0,0,0,0,0
SMod2_Nig_2018_11.csv,Türkiye,180,180,720,0,0,0,0,0
SMod2_Nig_2018_12.csv,China,1441,1441,5764,0,0,0,0,0
SMod2_Nig_2018_12.csv,Türkiye,180,180,720,0,0,0,0,0
SMod2_Nig_2018_2.csv,China,1441,1441,5764,0,0,0,0,0
SMod2_Nig_2018_2.csv,Türkiye,180,180,720,0,0,0,0,0
SMod2_Nig_2018_21.csv,China,1441,1441,5764,0,0,0,0,0
SMod2_Nig_2018_21.csv,Türkiye,180,180,720,0,0,0,0,0
SMod2_Nig_2018_22.csv,China,1441,1441,5764,0,0,0,0,0
SMod2_Nig_2018_22.csv,Türkiye,180,180,720,0,0,0,0,0
SMod2_Nig_2018_23.csv,China,1441,1441,5764,0,0,0,0,0
SMod2_Nig_2018_23.csv,Türkiye,180,180,720,0,0,0,0,0
SMod2_Nig_2018_24.csv,China,1441,1441,5764,0,0,0,0,0
SMod2_Nig_2018_24.csv,Türkiye,180,180,720,0,0,0,0,0
SMod2_Nig_2018_3.csv,China,1441,1441,5764,0,0,0,0,0
SMod2_Nig_2018_3.csv,Türkiye,180,180,720,0,0,0,0,0
SMod2_Nig_2018_30.csv,China,1441,1441,5764,0,0,0,0,0
SMod2_Nig_2018_30.csv,Türkiye,180,180,720,0,0,0,0,0
SMod2_Nig_2018_4.csv,China,1441,1441,5764,0,0,0,0,0
SMod2_Nig_2018_4.csv,Türkiye,180,180,720,0,0,0,0,0
SMod2_Nig_2018_5.csv,China,1441,1441,5764,0,0,0,0,0
SMod2_Nig_2018_5.csv,Türkiye,180,180,720,0,0,0,0,0
SMod2_Nig_2018_6.csv,China,1441,1441,5764,0,0,0,0,0
SMod2_Nig_2018_6.csv,Türkiye,180,180,720,0,0,0,0,0
SMod2_Nig_2018_7.csv,China,1441,1441,5764,0,0,0,0,0
SMod2_Nig_2018_7.csv,Türkiye,180,180,720,0,0,0,0,0
SMod2_Nig_2018_8.csv,China,1441,1441,5764,0,0,0,0,0
SMod2_Nig_2018_8.csv,Türkiye,180,180,720,0,0,0,0,0
SMod2_Nig_2018_9.csv,China,1441,1441,5764,0,0,0,0,0
SMod2_Nig_2018_9.csv,Türkiye,180,180,720,0,0,0,0,0
SMod2_Nig_2019_1.csv,China,1441,1441,5764,0,0,0,0,0
SMod2_Nig_2019_1.csv,Türkiye,180,180,720,0,0,0,0,0
SMod2_Nig_2019_10.csv,China,1441,1441,5764,0,0,0,0,0
SMod2_Nig_2019_10.csv,Türkiye,180,180,720,0,0,0,0,0
SMod2_Nig_2019_11.csv,China,1441,1441,5764,0,0,0,0,0
SMod2_Nig_2019_11.csv,Türkiye,180,180,720,0,0,0,0,0
SMod2_Nig_2019_12.csv,China,1441,1441,5764,0,0,0,0,0
SMod2_Nig_2019_12.csv,Türkiye,180,180,720,0,0,0,0,0
SMod2_Nig_2019_2.csv,China,1441,1441,5764,0,0,0,0,0
SMod2_Nig_2019_2.csv,Türkiye,180,180,720,0,0,0,0,0
SMod2_Nig_2019_21.csv,China,1441,1441,5764,0,0,0,0,0
SMod2_Nig_2019_21.csv,Türkiye,180,180,720,0,0,0,0,0
SMod2_Nig_2019_22.csv,China,1441,1441,5764,0,0,0,0,0
SMod2_Nig_2019_22.csv,Türkiye,180,180,720,0,0,0,0,0
SMod2_Nig_2019_23.csv,China,1441,1441,5764,0,0,0,0,0
SMod2_Nig_2019_23.csv,Türkiye,180,180,720,0,0,0,0,0
SMod2_Nig_2019_24.csv,China,1441,1441,5764,0,0,0,0,0
SMod2_Nig_2019_24.csv,Türkiye,180,180,720,0,0,0,0,0
SMod2_Nig_2019_3.csv,China,1441,1441,5764,0,0,0,0,0
SMod2_Nig_2019_3.csv,Türkiye,180,180,720,0,0,0,0,0
SMod2_Nig_2019_30.csv,China,1441,1441,5764,0,0,0,0,0
SMod2_Nig_2019_30.csv,Türkiye,180,180,720,0,0,0,0,0
SMod2_Nig_2019_4.csv,China,1441,1441,5764,0,0,0,0,0
SMod2_Nig_2019_4.csv,Türkiye,180,180,720,0,0,0,0,0
SMod2_Nig_2019_5.csv,China,1441,1441,5764,0,0,0,0,0
SMod2_Nig_2019_5.csv,Türkiye,180,180,720,0,0,0,0,0
SMod2_Nig_2019_6.csv,China,1441,1441,5764,0,0,0,0,0
SMod2_Nig_2019_6.csv,Türkiye,180,180,720,0,0,0,0,0
SMod2_Nig_2019_7.csv,China,1441,1441,5764,0,0,0,0,0
SMod2_Nig_2019_7.csv,Türkiye,180,180,720,0,0,0,0,0
SMod2_Nig_2019_8.csv,China,1441,1441,5764,0,0,0,0,0
SMod2_Nig_2019_8.csv,Türkiye,180,180,720,0,0,0,0,0
SMod2_Nig_2019_9.csv,China,1441,1441,5764,0,0,0,0,0
SMod2_Nig_2019_9.csv,Türkiye,180,180,720,0,0,0,0,0
SMod2_Nig_2020_1.csv,China,1441,1441,5764,0,0,0,0,0
SMod2_Nig_2020_1.csv,Türkiye,180,180,720,0,0,0,0,0
SMod2_Nig_2020_10.csv,China,1441,1441,5764,0,0,0,0,0
SMod2_Nig_2020_10.csv,Türkiye,180,180,720,0,0,0,0,0
SMod2_Nig_2020_11.csv,China,1441,1441,5764,0,0,0,0,0
SMod2_Nig_2020_11.csv,Türkiye,180,180,720,0,0,0,0,0
SMod2_Nig_2020_12.csv,China,1441,1441,5764,0,0,0,0,0
SMod2_Nig_2020_12.csv,Türkiye,180,180,720,0,0,0,0,0
SMod2_Nig_2020_2.csv,China,1441,1441,5764,0,0,0,0,0
SMod2_Nig_2020_2.csv,Türkiye,180,180,720,0,0,0,0,0
SMod2_Nig_2020_21.csv,China,1441,1441,5764,0,0,0,0,0
SMod2_Nig_2020_21.csv,Türkiye,180,180,720,0,0,0,0,0
SMod2_Nig_2020_22.csv,China,1441,1441,5764,0,0,0,0,0
SMod2_Nig_2020_22.csv,Türkiye,180,180,720,0,0,0,0,0
SMod2_Nig_2020_23.csv,China,1441,1441,5764,0,0,0,0,0
SMod2_Nig_2020_23.csv,Türkiye,180,180,720,0,0,0,0,0
SMod2_Nig_2020_24.csv,China,1441,1441,5764,0,0,0,0,0
SMod2_Nig_2020_24.csv,Türkiye,180,180,720,0,0,0,0,0
SMod2_Nig_2020_3.csv,China,1441,1441,5764,0,0,0,0,0
SMod2_Nig_2020_3.csv,Türkiye,180,180,720,0,0,0,0,0
SMod2_Nig_2020_30.csv,China,1441,1441,5764,0,0,0,0,0
SMod2_Nig_2020_30.csv,Türkiye,180,180,720,0,0,0,0,0
SMod2_Nig_2020_4.csv,China,1441,1441,5764,0,0,0,0,0
SMod2_Nig_2020_4.csv,Türkiye,180,180,720,0,0,0,0,0
SMod2_Nig_2020_5.csv,China,1441,1441,5764,0,0,0,0,0
SMod2_Nig_2020_5.csv,Türkiye,180,180,720,0,0,0,0,0
SMod2_Nig_2020_6.csv,China,1441,1441,5764,0,0,0,0,0
SMod2_Nig_2020_6.csv,Türkiye,180,180,720,0,0,0,0,0
SMod2_Nig_2020_7.csv,China,1441,1441,5764,0,0,0,0,0
SMod2_Nig_2020_7.csv,Türkiye,180,180,720,0,0,0,0,0
SMod2_Nig_2020_8.csv,China,1441,1441,5764,0,0,0,0,0
SMod2_Nig_2020_8.csv,Türkiye,180,180,720,0,0,0,0,0
SMod2_Nig_2020_9.csv,China,1441,1441,5764,0,0,0,0,0
SMod2_Nig_2020_9.csv,Türkiye,180,180,720,0,0,0,0,0
SMyd1_Day_2003_1.csv,China,1441,1441,5764,0,0,0,0,0
SMyd1_Day_2003_1.csv,Türkiye,180,180,720,0,0,0,0,0
SMyd1_Day_2003_10.csv,China,1441,1441,5764,0,0,0,0,0
SMyd1_Day_2003_10.csv,Türkiye,180,180,720,0,0,0,0,0
SMyd1_Day_2003_11.csv,China,1441,1441,5764,0,0,0,0,0
SMyd1_Day_2003_11.csv,Türkiye,180,180,720,0,0,0,0,0
SMyd1_Day_2003_12.csv,China,1441,1441,5764,0,0,0,0,0
SMyd1_Day_2003_12.csv,Türkiye,180,180,720,0,0,0,0,0
SMyd1_Day_2003_2.csv,China,1441,1441,5764,0,0,0,0,0
SMyd1_Day_2003_2.csv,Türkiye,180,180,720,0,0,0,0,0
SMyd1_Day_2003_21.csv,China,1441,1441,5764,0,0,0,0,0
SMyd1_Day_2003_21.csv,Türkiye,180,180,720,0,0,0,0,0
SMyd1_Day_2003_22.csv,China,1441,1441,5764,0,0,0,0,0
SMyd1_Day_2003_22.csv,Türkiye,180,180,720,0,0,0,0,0
SMyd1_Day_2003_23.csv,China,1441,1441,5764,0,0,0,0,0
SMyd1_Day_2003_23.csv,Türkiye,180,180,720,0,0,0,0,0
SMyd1_Day_2003_24.csv,China,1441,1441,5764,0,0,0,0,0
SMyd1_Day_2003_24.csv,Türkiye,180,180,720,0,0,0,0,0
SMyd1_Day_2003_3.csv,China,1441,1441,5764,0,0,0,0,0
SMyd1_Day_2003_3.csv,Türkiye,180,180,720,0,0,0,0,0
SMyd1_Day_2003_30.csv,China,1441,1441,5764,0,0,0,0,0
SMyd1_Day_2003_30.csv,Türkiye,180,180,720,0,0,0,0,0
SMyd1_Day_2003_4.csv,China,1441,1441,5764,0,0,0,0,0
SMyd1_Day_2003_4.csv,Türkiye,180,180,720,0,0,0,0,0
SMyd1_Day_2003_5.csv,China,1441,1441,5764,0,0,0,0,0
SMyd1_Day_2003_5.csv,Türkiye,180,180,720,0,0,0,0,0
SMyd1_Day_2003_6.csv,China,1441,1441,5764,0,0,0,0,0
SMyd1_Day_2003_6.csv,Türkiye,180,180,720,0,0,0,0,0
SMyd1_Day_2003_7.csv,China,1441,1441,5764,0,0,0,0,0
SMyd1_Day_2003_7.csv,Türkiye,180,180,720,0,0,0,0,0
SMyd1_Day_2003_8.csv,China,1441,1441,5764,0,0,0,0,0
SMyd1_Day_2003_8.csv,Türkiye,180,180,720,0,0,0,0,0
SMyd1_Day_2003_9.csv,China,1441,1441,5764,0,0,0,0,0
SMyd1_Day_2003_9.csv,Türkiye,180,180,720,0,0,0,0,0
SMyd1_Day_2004_1.csv,China,1441,1441,5764,0,0,0,0,0
SMyd1_Day_2004_1.csv,Türkiye,180,180,720,0,0,0,0,0
SMyd1_Day_2004_10.csv,China,1441,1441,5764,0,0,0,0,0
SMyd1_Day_2004_10.csv,Türkiye,180,180,720,0,0,0,0,0
SMyd1_Day_2004_11.csv,China,1441,1441,5764,0,0,0,0,0
SMyd1_Day_2004_11.csv,Türkiye,180,180,720,0,0,0,0,0
SMyd1_Day_2004_12.csv,China,1441,1441,5764,0,0,0,0,0
SMyd1_Day_2004_12.csv,Türkiye,180,180,720,0,0,0,0,0
SMyd1_Day_2004_2.csv,China,1441,1441,5764,0,0,0,0,0
SMyd1_Day_2004_2.csv,Türkiye,180,180,720,0,0,0,0,0
SMyd1_Day_2004_21.csv,China,1441,1441,5764,0,0,0,0,0
SMyd1_Day_2004_21.csv,Türkiye,180,180,720,0,0,0,0,0
SMyd1_Day_2004_22.csv,China,1441,1441,5764,0,0,0,0,0
SMyd1_Day_2004_22.csv,Türkiye,180,180,720,0,0,0,0,0
SMyd1_Day_2004_23.csv,China,1441,1441,5764,0,0,0,0,0
SMyd1_Day_2004_23.csv,Türkiye,180,180,720,0,0,0,0,0
SMyd1_Day_2004_24.csv,China,1441,1441,5764,0,0,0,0,0
SMyd1_Day_2004_24.csv,Türkiye,180,180,720,0,0,0,0,0
SMyd1_Day_2004_3.csv,China,1441,1441,5764,0,0,0,0,0
SMyd1_Day_2004_3.csv,Türkiye,180,180,720,0,0,0,0,0
SMyd1_Day_2004_30.csv,China,1441,1441,5764,0,0,0,0,0
SMyd1_Day_2004_30.csv,Türkiye,180,180,720,0,0,0,0,0
SMyd1_Day_2004_4.csv,China,1441,1441,5764,0,0,0,0,0
SMyd1_Day_2004_4.csv,Türkiye,180,180,720,0,0,0,0,0
SMyd1_Day_2004_5.csv,China,1441,1441,5764,0,0,0,0,0
SMyd1_Day_2004_5.csv,Türkiye,180,180,720,0,0,0,0,0
SMyd1_Day_2004_6.csv,China,1441,1441,5764,0,0,0,0,0
SMyd1_Day_2004_6.csv,Türkiye,180,180,720,0,0,0,0,0
SMyd1_Day_2004_7.csv,China,1441,1441,5764,0,0,0,0,0
SMyd1_Day_2004_7.csv,Türkiye,180,180,720,0,0,0,0,0
SMyd1_Day_2004_8.csv,China,1441,1441,5764,0,0,0,0,0
SMyd1_Day_2004_8.csv,Türkiye,180,180,720,0,0,0,0,0
SMyd1_Day_2004_9.csv,China,1441,1441,5764,0,0,0,0,0
SMyd1_Day_2004_9.csv,Türkiye,180,180,720,0,0,0,0,0
SMyd1_Day_2005_1.csv,China,1441,1441,5764,0,0,0,0,0
SMyd1_Day_2005_1.csv,Türkiye,180,180,720,0,0,0,0,0
SMyd1_Day_2005_10.csv,China,1441,1441,5764,0,0,0,0,0
SMyd1_Day_2005_10.csv,Türkiye,180,180,720,0,0,0,0,0
SMyd1_Day_2005_11.csv,China,1441,1441,5764,0,0,0,0,0
SMyd1_Day_2005_11.csv,Türkiye,180,180,720,0,0,0,0,0
SMyd1_Day_2005_12.csv,China,1441,1441,5764,0,0,0,0,0
SMyd1_Day_2005_12.csv,Türkiye,180,180,720,0,0,0,0,0
SMyd1_Day_2005_2.csv,China,1441,1441,5764,0,0,0,0,0
SMyd1_Day_2005_2.csv,Türkiye,180,180,720,0,0,0,0,0
SMyd1_Day_2005_21.csv,China,1441,1441,5764,0,0,0,0,0
SMyd1_Day_2005_21.csv,Türkiye,180,180,720,0,0,0,0,0
SMyd1_Day_2005_22.csv,China,1441,1441,5764,0,0,0,0,0
SMyd1_Day_2005_22.csv,Türkiye,180,180,720,0,0,0,0,0
SMyd1_Day_2005_23.csv,China,1441,1441,5764,0,0,0,0,0
SMyd1_Day_2005_23.csv,Türkiye,180,180,720,0,0,0,0,0
SMyd1_Day_2005_24.csv,China,1441,1441,5764,0,0,0,0,0
SMyd1_Day_2005_24.csv,Türkiye,180,180,720,0,0,0,0,0
SMyd1_Day_2005_3.csv,China,1441,1441,5764,0,0,0,0,0
SMyd1_Day_2005_3.csv,Türkiye,180,180,720,0,0,0,0,0
SMyd1_Day_2005_30.csv,China,1441,1441,5764,0,0,0,0,0
SMyd1_Day_2005_30.csv,Türkiye,180,180,720,0,0,0,0,0
SMyd1_Day_2005_4.csv,China,1441,1441,5764,0,0,0,0,0
SMyd1_Day_2005_4.csv,Türkiye,180,180,720,0,0,0,0,0
SMyd1_Day_2005_5.csv,China,1441,1441,5764,0,0,0,0,0
SMyd1_Day_2005_5.csv,Türkiye,180,180,720,0,0,0,0,0
SMyd1_Day_2005_6.csv,China,1441,1441,5764,0,0,0,0,0
SMyd1_Day_2005_6.csv,Türkiye,180,180,720,0,0,0,0,0
SMyd1_Day_2005_7.csv,China,1441,1441,5764,0,0,0,0,0
SMyd1_Day_2005_7.csv,Türkiye,180,180,720,0,0,0,0,0
SMyd1_Day_2005_8.csv,China,1441,1441,5764,0,0,0,0,0
SMyd1_Day_2005_8.csv,Türkiye,180,180,720,0,0,0,0,0
SMyd1_Day_2005_9.csv,China,1441,1441,5764,0,0,0,0,0
SMyd1_Day_2005_9.csv,Türkiye,180,180,720,0,0,0,0,0
SMyd1_Day_2006_1.csv,China,1441,1441,5764,0,0,0,0,0
SMyd1_Day_2006_1.csv,Türkiye,180,180,720,0,0,0,0,0
SMyd1_Day_2006_10.csv,China,1441,1441,5764,0,0,0,0,0
SMyd1_Day_2006_10.csv,Türkiye,180,180,720,0,0,0,0,0
SMyd1_Day_2006_11.csv,China,1441,1441,5764,0,0,0,0,0
SMyd1_Day_2006_11.csv,Türkiye,180,180,720,0,0,0,0,0
SMyd1_Day_2006_12.csv,China,1441,1441,5764,0,0,0,0,0
SMyd1_Day_2006_12.csv,Türkiye,180,180,720,0,0,0,0,0
SMyd1_Day_2006_2.csv,China,1441,1441,5764,0,0,0,0,0
SMyd1_Day_2006_2.csv,Türkiye,180,180,720,0,0,0,0,0
SMyd1_Day_2006_21.csv,China,1441,1441,5764,0,0,0,0,0
SMyd1_Day_2006_21.csv,Türkiye,180,180,720,0,0,0,0,0
SMyd1_Day_2006_22.csv,China,1441,1441,5764,0,0,0,0,0
SMyd1_Day_2006_22.csv,Türkiye,180,180,720,0,0,0,0,0
SMyd1_Day_2006_23.csv,China,1441,1441,5764,0,0,0,0,0
SMyd1_Day_2006_23.csv,Türkiye,180,180,720,0,0,0,0,0
SMyd1_Day_2006_24.csv,China,1441,1441,5764,0,0,0,0,0
SMyd1_Day_2006_24.csv,Türkiye,180,180,720,0,0,0,0,0
SMyd1_Day_2006_3.csv,China,1441,1441,5764,0,0,0,0,0
SMyd1_Day_2006_3.csv,Türkiye,180,180,720,0,0,0,0,0
SMyd1_Day_2006_30.csv,China,1441,1441,5764,0,0,0,0,0
SMyd1_Day_2006_30.csv,Türkiye,180,180,720,0,0,0,0,0
SMyd1_Day_2006_4.csv,China,1441,1441,5764,0,0,0,0,0
SMyd1_Day_2006_4.csv,Türkiye,180,180,720,0,0,0,0,0
SMyd1_Day_2006_5.csv,China,1441,1441,5764,0,0,0,0,0
SMyd1_Day_2006_5.csv,Türkiye,180,180,720,0,0,0,0,0
SMyd1_Day_2006_6.csv,China,1441,1441,5764,0,0,0,0,0
SMyd1_Day_2006_6.csv,Türkiye,180,180,720,0,0,0,0,0
SMyd1_Day_2006_7.csv,China,1441,1441,5764,0,0,0,0,0
SMyd1_Day_2006_7.csv,Türkiye,180,180,720,0,0,0,0,0
SMyd1_Day_2006_8.csv,China,1441,1441,5764,0,0,0,0,0
SMyd1_Day_2006_8.csv,Türkiye,180,180,720,0,0,0,0,0
SMyd1_Day_2006_9.csv,China,1441,1441,5764,0,0,0,0,0
SMyd1_Day_2006_9.csv,Türkiye,180,180,720,0,0,0,0,0
SMyd1_Day_2007_1.csv,China,1441,1441,5764,0,0,0,0,0
SMyd1_Day_2007_1.csv,Türkiye,180,180,720,0,0,0,0,0
SMyd1_Day_2007_10.csv,China,1441,1441,5764,0,0,0,0,0
SMyd1_Day_2007_10.csv,Türkiye,180,180,720,0,0,0,0,0
SMyd1_Day_2007_11.csv,China,1441,1441,5764,0,0,0,0,0
SMyd1_Day_2007_11.csv,Türkiye,180,180,720,0,0,0,0,0
SMyd1_Day_2007_12.csv,China,1441,1441,5764,0,0,0,0,0
SMyd1_Day_2007_12.csv,Türkiye,180,180,720,0,0,0,0,0
SMyd1_Day_2007_2.csv,China,1441,1441,5764,0,0,0,0,0
SMyd1_Day_2007_2.csv,Türkiye,180,180,720,0,0,0,0,0
SMyd1_Day_2007_21.csv,China,1441,1441,5764,0,0,0,0,0
SMyd1_Day_2007_21.csv,Türkiye,180,180,720,0,0,0,0,0
SMyd1_Day_2007_22.csv,China,1441,1441,5764,0,0,0,0,0
SMyd1_Day_2007_22.csv,Türkiye,180,180,720,0,0,0,0,0
SMyd1_Day_2007_23.csv,China,1441,1441,5764,0,0,0,0,0
SMyd1_Day_2007_23.csv,Türkiye,180,180,720,0,0,0,0,0
SMyd1_Day_2007_24.csv,China,1441,1441,5764,0,0,0,0,0
SMyd1_Day_2007_24.csv,Türkiye,180,180,720,0,0,0,0,0
SMyd1_Day_2007_3.csv,China,1441,1441,5764,0,0,0,0,0
SMyd1_Day_2007_3.csv,Türkiye,180,180,720,0,0,0,0,0
SMyd1_Day_2007_30.csv,China,1441,1441,5764,0,0,0,0,0
SMyd1_Day_2007_30.csv,Türkiye,180,180,720,0,0,0,0,0
SMyd1_Day_2007_4.csv,China,1441,1441,5764,0,0,0,0,0
SMyd1_Day_2007_4.csv,Türkiye,180,180,720,0,0,0,0,0
SMyd1_Day_2007_5.csv,China,1441,1441,5764,0,0,0,0,0
SMyd1_Day_2007_5.csv,Türkiye,180,180,720,0,0,0,0,0
SMyd1_Day_2007_6.csv,China,1441,1441,5764,0,0,0,0,0
SMyd1_Day_2007_6.csv,Türkiye,180,180,720,0,0,0,0,0
SMyd1_Day_2007_7.csv,China,1441,1441,5764,0,0,0,0,0
SMyd1_Day_2007_7.csv,Türkiye,180,180,720,0,0,0,0,0
SMyd1_Day_2007_8.csv,China,1441,1441,5764,0,0,0,0,0
SMyd1_Day_2007_8.csv,Türkiye,180,180,720,0,0,0,0,0
SMyd1_Day_2007_9.csv,China,1441,1441,5764,0,0,0,0,0
SMyd1_Day_2007_9.csv,Türkiye,180,180,720,0,0,0,0,0
SMyd1_Day_2008_1.csv,China,1441,1441,5764,0,0,0,0,0
SMyd1_Day_2008_1.csv,Türkiye,180,180,720,0,0,0,0,0
SMyd1_Day_2008_10.csv,China,1441,1441,5764,0,0,0,0,0
SMyd1_Day_2008_10.csv,Türkiye,180,180,720,0,0,0,0,0
SMyd1_Day_2008_11.csv,China,1441,1441,5764,0,0,0,0,0
SMyd1_Day_2008_11.csv,Türkiye,180,180,720,0,0,0,0,0
SMyd1_Day_2008_12.csv,China,1441,1441,5764,0,0,0,0,0
SMyd1_Day_2008_12.csv,Türkiye,180,180,720,0,0,0,0,0
SMyd1_Day_2008_2.csv,China,1441,1441,5764,0,0,0,0,0
SMyd1_Day_2008_2.csv,Türkiye,180,180,720,0,0,0,0,0
SMyd1_Day_2008_21.csv,China,1441,1441,5764,0,0,0,0,0
SMyd1_Day_2008_21.csv,Türkiye,180,180,720,0,0,0,0,0
SMyd1_Day_2008_22.csv,China,1441,1441,5764,0,0,0,0,0
SMyd1_Day_2008_22.csv,Türkiye,180,180,720,0,0,0,0,0
SMyd1_Day_2008_23.csv,China,1441,1441,5764,0,0,0,0,0
SMyd1_Day_2008_23.csv,Türkiye,180,180,720,0,0,0,0,0
SMyd1_Day_2008_24.csv,China,1441,1441,5764,0,0,0,0,0
SMyd1_Day_2008_24.csv,Türkiye,180,180,720,0,0,0,0,0
SMyd1_Day_2008_3.csv,China,1441,1441,5764,0,0,0,0,0
SMyd1_Day_2008_3.csv,Türkiye,180,180,720,0,0,0,0,0
SMyd1_Day_2008_30.csv,China,1441,1441,5764,0,0,0,0,0
SMyd1_Day_2008_30.csv,Türkiye,180,180,720,0,0,0,0,0
SMyd1_Day_2008_4.csv,China,1441,1441,5764,0,0,0,0,0
SMyd1_Day_2008_4.csv,Türkiye,180,180,720,0,0,0,0,0
SMyd1_Day_2008_5.csv,China,1441,1441,5764,0,0,0,0,0
SMyd1_Day_2008_5.csv,Türkiye,180,180,720,0,0,0,0,0
SMyd1_Day_2008_6.csv,China,1441,1441,5764,0,0,0,0,0
SMyd1_Day_2008_6.csv,Türkiye,180,180,720,0,0,0,0,0
SMyd1_Day_2008_7.csv,China,1441,1441,5764,0,0,0,0,0
SMyd1_Day_2008_7.csv,Türkiye,180,180,720,0,0,0,0,0
SMyd1_Day_2008_8.csv,China,1441,1441,5764,0,0,0,0,0
SMyd1_Day_2008_8.csv,Türkiye,180,180,720,0,0,0,0,0
SMyd1_Day_2008_9.csv,China,1441,1441,5764,0,0,0,0,0
SMyd1_Day_2008_9.csv,Türkiye,180,180,720,0,0,0,0,0
SMyd1_Day_2009_1.csv,China,1441,1441,5764,0,0,0,0,0
SMyd1_Day_2009_1.csv,Türkiye,180,180,720,0,0,0,0,0
SMyd1_Day_2009_10.csv,China,1441,1441,5764,0,0,0,0,0
SMyd1_Day_2009_10.csv,Türkiye,180,180,720,0,0,0,0,0
SMyd1_Day_2009_11.csv,China,1441,1441,5764,0,0,0,0,0
SMyd1_Day_2009_11.csv,Türkiye,180,180,720,0,0,0,0,0
SMyd1_Day_2009_12.csv,China,1441,1441,5764,0,0,0,0,0
SMyd1_Day_2009_12.csv,Türkiye,180,180,720,0,0,0,0,0
SMyd1_Day_2009_2.csv,China,1441,1441,5764,0,0,0,0,0
SMyd1_Day_2009_2.csv,Türkiye,180,180,720,0,0,0,0,0
SMyd1_Day_2009_21.csv,China,1441,1441,5764,0,0,0,0,0
SMyd1_Day_2009_21.csv,Türkiye,180,180,720,0,0,0,0,0
SMyd1_Day_2009_22.csv,China,1441,1441,5764,0,0,0,0,0
SMyd1_Day_2009_22.csv,Türkiye,180,180,720,0,0,0,0,0
SMyd1_Day_2009_23.csv,China,1441,1441,5764,0,0,0,0,0
SMyd1_Day_2009_23.csv,Türkiye,180,180,720,0,0,0,0,0
SMyd1_Day_2009_24.csv,China,1441,1441,5764,0,0,0,0,0
SMyd1_Day_2009_24.csv,Türkiye,180,180,720,0,0,0,0,0
SMyd1_Day_2009_3.csv,China,1441,1441,5764,0,0,0,0,0
SMyd1_Day_2009_3.csv,Türkiye,180,180,720,0,0,0,0,0
SMyd1_Day_2009_30.csv,China,1441,1441,5764,0,0,0,0,0
SMyd1_Day_2009_30.csv,Türkiye,180,180,720,0,0,0,0,0
SMyd1_Day_2009_4.csv,China,1441,1441,5764,0,0,0,0,0
SMyd1_Day_2009_4.csv,Türkiye,180,180,720,0,0,0,0,0
SMyd1_Day_2009_5.csv,China,1441,1441,5764,0,0,0,0,0
SMyd1_Day_2009_5.csv,Türkiye,180,180,720,0,0,0,0,0
SMyd1_Day_2009_6.csv,China,1441,1441,5764,0,0,0,0,0
SMyd1_Day_2009_6.csv,Türkiye,180,180,720,0,0,0,0,0
SMyd1_Day_2009_7.csv,China,1441,1441,5764,0,0,0,0,0
SMyd1_Day_2009_7.csv,Türkiye,180,180,720,0,0,0,0,0
SMyd1_Day_2009_8.csv,China,1441,1441,5764,0,0,0,0,0
SMyd1_Day_2009_8.csv,Türkiye,180,180,720,0,0,0,0,0
SMyd1_Day_2009_9.csv,China,1441,1441,5764,0,0,0,0,0
SMyd1_Day_2009_9.csv,Türkiye,180,180,720,0,0,0,0,0
SMyd1_Day_2010_1.csv,China,1441,1441,5764,0,0,0,0,0
SMyd1_Day_2010_1.csv,Türkiye,180,180,720,0,0,0,0,0
SMyd1_Day_2010_10.csv,China,1441,1441,5764,0,0,0,0,0
SMyd1_Day_2010_10.csv,Türkiye,180,180,720,0,0,0,0,0
SMyd1_Day_2010_11.csv,China,1441,1441,5764,0,0,0,0,0
SMyd1_Day_2010_11.csv,Türkiye,180,180,720,0,0,0,0,0
SMyd1_Day_2010_12.csv,China,1441,1441,5764,0,0,0,0,0
SMyd1_Day_2010_12.csv,Türkiye,180,180,720,0,0,0,0,0
SMyd1_Day_2010_2.csv,China,1441,1441,5764,0,0,0,0,0
SMyd1_Day_2010_2.csv,Türkiye,180,180,720,0,0,0,0,0
SMyd1_Day_2010_21.csv,China,1441,1441,5764,0,0,0,0,0
SMyd1_Day_2010_21.csv,Türkiye,180,180,720,0,0,0,0,0
SMyd1_Day_2010_22.csv,China,1441,1441,5764,0,0,0,0,0
SMyd1_Day_2010_22.csv,Türkiye,180,180,720,0,0,0,0,0
SMyd1_Day_2010_23.csv,China,1441,1441,5764,0,0,0,0,0
SMyd1_Day_2010_23.csv,Türkiye,180,180,720,0,0,0,0,0
SMyd1_Day_2010_24.csv,China,1441,1441,5764,0,0,0,0,0
SMyd1_Day_2010_24.csv,Türkiye,180,180,720,0,0,0,0,0
SMyd1_Day_2010_3.csv,China,1441,1441,5764,0,0,0,0,0
SMyd1_Day_2010_3.csv,Türkiye,180,180,720,0,0,0,0,0
SMyd1_Day_2010_30.csv,China,1441,1441,5764,0,0,0,0,0
SMyd1_Day_2010_30.csv,Türkiye,180,180,720,0,0,0,0,0
SMyd1_Day_2010_4.csv,China,1441,1441,5764,0,0,0,0,0
SMyd1_Day_2010_4.csv,Türkiye,180,180,720,0,0,0,0,0
SMyd1_Day_2010_5.csv,China,1441,1441,5764,0,0,0,0,0
SMyd1_Day_2010_5.csv,Türkiye,180,180,720,0,0,0,0,0
SMyd1_Day_2010_6.csv,China,1441,1441,5764,0,0,0,0,0
SMyd1_Day_2010_6.csv,Türkiye,180,180,720,0,0,0,0,0
SMyd1_Day_2010_7.csv,China,1441,1441,5764,0,0,0,0,0
SMyd1_Day_2010_7.csv,Türkiye,180,180,720,0,0,0,0,0
SMyd1_Day_2010_8.csv,China,1441,1441,5764,0,0,0,0,0
SMyd1_Day_2010_8.csv,Türkiye,180,180,720,0,0,0,0,0
SMyd1_Day_2010_9.csv,China,1441,1441,5764,0,0,0,0,0
SMyd1_Day_2010_9.csv,Türkiye,180,180,720,0,0,0,0,0
SMyd1_Day_2011_1.csv,China,1441,1441,5764,0,0,0,0,0
SMyd1_Day_2011_1.csv,Türkiye,180,180,720,0,0,0,0,0
SMyd1_Day_2011_10.csv,China,1441,1441,5764,0,0,0,0,0
SMyd1_Day_2011_10.csv,Türkiye,180,180,720,0,0,0,0,0
SMyd1_Day_2011_11.csv,China,1441,1441,5764,0,0,0,0,0
SMyd1_Day_2011_11.csv,Türkiye,180,180,720,0,0,0,0,0
SMyd1_Day_2011_12.csv,China,1441,1441,5764,0,0,0,0,0
SMyd1_Day_2011_12.csv,Türkiye,180,180,720,0,0,0,0,0
SMyd1_Day_2011_2.csv,China,1441,1441,5764,0,0,0,0,0
SMyd1_Day_2011_2.csv,Türkiye,180,180,720,0,0,0,0,0
SMyd1_Day_2011_21.csv,China,1441,1441,5764,0,0,0,0,0
SMyd1_Day_2011_21.csv,Türkiye,180,180,720,0,0,0,0,0
SMyd1_Day_2011_22.csv,China,1441,1441,5764,0,0,0,0,0
SMyd1_Day_2011_22.csv,Türkiye,180,180,720,0,0,0,0,0
SMyd1_Day_2011_23.csv,China,1441,1441,5764,0,0,0,0,0
SMyd1_Day_2011_23.csv,Türkiye,180,180,720,0,0,0,0,0
SMyd1_Day_2011_24.csv,China,1441,1441,5764,0,0,0,0,0
SMyd1_Day_2011_24.csv,Türkiye,180,180,720,0,0,0,0,0
SMyd1_Day_2011_3.csv,China,1441,1441,5764,0,0,0,0,0
SMyd1_Day_2011_3.csv,Türkiye,180,180,720,0,0,0,0,0
SMyd1_Day_2011_30.csv,China,1441,1441,5764,0,0,0,0,0
SMyd1_Day_2011_30.csv,Türkiye,180,180,720,0,0,0,0,0
SMyd1_Day_2011_4.csv,China,1441,1441,5764,0,0,0,0,0
SMyd1_Day_2011_4.csv,Türkiye,180,180,720,0,0,0,0,0
SMyd1_Day_2011_5.csv,China,1441,1441,5764,0,0,0,0,0
SMyd1_Day_2011_5.csv,Türkiye,180,180,720,0,0,0,0,0
SMyd1_Day_2011_6.csv,China,1441,1441,5764,0,0,0,0,0
SMyd1_Day_2011_6.csv,Türkiye,180,180,720,0,0,0,0,0
SMyd1_Day_2011_7.csv,China,1441,1441,5764,0,0,0,0,0
SMyd1_Day_2011_7.csv,Türkiye,180,180,720,0,0,0,0,0
SMyd1_Day_2011_8.csv,China,1441,1441,5764,0,0,0,0,0
SMyd1_Day_2011_8.csv,Türkiye,180,180,720,0,0,0,0,0
SMyd1_Day_2011_9.csv,China,1441,1441,5764,0,0,0,0,0
SMyd1_Day_2011_9.csv,Türkiye,180,180,720,0,0,0,0,0
SMyd1_Day_2012_1.csv,China,1441,1441,5764,0,0,0,0,0
SMyd1_Day_2012_1.csv,Türkiye,180,180,720,0,0,0,0,0
SMyd1_Day_2012_10.csv,China,1441,1441,5764,0,0,0,0,0
SMyd1_Day_2012_10.csv,Türkiye,180,180,720,0,0,0,0,0
SMyd1_Day_2012_11.csv,China,1441,1441,5764,0,0,0,0,0
SMyd1_Day_2012_11.csv,Türkiye,180,180,720,0,0,0,0,0
SMyd1_Day_2012_12.csv,China,1441,1441,5764,0,0,0,0,0
SMyd1_Day_2012_12.csv,Türkiye,180,180,720,0,0,0,0,0
SMyd1_Day_2012_2.csv,China,1441,1441,5764,0,0,0,0,0
SMyd1_Day_2012_2.csv,Türkiye,180,180,720,0,0,0,0,0
SMyd1_Day_2012_21.csv,China,1441,1441,5764,0,0,0,0,0
SMyd1_Day_2012_21.csv,Türkiye,180,180,720,0,0,0,0,0
SMyd1_Day_2012_22.csv,China,1441,1441,5764,0,0,0,0,0
SMyd1_Day_2012_22.csv,Türkiye,180,180,720,0,0,0,0,0
SMyd1_Day_2012_23.csv,China,1441,1441,5764,0,0,0,0,0
SMyd1_Day_2012_23.csv,Türkiye,180,180,720,0,0,0,0,0
SMyd1_Day_2012_24.csv,China,1441,1441,5764,0,0,0,0,0
SMyd1_Day_2012_24.csv,Türkiye,180,180,720,0,0,0,0,0
SMyd1_Day_2012_3.csv,China,1441,1441,5764,0,0,0,0,0
SMyd1_Day_2012_3.csv,Türkiye,180,180,720,0,0,0,0,0
SMyd1_Day_2012_30.csv,China,1441,1441,5764,0,0,0,0,0
SMyd1_Day_2012_30.csv,Türkiye,180,180,720,0,0,0,0,0
SMyd1_Day_2012_4.csv,China,1441,1441,5764,0,0,0,0,0
SMyd1_Day_2012_4.csv,Türkiye,180,180,720,0,0,0,0,0
SMyd1_Day_2012_5.csv,China,1441,1441,5764,0,0,0,0,0
SMyd1_Day_2012_5.csv,Türkiye,180,180,720,0,0,0,0,0
SMyd1_Day_2012_6.csv,China,1441,1441,5764,0,0,0,0,0
SMyd1_Day_2012_6.csv,Türkiye,180,180,720,0,0,0,0,0
SMyd1_Day_2012_7.csv,China,1441,1441,5764,0,0,0,0,0
SMyd1_Day_2012_7.csv,Türkiye,180,180,720,0,0,0,0,0
SMyd1_Day_2012_8.csv,China,1441,1441,5764,0,0,0,0,0
SMyd1_Day_2012_8.csv,Türkiye,180,180,720,0,0,0,0,0
SMyd1_Day_2012_9.csv,China,1441,1441,5764,0,0,0,0,0
SMyd1_Day_2012_9.csv,Türkiye,180,180,720,0,0,0,0,0
SMyd1_Day_2013_1.csv,China,1441,1441,5764,0,0,0,0,0
SMyd1_Day_2013_1.csv,Türkiye,180,180,720,0,0,0,0,0
SMyd1_Day_2013_10.csv,China,1441,1441,5764,0,0,0,0,0
SMyd1_Day_2013_10.csv,Türkiye,180,180,720,0,0,0,0,0
SMyd1_Day_2013_11.csv,China,1441,1441,5764,0,0,0,0,0
SMyd1_Day_2013_11.csv,Türkiye,180,180,720,0,0,0,0,0
SMyd1_Day_2013_12.csv,China,1441,1441,5764,0,0,0,0,0
SMyd1_Day_2013_12.csv,Türkiye,180,180,720,0,0,0,0,0
SMyd1_Day_2013_2.csv,China,1441,1441,5764,0,0,0,0,0
SMyd1_Day_2013_2.csv,Türkiye,180,180,720,0,0,0,0,0
SMyd1_Day_2013_21.csv,China,1441,1441,5764,0,0,0,0,0
SMyd1_Day_2013_21.csv,Türkiye,180,180,720,0,0,0,0,0
SMyd1_Day_2013_22.csv,China,1441,1441,5764,0,0,0,0,0
SMyd1_Day_2013_22.csv,Türkiye,180,180,720,0,0,0,0,0
SMyd1_Day_2013_23.csv,China,1441,1441,5764,0,0,0,0,0
SMyd1_Day_2013_23.csv,Türkiye,180,180,720,0,0,0,0,0
SMyd1_Day_2013_24.csv,China,1441,1441,5764,0,0,0,0,0
SMyd1_Day_2013_24.csv,Türkiye,180,180,720,0,0,0,0,0
SMyd1_Day_2013_3.csv,China,1441,1441,5764,0,0,0,0,0
SMyd1_Day_2013_3.csv,Türkiye,180,180,720,0,0,0,0,0
SMyd1_Day_2013_30.csv,China,1441,1441,5764,0,0,0,0,0
SMyd1_Day_2013_30.csv,Türkiye,180,180,720,0,0,0,0,0
SMyd1_Day_2013_4.csv,China,1441,1441,5764,0,0,0,0,0
SMyd1_Day_2013_4.csv,Türkiye,180,180,720,0,0,0,0,0
SMyd1_Day_2013_5.csv,China,1441,1441,5764,0,0,0,0,0
SMyd1_Day_2013_5.csv,Türkiye,180,180,720,0,0,0,0,0
SMyd1_Day_2013_6.csv,China,1441,1441,5764,0,0,0,0,0
SMyd1_Day_2013_6.csv,Türkiye,180,180,720,0,0,0,0,0
SMyd1_Day_2013_7.csv,China,1441,1441,5764,0,0,0,0,0
SMyd1_Day_2013_7.csv,Türkiye,180,180,720,0,0,0,0,0
SMyd1_Day_2013_8.csv,China,1441,1441,5764,0,0,0,0,0
SMyd1_Day_2013_8.csv,Türkiye,180,180,720,0,0,0,0,0
SMyd1_Day_2013_9.csv,China,1441,1441,5764,0,0,0,0,0
SMyd1_Day_2013_9.csv,Türkiye,180,180,720,0,0,0,0,0
SMyd1_Day_2014_1.csv,China,1441,1441,5764,0,0,0,0,0
SMyd1_Day_2014_1.csv,Türkiye,180,180,720,0,0,0,0,0
SMyd1_Day_2014_10.csv,China,1441,1441,5764,0,0,0,0,0
SMyd1_Day_2014_10.csv,Türkiye,180,180,720,0,0,0,0,0
SMyd1_Day_2014_11.csv,China,1441,1441,5764,0,0,0,0,0
SMyd1_Day_2014_11.csv,Türkiye,180,180,720,0,0,0,0,0
SMyd1_Day_2014_12.csv,China,1441,1441,5764,0,0,0,0,0
SMyd1_Day_2014_12.csv,Türkiye,180,180,720,0,0,0,0,0
SMyd1_Day_2014_2.csv,China,1441,1441,5764,0,0,0,0,0
SMyd1_Day_2014_2.csv,Türkiye,180,180,720,0,0,0,0,0
SMyd1_Day_2014_21.csv,China,1441,1441,5764,0,0,0,0,0
SMyd1_Day_2014_21.csv,Türkiye,180,180,720,0,0,0,0,0
SMyd1_Day_2014_22.csv,China,1441,1441,5764,0,0,0,0,0
SMyd1_Day_2014_22.csv,Türkiye,180,180,720,0,0,0,0,0
SMyd1_Day_2014_23.csv,China,1441,1441,5764,0,0,0,0,0
SMyd1_Day_2014_23.csv,Türkiye,180,180,720,0,0,0,0,0
SMyd1_Day_2014_24.csv,China,1441,1441,5764,0,0,0,0,0
SMyd1_Day_2014_24.csv,Türkiye,180,180,720,0,0,0,0,0
SMyd1_Day_2014_3.csv,China,1441,1441,5764,0,0,0,0,0
SMyd1_Day_2014_3.csv,Türkiye,180,180,720,0,0,0,0,0
SMyd1_Day_2014_30.csv,China,1441,1441,5764,0,0,0,0,0
SMyd1_Day_2014_30.csv,Türkiye,180,180,720,0,0,0,0,0
SMyd1_Day_2014_4.csv,China,1441,1441,5764,0,0,0,0,0
SMyd1_Day_2014_4.csv,Türkiye,180,180,720,0,0,0,0,0
SMyd1_Day_2014_5.csv,China,1441,1441,5764,0,0,0,0,0
SMyd1_Day_2014_5.csv,Türkiye,180,180,720,0,0,0,0,0
SMyd1_Day_2014_6.csv,China,1441,1441,5764,0,0,0,0,0
SMyd1_Day_2014_6.csv,Türkiye,180,180,720,0,0,0,0,0
SMyd1_Day_2014_7.csv,China,1441,1441,5764,0,0,0,0,0
SMyd1_Day_2014_7.csv,Türkiye,180,180,720,0,0,0,0,0
SMyd1_Day_2014_8.csv,China,1441,1441,5764,0,0,0,0,0
SMyd1_Day_2014_8.csv,Türkiye,180,180,720,0,0,0,0,0
SMyd1_Day_2014_9.csv,China,1441,1441,5764,0,0,0,0,0
SMyd1_Day_2014_9.csv,Türkiye,180,180,720,0,0,0,0,0
SMyd1_Day_2015_1.csv,China,1441,1441,5764,0,0,0,0,0
SMyd1_Day_2015_1.csv,Türkiye,180,180,720,0,0,0,0,0
SMyd1_Day_2015_10.csv,China,1441,1441,5764,0,0,0,0,0
SMyd1_Day_2015_10.csv,Türkiye,180,180,720,0,0,0,0,0
SMyd1_Day_2015_11.csv,China,1441,1441,5764,0,0,0,0,0
SMyd1_Day_2015_11.csv,Türkiye,180,180,720,0,0,0,0,0
SMyd1_Day_2015_12.csv,China,1441,1441,5764,0,0,0,0,0
SMyd1_Day_2015_12.csv,Türkiye,180,180,720,0,0,0,0,0
SMyd1_Day_2015_2.csv,China,1441,1441,5764,0,0,0,0,0
SMyd1_Day_2015_2.csv,Türkiye,180,180,720,0,0,0,0,0
SMyd1_Day_2015_21.csv,China,1441,1441,5764,0,0,0,0,0
SMyd1_Day_2015_21.csv,Türkiye,180,180,720,0,0,0,0,0
SMyd1_Day_2015_22.csv,China,1441,1441,5764,0,0,0,0,0
SMyd1_Day_2015_22.csv,Türkiye,180,180,720,0,0,0,0,0
SMyd1_Day_2015_23.csv,China,1441,1441,5764,0,0,0,0,0
SMyd1_Day_2015_23.csv,Türkiye,180,180,720,0,0,0,0,0
SMyd1_Day_2015_24.csv,China,1441,1441,5764,0,0,0,0,0
SMyd1_Day_2015_24.csv,Türkiye,180,180,720,0,0,0,0,0
SMyd1_Day_2015_3.csv,China,1441,1441,5764,0,0,0,0,0
SMyd1_Day_2015_3.csv,Türkiye,180,180,720,0,0,0,0,0
SMyd1_Day_2015_30.csv,China,1441,1441,5764,0,0,0,0,0
SMyd1_Day_2015_30.csv,Türkiye,180,180,720,0,0,0,0,0
SMyd1_Day_2015_4.csv,China,1441,1441,5764,0,0,0,0,0
SMyd1_Day_2015_4.csv,Türkiye,180,180,720,0,0,0,0,0
SMyd1_Day_2015_5.csv,China,1441,1441,5764,0,0,0,0,0
SMyd1_Day_2015_5.csv,Türkiye,180,180,720,0,0,0,0,0
SMyd1_Day_2015_6.csv,China,1441,1441,5764,0,0,0,0,0
SMyd1_Day_2015_6.csv,Türkiye,180,180,720,0,0,0,0,0
SMyd1_Day_2015_7.csv,China,1441,1441,5764,0,0,0,0,0
SMyd1_Day_2015_7.csv,Türkiye,180,180,720,0,0,0,0,0
SMyd1_Day_2015_8.csv,China,1441,1441,5764,0,0,0,0,0
SMyd1_Day_2015_8.csv,Türkiye,180,180,720,0,0,0,0,0
SMyd1_Day_2015_9.csv,China,1441,1441,5764,0,0,0,0,0
SMyd1_Day_2015_9.csv,Türkiye,180,180,720,0,0,0,0,0
SMyd1_Day_2016_1.csv,China,1441,1441,5764,0,0,0,0,0
SMyd1_Day_2016_1.csv,Türkiye,180,180,720,0,0,0,0,0
SMyd1_Day_2016_10.csv,China,1441,1441,5764,0,0,0,0,0
SMyd1_Day_2016_10.csv,Türkiye,180,180,720,0,0,0,0,0
SMyd1_Day_2016_11.csv,China,1441,1441,5764,0,0,0,0,0
SMyd1_Day_2016_11.csv,Türkiye,180,180,720,0,0,0,0,0
SMyd1_Day_2016_12.csv,China,1441,1441,5764,0,0,0,0,0
SMyd1_Day_2016_12.csv,Türkiye,180,180,720,0,0,0,0,0
SMyd1_Day_2016_2.csv,China,1441,1441,5764,0,0,0,0,0
SMyd1_Day_2016_2.csv,Türkiye,180,180,720,0,0,0,0,0
SMyd1_Day_2016_21.csv,China,1441,1441,5764,0,0,0,0,0
SMyd1_Day_2016_21.csv,Türkiye,180,180,720,0,0,0,0,0
SMyd1_Day_2016_22.csv,China,1441,1441,5764,0,0,0,0,0
SMyd1_Day_2016_22.csv,Türkiye,180,180,720,0,0,0,0,0
SMyd1_Day_2016_23.csv,China,1441,1441,5764,0,0,0,0,0
SMyd1_Day_2016_23.csv,Türkiye,180,180,720,0,0,0,0,0
SMyd1_Day_2016_24.csv,China,1441,1441,5764,0,0,0,0,0
SMyd1_Day_2016_24.csv,Türkiye,180,180,720,0,0,0,0,0
SMyd1_Day_2016_3.csv,China,1441,1441,5764,0,0,0,0,0
SMyd1_Day_2016_3.csv,Türkiye,180,180,720,0,0,0,0,0
SMyd1_Day_2016_30.csv,China,1441,1441,5764,0,0,0,0,0
SMyd1_Day_2016_30.csv,Türkiye,180,180,720,0,0,0,0,0
SMyd1_Day_2016_4.csv,China,1441,1441,5764,0,0,0,0,0
SMyd1_Day_2016_4.csv,Türkiye,180,180,720,0,0,0,0,0
SMyd1_Day_2016_5.csv,China,1441,1441,5764,0,0,0,0,0
SMyd1_Day_2016_5.csv,Türkiye,180,180,720,0,0,0,0,0
SMyd1_Day_2016_6.csv,China,1441,1441,5764,0,0,0,0,0
SMyd1_Day_2016_6.csv,Türkiye,180,180,720,0,0,0,0,0
SMyd1_Day_2016_7.csv,China,1441,1441,5764,0,0,0,0,0
SMyd1_Day_2016_7.csv,Türkiye,180,180,720,0,0,0,0,0
SMyd1_Day_2016_8.csv,China,1441,1441,5764,0,0,0,0,0
SMyd1_Day_2016_8.csv,Türkiye,180,180,720,0,0,0,0,0
SMyd1_Day_2016_9.csv,China,1441,1441,5764,0,0,0,0,0
SMyd1_Day_2016_9.csv,Türkiye,180,180,720,0,0,0,0,0
SMyd1_Day_2017_1.csv,China,1441,1441,5764,0,0,0,0,0
SMyd1_Day_2017_1.csv,Türkiye,180,180,720,0,0,0,0,0
SMyd1_Day_2017_10.csv,China,1441,1441,5764,0,0,0,0,0
SMyd1_Day_2017_10.csv,Türkiye,180,180,720,0,0,0,0,0
SMyd1_Day_2017_11.csv,China,1441,1441,5764,0,0,0,0,0
SMyd1_Day_2017_11.csv,Türkiye,180,180,720,0,0,0,0,0
SMyd1_Day_2017_12.csv,China,1441,1441,5764,0,0,0,0,0
SMyd1_Day_2017_12.csv,Türkiye,180,180,720,0,0,0,0,0
SMyd1_Day_2017_2.csv,China,1441,1441,5764,0,0,0,0,0
SMyd1_Day_2017_2.csv,Türkiye,180,180,720,0,0,0,0,0
SMyd1_Day_2017_21.csv,China,1441,1441,5764,0,0,0,0,0
SMyd1_Day_2017_21.csv,Türkiye,180,180,720,0,0,0,0,0
SMyd1_Day_2017_22.csv,China,1441,1441,5764,0,0,0,0,0
SMyd1_Day_2017_22.csv,Türkiye,180,180,720,0,0,0,0,0
SMyd1_Day_2017_23.csv,China,1441,1441,5764,0,0,0,0,0
SMyd1_Day_2017_23.csv,Türkiye,180,180,720,0,0,0,0,0
SMyd1_Day_2017_24.csv,China,1441,1441,5764,0,0,0,0,0
SMyd1_Day_2017_24.csv,Türkiye,180,180,720,0,0,0,0,0
SMyd1_Day_2017_3.csv,China,1441,1441,5764,0,0,0,0,0
SMyd1_Day_2017_3.csv,Türkiye,180,180,720,0,0,0,0,0
SMyd1_Day_2017_30.csv,China,1441,1441,5764,0,0,0,0,0
SMyd1_Day_2017_30.csv,Türkiye,180,180,720,0,0,0,0,0
SMyd1_Day_2017_4.csv,China,1441,1441,5764,0,0,0,0,0
SMyd1_Day_2017_4.csv,Türkiye,180,180,720,0,0,0,0,0
SMyd1_Day_2017_5.csv,China,1441,1441,5764,0,0,0,0,0
SMyd1_Day_2017_5.csv,Türkiye,180,180,720,0,0,0,0,0
SMyd1_Day_2017_6.csv,China,1441,1441,5764,0,0,0,0,0
SMyd1_Day_2017_6.csv,Türkiye,180,180,720,0,0,0,0,0
SMyd1_Day_2017_7.csv,China,1441,1441,5764,0,0,0,0,0
SMyd1_Day_2017_7.csv,Türkiye,180,180,720,0,0,0,0,0
SMyd1_Day_2017_8.csv,China,1441,1441,5764,0,0,0,0,0
SMyd1_Day_2017_8.csv,Türkiye,180,180,720,0,0,0,0,0
SMyd1_Day_2017_9.csv,China,1441,1441,5764,0,0,0,0,0
SMyd1_Day_2017_9.csv,Türkiye,180,180,720,0,0,0,0,0
SMyd1_Day_2018_1.csv,China,1441,1441,5764,0,0,0,0,0
SMyd1_Day_2018_1.csv,Türkiye,180,180,720,0,0,0,0,0
SMyd1_Day_2018_10.csv,China,1441,1441,5764,0,0,0,0,0
SMyd1_Day_2018_10.csv,Türkiye,180,180,720,0,0,0,0,0
SMyd1_Day_2018_11.csv,China,1441,1441,5764,0,0,0,0,0
SMyd1_Day_2018_11.csv,Türkiye,180,180,720,0,0,0,0,0
SMyd1_Day_2018_12.csv,China,1441,1441,5764,0,0,0,0,0
SMyd1_Day_2018_12.csv,Türkiye,180,180,720,0,0,0,0,0
SMyd1_Day_2018_2.csv,China,1441,1441,5764,0,0,0,0,0
SMyd1_Day_2018_2.csv,Türkiye,180,180,720,0,0,0,0,0
SMyd1_Day_2018_21.csv,China,1441,1441,5764,0,0,0,0,0
SMyd1_Day_2018_21.csv,Türkiye,180,180,720,0,0,0,0,0
SMyd1_Day_2018_22.csv,China,1441,1441,5764,0,0,0,0,0
SMyd1_Day_2018_22.csv,Türkiye,180,180,720,0,0,0,0,0
SMyd1_Day_2018_23.csv,China,1441,1441,5764,0,0,0,0,0
SMyd1_Day_2018_23.csv,Türkiye,180,180,720,0,0,0,0,0
SMyd1_Day_2018_24.csv,China,1441,1441,5764,0,0,0,0,0
SMyd1_Day_2018_24.csv,Türkiye,180,180,720,0,0,0,0,0
SMyd1_Day_2018_3.csv,China,1441,1441,5764,0,0,0,0,0
SMyd1_Day_2018_3.csv,Türkiye,180,180,720,0,0,0,0,0
SMyd1_Day_2018_30.csv,China,1441,1441,5764,0,0,0,0,0
SMyd1_Day_2018_30.csv,Türkiye,180,180,720,0,0,0,0,0
SMyd1_Day_2018_4.csv,China,1441,1441,5764,0,0,0,0,0
SMyd1_Day_2018_4.csv,Türkiye,180,180,720,0,0,0,0,0
SMyd1_Day_2018_5.csv,China,1441,1441,5764,0,0,0,0,0
SMyd1_Day_2018_5.csv,Türkiye,180,180,720,0,0,0,0,0
SMyd1_Day_2018_6.csv,China,1441,1441,5764,0,0,0,0,0
SMyd1_Day_2018_6.csv,Türkiye,180,180,720,0,0,0,0,0
SMyd1_Day_2018_7.csv,China,1441,1441,5764,0,0,0,0,0
SMyd1_Day_2018_7.csv,Türkiye,180,180,720,0,0,0,0,0
SMyd1_Day_2018_8.csv,China,1441,1441,5764,0,0,0,0,0
SMyd1_Day_2018_8.csv,Türkiye,180,180,720,0,0,0,0,0
SMyd1_Day_2018_9.csv,China,1441,1441,5764,0,0,0,0,0
SMyd1_Day_2018_9.csv,Türkiye,180,180,720,0,0,0,0,0
SMyd1_Day_2019_1.csv,China,1441,1441,5764,0,0,0,0,0
SMyd1_Day_2019_1.csv,Türkiye,180,180,720,0,0,0,0,0
SMyd1_Day_2019_10.csv,China,1441,1441,5764,0,0,0,0,0
SMyd1_Day_2019_10.csv,Türkiye,180,180,720,0,0,0,0,0
SMyd1_Day_2019_11.csv,China,1441,1441,5764,0,0,0,0,0
SMyd1_Day_2019_11.csv,Türkiye,180,180,720,0,0,0,0,0
SMyd1_Day_2019_12.csv,China,1441,1441,5764,0,0,0,0,0
SMyd1_Day_2019_12.csv,Türkiye,180,180,720,0,0,0,0,0
SMyd1_Day_2019_2.csv,China,1441,1441,5764,0,0,0,0,0
SMyd1_Day_2019_2.csv,Türkiye,180,180,720,0,0,0,0,0
SMyd1_Day_2019_21.csv,China,1441,1441,5764,0,0,0,0,0
SMyd1_Day_2019_21.csv,Türkiye,180,180,720,0,0,0,0,0
SMyd1_Day_2019_22.csv,China,1441,1441,5764,0,0,0,0,0
SMyd1_Day_2019_22.csv,Türkiye,180,180,720,0,0,0,0,0
SMyd1_Day_2019_23.csv,China,1441,1441,5764,0,0,0,0,0
SMyd1_Day_2019_23.csv,Türkiye,180,180,720,0,0,0,0,0
SMyd1_Day_2019_24.csv,China,1441,1441,5764,0,0,0,0,0
SMyd1_Day_2019_24.csv,Türkiye,180,180,720,0,0,0,0,0
SMyd1_Day_2019_3.csv,China,1441,1441,5764,0,0,0,0,0
SMyd1_Day_2019_3.csv,Türkiye,180,180,720,0,0,0,0,0
SMyd1_Day_2019_30.csv,China,1441,1441,5764,0,0,0,0,0
SMyd1_Day_2019_30.csv,Türkiye,180,180,720,0,0,0,0,0
SMyd1_Day_2019_4.csv,China,1441,1441,5764,0,0,0,0,0
SMyd1_Day_2019_4.csv,Türkiye,180,180,720,0,0,0,0,0
SMyd1_Day_2019_5.csv,China,1441,1441,5764,0,0,0,0,0
SMyd1_Day_2019_5.csv,Türkiye,180,180,720,0,0,0,0,0
SMyd1_Day_2019_6.csv,China,1441,1441,5764,0,0,0,0,0
SMyd1_Day_2019_6.csv,Türkiye,180,180,720,0,0,0,0,0
SMyd1_Day_2019_7.csv,China,1441,1441,5764,0,0,0,0,0
SMyd1_Day_2019_7.csv,Türkiye,180,180,720,0,0,0,0,0
SMyd1_Day_2019_8.csv,China,1441,1441,5764,0,0,0,0,0
SMyd1_Day_2019_8.csv,Türkiye,180,180,720,0,0,0,0,0
SMyd1_Day_2019_9.csv,China,1441,1441,5764,0,0,0,0,0
SMyd1_Day_2019_9.csv,Türkiye,180,180,720,0,0,0,0,0
SMyd1_Day_2020_1.csv,China,1441,1441,5764,0,0,0,0,0
SMyd1_Day_2020_1.csv,Türkiye,180,180,720,0,0,0,0,0
SMyd1_Day_2020_10.csv,China,1441,1441,5764,0,0,0,0,0
SMyd1_Day_2020_10.csv,Türkiye,180,180,720,0,0,0,0,0
SMyd1_Day_2020_11.csv,China,1441,1441,5764,0,0,0,0,0
SMyd1_Day_2020_11.csv,Türkiye,180,180,720,0,0,0,0,0
SMyd1_Day_2020_12.csv,China,1441,1441,5764,0,0,0,0,0
SMyd1_Day_2020_12.csv,Türkiye,180,180,720,0,0,0,0,0
SMyd1_Day_2020_2.csv,China,1441,1441,5764,0,0,0,0,0
SMyd1_Day_2020_2.csv,Türkiye,180,180,720,0,0,0,0,0
SMyd1_Day_2020_21.csv,China,1441,1441,5764,0,0,0,0,0
SMyd1_Day_2020_21.csv,Türkiye,180,180,720,0,0,0,0,0
SMyd1_Day_2020_22.csv,China,1441,1441,5764,0,0,0,0,0
SMyd1_Day_2020_22.csv,Türkiye,180,180,720,0,0,0,0,0
SMyd1_Day_2020_23.csv,China,1441,1441,5764,0,0,0,0,0
SMyd1_Day_2020_23.csv,Türkiye,180,180,720,0,0,0,0,0
SMyd1_Day_2020_24.csv,China,1441,1441,5764,0,0,0,0,0
SMyd1_Day_2020_24.csv,Türkiye,180,180,720,0,0,0,0,0
SMyd1_Day_2020_3.csv,China,1441,1441,5764,0,0,0,0,0
SMyd1_Day_2020_3.csv,Türkiye,180,180,720,0,0,0,0,0
SMyd1_Day_2020_30.csv,China,1441,1441,5764,0,0,0,0,0
SMyd1_Day_2020_30.csv,Türkiye,180,180,720,0,0,0,0,0
SMyd1_Day_2020_4.csv,China,1441,1441,5764,0,0,0,0,0
SMyd1_Day_2020_4.csv,Türkiye,180,180,720,0,0,0,0,0
SMyd1_Day_2020_5.csv,China,1441,1441,5764,0,0,0,0,0
SMyd1_Day_2020_5.csv,Türkiye,180,180,720,0,0,0,0,0
SMyd1_Day_2020_6.csv,China,1441,1441,5764,0,0,0,0,0
SMyd1_Day_2020_6.csv,Türkiye,180,180,720,0,0,0,0,0
SMyd1_Day_2020_7.csv,China,1441,1441,5764,0,0,0,0,0
SMyd1_Day_2020_7.csv,Türkiye,180,180,720,0,0,0,0,0
SMyd1_Day_2020_8.csv,China,1441,1441,5764,0,0,0,0,0
SMyd1_Day_2020_8.csv,Türkiye,180,180,720,0,0,0,0,0
SMyd1_Day_2020_9.csv,China,1441,1441,5764,0,0,0,0,0
SMyd1_Day_2020_9.csv,Türkiye,180,180,720,0,0,0,0,0
SMyd1_Nig_2003_1.csv,China,1441,1441,5764,0,0,0,0,0
SMyd1_Nig_2003_1.csv,Türkiye,180,180,720,0,0,0,0,0
SMyd1_Nig_2003_10.csv,China,1441,1441,5764,0,0,0,0,0
SMyd1_Nig_2003_10.csv,Türkiye,180,180,720,0,0,0,0,0
SMyd1_Nig_2003_11.csv,China,1441,1441,5764,0,0,0,0,0
SMyd1_Nig_2003_11.csv,Türkiye,180,180,720,0,0,0,0,0
SMyd1_Nig_2003_12.csv,China,1441,1441,5764,0,0,0,0,0
SMyd1_Nig_2003_12.csv,Türkiye,180,180,720,0,0,0,0,0
SMyd1_Nig_2003_2.csv,China,1441,1441,5764,0,0,0,0,0
SMyd1_Nig_2003_2.csv,Türkiye,180,180,720,0,0,0,0,0
SMyd1_Nig_2003_21.csv,China,1441,1441,5764,0,0,0,0,0
SMyd1_Nig_2003_21.csv,Türkiye,180,180,720,0,0,0,0,0
SMyd1_Nig_2003_22.csv,China,1441,1441,5764,0,0,0,0,0
SMyd1_Nig_2003_22.csv,Türkiye,180,180,720,0,0,0,0,0
SMyd1_Nig_2003_23.csv,China,1441,1441,5764,0,0,0,0,0
SMyd1_Nig_2003_23.csv,Türkiye,180,180,720,0,0,0,0,0
SMyd1_Nig_2003_24.csv,China,1441,1441,5764,0,0,0,0,0
SMyd1_Nig_2003_24.csv,Türkiye,180,180,720,0,0,0,0,0
SMyd1_Nig_2003_3.csv,China,1441,1441,5764,0,0,0,0,0
SMyd1_Nig_2003_3.csv,Türkiye,180,180,720,0,0,0,0,0
SMyd1_Nig_2003_30.csv,China,1441,1441,5764,0,0,0,0,0
SMyd1_Nig_2003_30.csv,Türkiye,180,180,720,0,0,0,0,0
SMyd1_Nig_2003_4.csv,China,1441,1441,5764,0,0,0,0,0
SMyd1_Nig_2003_4.csv,Türkiye,180,180,720,0,0,0,0,0
SMyd1_Nig_2003_5.csv,China,1441,1441,5764,0,0,0,0,0
SMyd1_Nig_2003_5.csv,Türkiye,180,180,720,0,0,0,0,0
SMyd1_Nig_2003_6.csv,China,1441,1441,5764,0,0,0,0,0
SMyd1_Nig_2003_6.csv,Türkiye,180,180,720,0,0,0,0,0
SMyd1_Nig_2003_7.csv,China,1441,1441,5764,0,0,0,0,0
SMyd1_Nig_2003_7.csv,Türkiye,180,180,720,0,0,0,0,0
SMyd1_Nig_2003_8.csv,China,1441,1441,5764,0,0,0,0,0
SMyd1_Nig_2003_8.csv,Türkiye,180,180,720,0,0,0,0,0
SMyd1_Nig_2003_9.csv,China,1441,1441,5764,0,0,0,0,0
SMyd1_Nig_2003_9.csv,Türkiye,180,180,720,0,0,0,0,0
SMyd1_Nig_2004_1.csv,China,1441,1441,5764,0,0,0,0,0
SMyd1_Nig_2004_1.csv,Türkiye,180,180,720,0,0,0,0,0
SMyd1_Nig_2004_10.csv,China,1441,1441,5764,0,0,0,0,0
SMyd1_Nig_2004_10.csv,Türkiye,180,180,720,0,0,0,0,0
SMyd1_Nig_2004_11.csv,China,1441,1441,5764,0,0,0,0,0
SMyd1_Nig_2004_11.csv,Türkiye,180,180,720,0,0,0,0,0
SMyd1_Nig_2004_12.csv,China,1441,1441,5764,0,0,0,0,0
SMyd1_Nig_2004_12.csv,Türkiye,180,180,720,0,0,0,0,0
SMyd1_Nig_2004_2.csv,China,1441,1441,5764,0,0,0,0,0
SMyd1_Nig_2004_2.csv,Türkiye,180,180,720,0,0,0,0,0
SMyd1_Nig_2004_21.csv,China,1441,1441,5764,0,0,0,0,0
SMyd1_Nig_2004_21.csv,Türkiye,180,180,720,0,0,0,0,0
SMyd1_Nig_2004_22.csv,China,1441,1441,5764,0,0,0,0,0
SMyd1_Nig_2004_22.csv,Türkiye,180,180,720,0,0,0,0,0
SMyd1_Nig_2004_23.csv,China,1441,1441,5764,0,0,0,0,0
SMyd1_Nig_2004_23.csv,Türkiye,180,180,720,0,0,0,0,0
SMyd1_Nig_2004_24.csv,China,1441,1441,5764,0,0,0,0,0
SMyd1_Nig_2004_24.csv,Türkiye,180,180,720,0,0,0,0,0
SMyd1_Nig_2004_3.csv,China,1441,1441,5764,0,0,0,0,0
SMyd1_Nig_2004_3.csv,Türkiye,180,180,720,0,0,0,0,0
SMyd1_Nig_2004_30.csv,China,1441,1441,5764,0,0,0,0,0
SMyd1_Nig_2004_30.csv,Türkiye,180,180,720,0,0,0,0,0
SMyd1_Nig_2004_4.csv,China,1441,1441,5764,0,0,0,0,0
SMyd1_Nig_2004_4.csv,Türkiye,180,180,720,0,0,0,0,0
SMyd1_Nig_2004_5.csv,China,1441,1441,5764,0,0,0,0,0
SMyd1_Nig_2004_5.csv,Türkiye,180,180,720,0,0,0,0,0
SMyd1_Nig_2004_6.csv,China,1441,1441,5764,0,0,0,0,0
SMyd1_Nig_2004_6.csv,Türkiye,180,180,720,0,0,0,0,0
SMyd1_Nig_2004_7.csv,China,1441,1441,5764,0,0,0,0,0
SMyd1_Nig_2004_7.csv,Türkiye,180,180,720,0,0,0,0,0
SMyd1_Nig_2004_8.csv,China,1441,1441,5764,0,0,0,0,0
SMyd1_Nig_2004_8.csv,Türkiye,180,180,720,0,0,0,0,0
SMyd1_Nig_2004_9.csv,China,1441,1441,5764,0,0,0,0,0
SMyd1_Nig_2004_9.csv,Türkiye,180,180,720,0,0,0,0,0
SMyd1_Nig_2005_1.csv,China,1441,1441,5764,0,0,0,0,0
SMyd1_Nig_2005_1.csv,Türkiye,180,180,720,0,0,0,0,0
SMyd1_Nig_2005_10.csv,China,1441,1441,5764,0,0,0,0,0
SMyd1_Nig_2005_10.csv,Türkiye,180,180,720,0,0,0,0,0
SMyd1_Nig_2005_11.csv,China,1441,1441,5764,0,0,0,0,0
SMyd1_Nig_2005_11.csv,Türkiye,180,180,720,0,0,0,0,0
SMyd1_Nig_2005_12.csv,China,1441,1441,5764,0,0,0,0,0
SMyd1_Nig_2005_12.csv,Türkiye,180,180,720,0,0,0,0,0
SMyd1_Nig_2005_2.csv,China,1441,1441,5764,0,0,0,0,0
SMyd1_Nig_2005_2.csv,Türkiye,180,180,720,0,0,0,0,0
SMyd1_Nig_2005_21.csv,China,1441,1441,5764,0,0,0,0,0
SMyd1_Nig_2005_21.csv,Türkiye,180,180,720,0,0,0,0,0
SMyd1_Nig_2005_22.csv,China,1441,1441,5764,0,0,0,0,0
SMyd1_Nig_2005_22.csv,Türkiye,180,180,720,0,0,0,0,0
SMyd1_Nig_2005_23.csv,China,1441,1441,5764,0,0,0,0,0
SMyd1_Nig_2005_23.csv,Türkiye,180,180,720,0,0,0,0,0
SMyd1_Nig_2005_24.csv,China,1441,1441,5764,0,0,0,0,0
SMyd1_Nig_2005_24.csv,Türkiye,180,180,720,0,0,0,0,0
SMyd1_Nig_2005_3.csv,China,1441,1441,5764,0,0,0,0,0
SMyd1_Nig_2005_3.csv,Türkiye,180,180,720,0,0,0,0,0
SMyd1_Nig_2005_30.csv,China,1441,1441,5764,0,0,0,0,0
SMyd1_Nig_2005_30.csv,Türkiye,180,180,720,0,0,0,0,0
SMyd1_Nig_2005_4.csv,China,1441,1441,5764,0,0,0,0,0
SMyd1_Nig_2005_4.csv,Türkiye,180,180,720,0,0,0,0,0
SMyd1_Nig_2005_5.csv,China,1441,1441,5764,0,0,0,0,0
SMyd1_Nig_2005_5.csv,Türkiye,180,180,720,0,0,0,0,0
SMyd1_Nig_2005_6.csv,China,1441,1441,5764,0,0,0,0,0
SMyd1_Nig_2005_6.csv,Türkiye,180,180,720,0,0,0,0,0
SMyd1_Nig_2005_7.csv,China,1441,1441,5764,0,0,0,0,0
SMyd1_Nig_2005_7.csv,Türkiye,180,180,720,0,0,0,0,0
SMyd1_Nig_2005_8.csv,China,1441,1441,5764,0,0,0,0,0
SMyd1_Nig_2005_8.csv,Türkiye,180,180,720,0,0,0,0,0
SMyd1_Nig_2005_9.csv,China,1441,1441,5764,0,0,0,0,0
SMyd1_Nig_2005_9.csv,Türkiye,180,180,720,0,0,0,0,0
SMyd1_Nig_2006_1.csv,China,1441,1441,5764,0,0,0,0,0
SMyd1_Nig_2006_1.csv,Türkiye,180,180,720,0,0,0,0,0
SMyd1_Nig_2006_10.csv,China,1441,1441,5764,0,0,0,0,0
SMyd1_Nig_2006_10.csv,Türkiye,180,180,720,0,0,0,0,0
SMyd1_Nig_2006_11.csv,China,1441,1441,5764,0,0,0,0,0
SMyd1_Nig_2006_11.csv,Türkiye,180,180,720,0,0,0,0,0
SMyd1_Nig_2006_12.csv,China,1441,1441,5764,0,0,0,0,0
SMyd1_Nig_2006_12.csv,Türkiye,180,180,720,0,0,0,0,0
SMyd1_Nig_2006_2.csv,China,1441,1441,5764,0,0,0,0,0
SMyd1_Nig_2006_2.csv,Türkiye,180,180,720,0,0,0,0,0
SMyd1_Nig_2006_21.csv,China,1441,1441,5764,0,0,0,0,0
SMyd1_Nig_2006_21.csv,Türkiye,180,180,720,0,0,0,0,0
SMyd1_Nig_2006_22.csv,China,1441,1441,5764,0,0,0,0,0
SMyd1_Nig_2006_22.csv,Türkiye,180,180,720,0,0,0,0,0
SMyd1_Nig_2006_23.csv,China,1441,1441,5764,0,0,0,0,0
SMyd1_Nig_2006_23.csv,Türkiye,180,180,720,0,0,0,0,0
SMyd1_Nig_2006_24.csv,China,1441,1441,5764,0,0,0,0,0
SMyd1_Nig_2006_24.csv,Türkiye,180,180,720,0,0,0,0,0
SMyd1_Nig_2006_3.csv,China,1441,1441,5764,0,0,0,0,0
SMyd1_Nig_2006_3.csv,Türkiye,180,180,720,0,0,0,0,0
SMyd1_Nig_2006_30.csv,China,1441,1441,5764,0,0,0,0,0
SMyd1_Nig_2006_30.csv,Türkiye,180,180,720,0,0,0,0,0
SMyd1_Nig_2006_4.csv,China,1441,1441,5764,0,0,0,0,0
SMyd1_Nig_2006_4.csv,Türkiye,180,180,720,0,0,0,0,0
SMyd1_Nig_2006_5.csv,China,1441,1441,5764,0,0,0,0,0
SMyd1_Nig_2006_5.csv,Türkiye,180,180,720,0,0,0,0,0
SMyd1_Nig_2006_6.csv,China,1441,1441,5764,0,0,0,0,0
SMyd1_Nig_2006_6.csv,Türkiye,180,180,720,0,0,0,0,0
SMyd1_Nig_2006_7.csv,China,1441,1441,5764,0,0,0,0,0
SMyd1_Nig_2006_7.csv,Türkiye,180,180,720,0,0,0,0,0
SMyd1_Nig_2006_8.csv,China,1441,1441,5764,0,0,0,0,0
SMyd1_Nig_2006_8.csv,Türkiye,180,180,720,0,0,0,0,0
SMyd1_Nig_2006_9.csv,China,1441,1441,5764,0,0,0,0,0
SMyd1_Nig_2006_9.csv,Türkiye,180,180,720,0,0,0,0,0
SMyd1_Nig_2007_1.csv,China,1441,1441,5764,0,0,0,0,0
SMyd1_Nig_2007_1.csv,Türkiye,180,180,720,0,0,0,0,0
SMyd1_Nig_2007_10.csv,China,1441,1441,5764,0,0,0,0,0
SMyd1_Nig_2007_10.csv,Türkiye,180,180,720,0,0,0,0,0
SMyd1_Nig_2007_11.csv,China,1441,1441,5764,0,0,0,0,0
SMyd1_Nig_2007_11.csv,Türkiye,180,180,720,0,0,0,0,0
SMyd1_Nig_2007_12.csv,China,1441,1441,5764,0,0,0,0,0
SMyd1_Nig_2007_12.csv,Türkiye,180,180,720,0,0,0,0,0
SMyd1_Nig_2007_2.csv,China,1441,1441,5764,0,0,0,0,0
SMyd1_Nig_2007_2.csv,Türkiye,180,180,720,0,0,0,0,0
SMyd1_Nig_2007_21.csv,China,1441,1441,5764,0,0,0,0,0
SMyd1_Nig_2007_21.csv,Türkiye,180,180,720,0,0,0,0,0
SMyd1_Nig_2007_22.csv,China,1441,1441,5764,0,0,0,0,0
SMyd1_Nig_2007_22.csv,Türkiye,180,180,720,0,0,0,0,0
SMyd1_Nig_2007_23.csv,China,1441,1441,5764,0,0,0,0,0
SMyd1_Nig_2007_23.csv,Türkiye,180,180,720,0,0,0,0,0
SMyd1_Nig_2007_24.csv,China,1441,1441,5764,0,0,0,0,0
SMyd1_Nig_2007_24.csv,Türkiye,180,180,720,0,0,0,0,0
SMyd1_Nig_2007_3.csv,China,1441,1441,5764,0,0,0,0,0
SMyd1_Nig_2007_3.csv,Türkiye,180,180,720,0,0,0,0,0
SMyd1_Nig_2007_30.csv,China,1441,1441,5764,0,0,0,0,0
SMyd1_Nig_2007_30.csv,Türkiye,180,180,720,0,0,0,0,0
SMyd1_Nig_2007_4.csv,China,1441,1441,5764,0,0,0,0,0
SMyd1_Nig_2007_4.csv,Türkiye,180,180,720,0,0,0,0,0
SMyd1_Nig_2007_5.csv,China,1441,1441,5764,0,0,0,0,0
SMyd1_Nig_2007_5.csv,Türkiye,180,180,720,0,0,0,0,0
SMyd1_Nig_2007_6.csv,China,1441,1441,5764,0,0,0,0,0
SMyd1_Nig_2007_6.csv,Türkiye,180,180,720,0,0,0,0,0
SMyd1_Nig_2007_7.csv,China,1441,1441,5764,0,0,0,0,0
SMyd1_Nig_2007_7.csv,Türkiye,180,180,720,0,0,0,0,0
SMyd1_Nig_2007_8.csv,China,1441,1441,5764,0,0,0,0,0
SMyd1_Nig_2007_8.csv,Türkiye,180,180,720,0,0,0,0,0
SMyd1_Nig_2007_9.csv,China,1441,1441,5764,0,0,0,0,0
SMyd1_Nig_2007_9.csv,Türkiye,180,180,720,0,0,0,0,0
SMyd1_Nig_2008_1.csv,China,1441,1441,5764,0,0,0,0,0
SMyd1_Nig_2008_1.csv,Türkiye,180,180,720,0,0,0,0,0
SMyd1_Nig_2008_10.csv,China,1441,1441,5764,0,0,0,0,0
SMyd1_Nig_2008_10.csv,Türkiye,180,180,720,0,0,0,0,0
SMyd1_Nig_2008_11.csv,China,1441,1441,5764,0,0,0,0,0
SMyd1_Nig_2008_11.csv,Türkiye,180,180,720,0,0,0,0,0
SMyd1_Nig_2008_12.csv,China,1441,1441,5764,0,0,0,0,0
SMyd1_Nig_2008_12.csv,Türkiye,180,180,720,0,0,0,0,0
SMyd1_Nig_2008_2.csv,China,1441,1441,5764,0,0,0,0,0
SMyd1_Nig_2008_2.csv,Türkiye,180,180,720,0,0,0,0,0
SMyd1_Nig_2008_21.csv,China,1441,1441,5764,0,0,0,0,0
SMyd1_Nig_2008_21.csv,Türkiye,180,180,720,0,0,0,0,0
SMyd1_Nig_2008_22.csv,China,1441,1441,5764,0,0,0,0,0
SMyd1_Nig_2008_22.csv,Türkiye,180,180,720,0,0,0,0,0
SMyd1_Nig_2008_23.csv,China,1441,1441,5764,0,0,0,0,0
SMyd1_Nig_2008_23.csv,Türkiye,180,180,720,0,0,0,0,0
SMyd1_Nig_2008_24.csv,China,1441,1441,5764,0,0,0,0,0
SMyd1_Nig_2008_24.csv,Türkiye,180,180,720,0,0,0,0,0
SMyd1_Nig_2008_3.csv,China,1441,1441,5764,0,0,0,0,0
SMyd1_Nig_2008_3.csv,Türkiye,180,180,720,0,0,0,0,0
SMyd1_Nig_2008_30.csv,China,1441,1441,5764,0,0,0,0,0
SMyd1_Nig_2008_30.csv,Türkiye,180,180,720,0,0,0,0,0
SMyd1_Nig_2008_4.csv,China,1441,1441,5764,0,0,0,0,0
SMyd1_Nig_2008_4.csv,Türkiye,180,180,720,0,0,0,0,0
SMyd1_Nig_2008_5.csv,China,1441,1441,5764,0,0,0,0,0
SMyd1_Nig_2008_5.csv,Türkiye,180,180,720,0,0,0,0,0
SMyd1_Nig_2008_6.csv,China,1441,1441,5764,0,0,0,0,0
SMyd1_Nig_2008_6.csv,Türkiye,180,180,720,0,0,0,0,0
SMyd1_Nig_2008_7.csv,China,1441,1441,5764,0,0,0,0,0
SMyd1_Nig_2008_7.csv,Türkiye,180,180,720,0,0,0,0,0
SMyd1_Nig_2008_8.csv,China,1441,1441,5764,0,0,0,0,0
SMyd1_Nig_2008_8.csv,Türkiye,180,180,720,0,0,0,0,0
SMyd1_Nig_2008_9.csv,China,1441,1441,5764,0,0,0,0,0
SMyd1_Nig_2008_9.csv,Türkiye,180,180,720,0,0,0,0,0
SMyd1_Nig_2009_1.csv,China,1441,1441,5764,0,0,0,0,0
SMyd1_Nig_2009_1.csv,Türkiye,180,180,720,0,0,0,0,0
SMyd1_Nig_2009_10.csv,China,1441,1441,5764,0,0,0,0,0
SMyd1_Nig_2009_10.csv,Türkiye,180,180,720,0,0,0,0,0
SMyd1_Nig_2009_11.csv,China,1441,1441,5764,0,0,0,0,0
SMyd1_Nig_2009_11.csv,Türkiye,180,180,720,0,0,0,0,0
SMyd1_Nig_2009_12.csv,China,1441,1441,5764,0,0,0,0,0
SMyd1_Nig_2009_12.csv,Türkiye,180,180,720,0,0,0,0,0
SMyd1_Nig_2009_2.csv,China,1441,1441,5764,0,0,0,0,0
SMyd1_Nig_2009_2.csv,Türkiye,180,180,720,0,0,0,0,0
SMyd1_Nig_2009_21.csv,China,1441,1441,5764,0,0,0,0,0
SMyd1_Nig_2009_21.csv,Türkiye,180,180,720,0,0,0,0,0
SMyd1_Nig_2009_22.csv,China,1441,1441,5764,0,0,0,0,0
SMyd1_Nig_2009_22.csv,Türkiye,180,180,720,0,0,0,0,0
SMyd1_Nig_2009_23.csv,China,1441,1441,5764,0,0,0,0,0
SMyd1_Nig_2009_23.csv,Türkiye,180,180,720,0,0,0,0,0
SMyd1_Nig_2009_24.csv,China,1441,1441,5764,0,0,0,0,0
SMyd1_Nig_2009_24.csv,Türkiye,180,180,720,0,0,0,0,0
SMyd1_Nig_2009_3.csv,China,1441,1441,5764,0,0,0,0,0
SMyd1_Nig_2009_3.csv,Türkiye,180,180,720,0,0,0,0,0
SMyd1_Nig_2009_30.csv,China,1441,1441,5764,0,0,0,0,0
SMyd1_Nig_2009_30.csv,Türkiye,180,180,720,0,0,0,0,0
SMyd1_Nig_2009_4.csv,China,1441,1441,5764,0,0,0,0,0
SMyd1_Nig_2009_4.csv,Türkiye,180,180,720,0,0,0,0,0
SMyd1_Nig_2009_5.csv,China,1441,1441,5764,0,0,0,0,0
SMyd1_Nig_2009_5.csv,Türkiye,180,180,720,0,0,0,0,0
SMyd1_Nig_2009_6.csv,China,1441,1441,5764,0,0,0,0,0
SMyd1_Nig_2009_6.csv,Türkiye,180,180,720,0,0,0,0,0
SMyd1_Nig_2009_7.csv,China,1441,1441,5764,0,0,0,0,0
SMyd1_Nig_2009_7.csv,Türkiye,180,180,720,0,0,0,0,0
SMyd1_Nig_2009_8.csv,China,1441,1441,5764,0,0,0,0,0
SMyd1_Nig_2009_8.csv,Türkiye,180,180,720,0,0,0,0,0
SMyd1_Nig_2009_9.csv,China,1441,1441,5764,0,0,0,0,0
SMyd1_Nig_2009_9.csv,Türkiye,180,180,720,0,0,0,0,0
SMyd1_Nig_2010_1.csv,China,1441,1441,5764,0,0,0,0,0
SMyd1_Nig_2010_1.csv,Türkiye,180,180,720,0,0,0,0,0
SMyd1_Nig_2010_10.csv,China,1441,1441,5764,0,0,0,0,0
SMyd1_Nig_2010_10.csv,Türkiye,180,180,720,0,0,0,0,0
SMyd1_Nig_2010_11.csv,China,1441,1441,5764,0,0,0,0,0
SMyd1_Nig_2010_11.csv,Türkiye,180,180,720,0,0,0,0,0
SMyd1_Nig_2010_12.csv,China,1441,1441,5764,0,0,0,0,0
SMyd1_Nig_2010_12.csv,Türkiye,180,180,720,0,0,0,0,0
SMyd1_Nig_2010_2.csv,China,1441,1441,5764,0,0,0,0,0
SMyd1_Nig_2010_2.csv,Türkiye,180,180,720,0,0,0,0,0
SMyd1_Nig_2010_21.csv,China,1441,1441,5764,0,0,0,0,0
SMyd1_Nig_2010_21.csv,Türkiye,180,180,720,0,0,0,0,0
SMyd1_Nig_2010_22.csv,China,1441,1441,5764,0,0,0,0,0
SMyd1_Nig_2010_22.csv,Türkiye,180,180,720,0,0,0,0,0
SMyd1_Nig_2010_23.csv,China,1441,1441,5764,0,0,0,0,0
SMyd1_Nig_2010_23.csv,Türkiye,180,180,720,0,0,0,0,0
SMyd1_Nig_2010_24.csv,China,1441,1441,5764,0,0,0,0,0
SMyd1_Nig_2010_24.csv,Türkiye,180,180,720,0,0,0,0,0
SMyd1_Nig_2010_3.csv,China,1441,1441,5764,0,0,0,0,0
SMyd1_Nig_2010_3.csv,Türkiye,180,180,720,0,0,0,0,0
SMyd1_Nig_2010_30.csv,China,1441,1441,5764,0,0,0,0,0
SMyd1_Nig_2010_30.csv,Türkiye,180,180,720,0,0,0,0,0
SMyd1_Nig_2010_4.csv,China,1441,1441,5764,0,0,0,0,0
SMyd1_Nig_2010_4.csv,Türkiye,180,180,720,0,0,0,0,0
SMyd1_Nig_2010_5.csv,China,1441,1441,5764,0,0,0,0,0
SMyd1_Nig_2010_5.csv,Türkiye,180,180,720,0,0,0,0,0
SMyd1_Nig_2010_6.csv,China,1441,1441,5764,0,0,0,0,0
SMyd1_Nig_2010_6.csv,Türkiye,180,180,720,0,0,0,0,0
SMyd1_Nig_2010_7.csv,China,1441,1441,5764,0,0,0,0,0
SMyd1_Nig_2010_7.csv,Türkiye,180,180,720,0,0,0,0,0
SMyd1_Nig_2010_8.csv,China,1441,1441,5764,0,0,0,0,0
SMyd1_Nig_2010_8.csv,Türkiye,180,180,720,0,0,0,0,0
SMyd1_Nig_2010_9.csv,China,1441,1441,5764,0,0,0,0,0
SMyd1_Nig_2010_9.csv,Türkiye,180,180,720,0,0,0,0,0
SMyd1_Nig_2011_1.csv,China,1441,1441,5764,0,0,0,0,0
SMyd1_Nig_2011_1.csv,Türkiye,180,180,720,0,0,0,0,0
SMyd1_Nig_2011_10.csv,China,1441,1441,5764,0,0,0,0,0
SMyd1_Nig_2011_10.csv,Türkiye,180,180,720,0,0,0,0,0
SMyd1_Nig_2011_11.csv,China,1441,1441,5764,0,0,0,0,0
SMyd1_Nig_2011_11.csv,Türkiye,180,180,720,0,0,0,0,0
SMyd1_Nig_2011_12.csv,China,1441,1441,5764,0,0,0,0,0
SMyd1_Nig_2011_12.csv,Türkiye,180,180,720,0,0,0,0,0
SMyd1_Nig_2011_2.csv,China,1441,1441,5764,0,0,0,0,0
SMyd1_Nig_2011_2.csv,Türkiye,180,180,720,0,0,0,0,0
SMyd1_Nig_2011_21.csv,China,1441,1441,5764,0,0,0,0,0
SMyd1_Nig_2011_21.csv,Türkiye,180,180,720,0,0,0,0,0
SMyd1_Nig_2011_22.csv,China,1441,1441,5764,0,0,0,0,0
SMyd1_Nig_2011_22.csv,Türkiye,180,180,720,0,0,0,0,0
SMyd1_Nig_2011_23.csv,China,1441,1441,5764,0,0,0,0,0
SMyd1_Nig_2011_23.csv,Türkiye,180,180,720,0,0,0,0,0
SMyd1_Nig_2011_24.csv,China,1441,1441,5764,0,0,0,0,0
SMyd1_Nig_2011_24.csv,Türkiye,180,180,720,0,0,0,0,0
SMyd1_Nig_2011_3.csv,China,1441,1441,5764,0,0,0,0,0
SMyd1_Nig_2011_3.csv,Türkiye,180,180,720,0,0,0,0,0
SMyd1_Nig_2011_30.csv,China,1441,1441,5764,0,0,0,0,0
SMyd1_Nig_2011_30.csv,Türkiye,180,180,720,0,0,0,0,0
SMyd1_Nig_2011_4.csv,China,1441,1441,5764,0,0,0,0,0
SMyd1_Nig_2011_4.csv,Türkiye,180,180,720,0,0,0,0,0
SMyd1_Nig_2011_5.csv,China,1441,1441,5764,0,0,0,0,0
SMyd1_Nig_2011_5.csv,Türkiye,180,180,720,0,0,0,0,0
SMyd1_Nig_2011_6.csv,China,1441,1441,5764,0,0,0,0,0
SMyd1_Nig_2011_6.csv,Türkiye,180,180,720,0,0,0,0,0
SMyd1_Nig_2011_7.csv,China,1441,1441,5764,0,0,0,0,0
SMyd1_Nig_2011_7.csv,Türkiye,180,180,720,0,0,0,0,0
SMyd1_Nig_2011_8.csv,China,1441,1441,5764,0,0,0,0,0
SMyd1_Nig_2011_8.csv,Türkiye,180,180,720,0,0,0,0,0
SMyd1_Nig_2011_9.csv,China,1441,1441,5764,0,0,0,0,0
SMyd1_Nig_2011_9.csv,Türkiye,180,180,720,0,0,0,0,0
SMyd1_Nig_2012_1.csv,China,1441,1441,5764,0,0,0,0,0
SMyd1_Nig_2012_1.csv,Türkiye,180,180,720,0,0,0,0,0
SMyd1_Nig_2012_10.csv,China,1441,1441,5764,0,0,0,0,0
SMyd1_Nig_2012_10.csv,Türkiye,180,180,720,0,0,0,0,0
SMyd1_Nig_2012_11.csv,China,1441,1441,5764,0,0,0,0,0
SMyd1_Nig_2012_11.csv,Türkiye,180,180,720,0,0,0,0,0
SMyd1_Nig_2012_12.csv,China,1441,1441,5764,0,0,0,0,0
SMyd1_Nig_2012_12.csv,Türkiye,180,180,720,0,0,0,0,0
SMyd1_Nig_2012_2.csv,China,1441,1441,5764,0,0,0,0,0
SMyd1_Nig_2012_2.csv,Türkiye,180,180,720,0,0,0,0,0
SMyd1_Nig_2012_21.csv,China,1441,1441,5764,0,0,0,0,0
SMyd1_Nig_2012_21.csv,Türkiye,180,180,720,0,0,0,0,0
SMyd1_Nig_2012_22.csv,China,1441,1441,5764,0,0,0,0,0
SMyd1_Nig_2012_22.csv,Türkiye,180,180,720,0,0,0,0,0
SMyd1_Nig_2012_23.csv,China,1441,1441,5764,0,0,0,0,0
SMyd1_Nig_2012_23.csv,Türkiye,180,180,720,0,0,0,0,0
SMyd1_Nig_2012_24.csv,China,1441,1441,5764,0,0,0,0,0
SMyd1_Nig_2012_24.csv,Türkiye,180,180,720,0,0,0,0,0
SMyd1_Nig_2012_3.csv,China,1441,1441,5764,0,0,0,0,0
SMyd1_Nig_2012_3.csv,Türkiye,180,180,720,0,0,0,0,0
SMyd1_Nig_2012_30.csv,China,1441,1441,5764,0,0,0,0,0
SMyd1_Nig_2012_30.csv,Türkiye,180,180,720,0,0,0,0,0
SMyd1_Nig_2012_4.csv,China,1441,1441,5764,0,0,0,0,0
SMyd1_Nig_2012_4.csv,Türkiye,180,180,720,0,0,0,0,0
SMyd1_Nig_2012_5.csv,China,1441,1441,5764,0,0,0,0,0
SMyd1_Nig_2012_5.csv,Türkiye,180,180,720,0,0,0,0,0
SMyd1_Nig_2012_6.csv,China,1441,1441,5764,0,0,0,0,0
SMyd1_Nig_2012_6.csv,Türkiye,180,180,720,0,0,0,0,0
SMyd1_Nig_2012_7.csv,China,1441,1441,5764,0,0,0,0,0
SMyd1_Nig_2012_7.csv,Türkiye,180,180,720,0,0,0,0,0
SMyd1_Nig_2012_8.csv,China,1441,1441,5764,0,0,0,0,0
SMyd1_Nig_2012_8.csv,Türkiye,180,180,720,0,0,0,0,0
SMyd1_Nig_2012_9.csv,China,1441,1441,5764,0,0,0,0,0
SMyd1_Nig_2012_9.csv,Türkiye,180,180,720,0,0,0,0,0
SMyd1_Nig_2013_1.csv,China,1441,1441,5764,0,0,0,0,0
SMyd1_Nig_2013_1.csv,Türkiye,180,180,720,0,0,0,0,0
SMyd1_Nig_2013_10.csv,China,1441,1441,5764,0,0,0,0,0
SMyd1_Nig_2013_10.csv,Türkiye,180,180,720,0,0,0,0,0
SMyd1_Nig_2013_11.csv,China,1441,1441,5764,0,0,0,0,0
SMyd1_Nig_2013_11.csv,Türkiye,180,180,720,0,0,0,0,0
SMyd1_Nig_2013_12.csv,China,1441,1441,5764,0,0,0,0,0
SMyd1_Nig_2013_12.csv,Türkiye,180,180,720,0,0,0,0,0
SMyd1_Nig_2013_2.csv,China,1441,1441,5764,0,0,0,0,0
SMyd1_Nig_2013_2.csv,Türkiye,180,180,720,0,0,0,0,0
SMyd1_Nig_2013_21.csv,China,1441,1441,5764,0,0,0,0,0
SMyd1_Nig_2013_21.csv,Türkiye,180,180,720,0,0,0,0,0
SMyd1_Nig_2013_22.csv,China,1441,1441,5764,0,0,0,0,0
SMyd1_Nig_2013_22.csv,Türkiye,180,180,720,0,0,0,0,0
SMyd1_Nig_2013_23.csv,China,1441,1441,5764,0,0,0,0,0
SMyd1_Nig_2013_23.csv,Türkiye,180,180,720,0,0,0,0,0
SMyd1_Nig_2013_24.csv,China,1441,1441,5764,0,0,0,0,0
SMyd1_Nig_2013_24.csv,Türkiye,180,180,720,0,0,0,0,0
SMyd1_Nig_2013_3.csv,China,1441,1441,5764,0,0,0,0,0
SMyd1_Nig_2013_3.csv,Türkiye,180,180,720,0,0,0,0,0
SMyd1_Nig_2013_30.csv,China,1441,1441,5764,0,0,0,0,0
SMyd1_Nig_2013_30.csv,Türkiye,180,180,720,0,0,0,0,0
SMyd1_Nig_2013_4.csv,China,1441,1441,5764,0,0,0,0,0
SMyd1_Nig_2013_4.csv,Türkiye,180,180,720,0,0,0,0,0
SMyd1_Nig_2013_5.csv,China,1441,1441,5764,0,0,0,0,0
SMyd1_Nig_2013_5.csv,Türkiye,180,180,720,0,0,0,0,0
SMyd1_Nig_2013_6.csv,China,1441,1441,5764,0,0,0,0,0
SMyd1_Nig_2013_6.csv,Türkiye,180,180,720,0,0,0,0,0
SMyd1_Nig_2013_7.csv,China,1441,1441,5764,0,0,0,0,0
SMyd1_Nig_2013_7.csv,Türkiye,180,180,720,0,0,0,0,0
SMyd1_Nig_2013_8.csv,China,1441,1441,5764,0,0,0,0,0
SMyd1_Nig_2013_8.csv,Türkiye,180,180,720,0,0,0,0,0
SMyd1_Nig_2013_9.csv,China,1441,1441,5764,0,0,0,0,0
SMyd1_Nig_2013_9.csv,Türkiye,180,180,720,0,0,0,0,0
SMyd1_Nig_2014_1.csv,China,1441,1441,5764,0,0,0,0,0
SMyd1_Nig_2014_1.csv,Türkiye,180,180,720,0,0,0,0,0
SMyd1_Nig_2014_10.csv,China,1441,1441,5764,0,0,0,0,0
SMyd1_Nig_2014_10.csv,Türkiye,180,180,720,0,0,0,0,0
SMyd1_Nig_2014_11.csv,China,1441,1441,5764,0,0,0,0,0
SMyd1_Nig_2014_11.csv,Türkiye,180,180,720,0,0,0,0,0
SMyd1_Nig_2014_12.csv,China,1441,1441,5764,0,0,0,0,0
SMyd1_Nig_2014_12.csv,Türkiye,180,180,720,0,0,0,0,0
SMyd1_Nig_2014_2.csv,China,1441,1441,5764,0,0,0,0,0
SMyd1_Nig_2014_2.csv,Türkiye,180,180,720,0,0,0,0,0
SMyd1_Nig_2014_21.csv,China,1441,1441,5764,0,0,0,0,0
SMyd1_Nig_2014_21.csv,Türkiye,180,180,720,0,0,0,0,0
SMyd1_Nig_2014_22.csv,China,1441,1441,5764,0,0,0,0,0
SMyd1_Nig_2014_22.csv,Türkiye,180,180,720,0,0,0,0,0
SMyd1_Nig_2014_23.csv,China,1441,1441,5764,0,0,0,0,0
SMyd1_Nig_2014_23.csv,Türkiye,180,180,720,0,0,0,0,0
SMyd1_Nig_2014_24.csv,China,1441,1441,5764,0,0,0,0,0
SMyd1_Nig_2014_24.csv,Türkiye,180,180,720,0,0,0,0,0
SMyd1_Nig_2014_3.csv,China,1441,1441,5764,0,0,0,0,0
SMyd1_Nig_2014_3.csv,Türkiye,180,180,720,0,0,0,0,0
SMyd1_Nig_2014_30.csv,China,1441,1441,5764,0,0,0,0,0
SMyd1_Nig_2014_30.csv,Türkiye,180,180,720,0,0,0,0,0
SMyd1_Nig_2014_4.csv,China,1441,1441,5764,0,0,0,0,0
SMyd1_Nig_2014_4.csv,Türkiye,180,180,720,0,0,0,0,0
SMyd1_Nig_2014_5.csv,China,1441,1441,5764,0,0,0,0,0
SMyd1_Nig_2014_5.csv,Türkiye,180,180,720,0,0,0,0,0
SMyd1_Nig_2014_6.csv,China,1441,1441,5764,0,0,0,0,0
SMyd1_Nig_2014_6.csv,Türkiye,180,180,720,0,0,0,0,0
SMyd1_Nig_2014_7.csv,China,1441,1441,5764,0,0,0,0,0
SMyd1_Nig_2014_7.csv,Türkiye,180,180,720,0,0,0,0,0
SMyd1_Nig_2014_8.csv,China,1441,1441,5764,0,0,0,0,0
SMyd1_Nig_2014_8.csv,Türkiye,180,180,720,0,0,0,0,0
SMyd1_Nig_2014_9.csv,China,1441,1441,5764,0,0,0,0,0
SMyd1_Nig_2014_9.csv,Türkiye,180,180,720,0,0,0,0,0
SMyd1_Nig_2015_1.csv,China,1441,1441,5764,0,0,0,0,0
SMyd1_Nig_2015_1.csv,Türkiye,180,180,720,0,0,0,0,0
SMyd1_Nig_2015_10.csv,China,1441,1441,5764,0,0,0,0,0
SMyd1_Nig_2015_10.csv,Türkiye,180,180,720,0,0,0,0,0
SMyd1_Nig_2015_11.csv,China,1441,1441,5764,0,0,0,0,0
SMyd1_Nig_2015_11.csv,Türkiye,180,180,720,0,0,0,0,0
SMyd1_Nig_2015_12.csv,China,1441,1441,5764,0,0,0,0,0
SMyd1_Nig_2015_12.csv,Türkiye,180,180,720,0,0,0,0,0
SMyd1_Nig_2015_2.csv,China,1441,1441,5764,0,0,0,0,0
SMyd1_Nig_2015_2.csv,Türkiye,180,180,720,0,0,0,0,0
SMyd1_Nig_2015_21.csv,China,1441,1441,5764,0,0,0,0,0
SMyd1_Nig_2015_21.csv,Türkiye,180,180,720,0,0,0,0,0
SMyd1_Nig_2015_22.csv,China,1441,1441,5764,0,0,0,0,0
SMyd1_Nig_2015_22.csv,Türkiye,180,180,720,0,0,0,0,0
SMyd1_Nig_2015_23.csv,China,1441,1441,5764,0,0,0,0,0
SMyd1_Nig_2015_23.csv,Türkiye,180,180,720,0,0,0,0,0
SMyd1_Nig_2015_24.csv,China,1441,1441,5764,0,0,0,0,0
SMyd1_Nig_2015_24.csv,Türkiye,180,180,720,0,0,0,0,0
SMyd1_Nig_2015_3.csv,China,1441,1441,5764,0,0,0,0,0
SMyd1_Nig_2015_3.csv,Türkiye,180,180,720,0,0,0,0,0
SMyd1_Nig_2015_30.csv,China,1441,1441,5764,0,0,0,0,0
SMyd1_Nig_2015_30.csv,Türkiye,180,180,720,0,0,0,0,0
SMyd1_Nig_2015_4.csv,China,1441,1441,5764,0,0,0,0,0
SMyd1_Nig_2015_4.csv,Türkiye,180,180,720,0,0,0,0,0
SMyd1_Nig_2015_5.csv,China,1441,1441,5764,0,0,0,0,0
SMyd1_Nig_2015_5.csv,Türkiye,180,180,720,0,0,0,0,0
SMyd1_Nig_2015_6.csv,China,1441,1441,5764,0,0,0,0,0
SMyd1_Nig_2015_6.csv,Türkiye,180,180,720,0,0,0,0,0
SMyd1_Nig_2015_7.csv,China,1441,1441,5764,0,0,0,0,0
SMyd1_Nig_2015_7.csv,Türkiye,180,180,720,0,0,0,0,0
SMyd1_Nig_2015_8.csv,China,1441,1441,5764,0,0,0,0,0
SMyd1_Nig_2015_8.csv,Türkiye,180,180,720,0,0,0,0,0
SMyd1_Nig_2015_9.csv,China,1441,1441,5764,0,0,0,0,0
SMyd1_Nig_2015_9.csv,Türkiye,180,180,720,0,0,0,0,0
SMyd1_Nig_2016_1.csv,China,1441,1441,5764,0,0,0,0,0
SMyd1_Nig_2016_1.csv,Türkiye,180,180,720,0,0,0,0,0
SMyd1_Nig_2016_10.csv,China,1441,1441,5764,0,0,0,0,0
SMyd1_Nig_2016_10.csv,Türkiye,180,180,720,0,0,0,0,0
SMyd1_Nig_2016_11.csv,China,1441,1441,5764,0,0,0,0,0
SMyd1_Nig_2016_11.csv,Türkiye,180,180,720,0,0,0,0,0
SMyd1_Nig_2016_12.csv,China,1441,1441,5764,0,0,0,0,0
SMyd1_Nig_2016_12.csv,Türkiye,180,180,720,0,0,0,0,0
SMyd1_Nig_2016_2.csv,China,1441,1441,5764,0,0,0,0,0
SMyd1_Nig_2016_2.csv,Türkiye,180,180,720,0,0,0,0,0
SMyd1_Nig_2016_21.csv,China,1441,1441,5764,0,0,0,0,0
SMyd1_Nig_2016_21.csv,Türkiye,180,180,720,0,0,0,0,0
SMyd1_Nig_2016_22.csv,China,1441,1441,5764,0,0,0,0,0
SMyd1_Nig_2016_22.csv,Türkiye,180,180,720,0,0,0,0,0
SMyd1_Nig_2016_23.csv,China,1441,1441,5764,0,0,0,0,0
SMyd1_Nig_2016_23.csv,Türkiye,180,180,720,0,0,0,0,0
SMyd1_Nig_2016_24.csv,China,1441,1441,5764,0,0,0,0,0
SMyd1_Nig_2016_24.csv,Türkiye,180,180,720,0,0,0,0,0
SMyd1_Nig_2016_3.csv,China,1441,1441,5764,0,0,0,0,0
SMyd1_Nig_2016_3.csv,Türkiye,180,180,720,0,0,0,0,0
SMyd1_Nig_2016_30.csv,China,1441,1441,5764,0,0,0,0,0
SMyd1_Nig_2016_30.csv,Türkiye,180,180,720,0,0,0,0,0
SMyd1_Nig_2016_4.csv,China,1441,1441,5764,0,0,0,0,0
SMyd1_Nig_2016_4.csv,Türkiye,180,180,720,0,0,0,0,0
SMyd1_Nig_2016_5.csv,China,1441,1441,5764,0,0,0,0,0
SMyd1_Nig_2016_5.csv,Türkiye,180,180,720,0,0,0,0,0
SMyd1_Nig_2016_6.csv,China,1441,1441,5764,0,0,0,0,0
SMyd1_Nig_2016_6.csv,Türkiye,180,180,720,0,0,0,0,0
SMyd1_Nig_2016_7.csv,China,1441,1441,5764,0,0,0,0,0
SMyd1_Nig_2016_7.csv,Türkiye,180,180,720,0,0,0,0,0
SMyd1_Nig_2016_8.csv,China,1441,1441,5764,0,0,0,0,0
SMyd1_Nig_2016_8.csv,Türkiye,180,180,720,0,0,0,0,0
SMyd1_Nig_2016_9.csv,China,1441,1441,5764,0,0,0,0,0
SMyd1_Nig_2016_9.csv,Türkiye,180,180,720,0,0,0,0,0
SMyd1_Nig_2017_1.csv,China,1441,1441,5764,0,0,0,0,0
SMyd1_Nig_2017_1.csv,Türkiye,180,180,720,0,0,0,0,0
SMyd1_Nig_2017_10.csv,China,1441,1441,5764,0,0,0,0,0
SMyd1_Nig_2017_10.csv,Türkiye,180,180,720,0,0,0,0,0
SMyd1_Nig_2017_11.csv,China,1441,1441,5764,0,0,0,0,0
SMyd1_Nig_2017_11.csv,Türkiye,180,180,720,0,0,0,0,0
SMyd1_Nig_2017_12.csv,China,1441,1441,5764,0,0,0,0,0
SMyd1_Nig_2017_12.csv,Türkiye,180,180,720,0,0,0,0,0
SMyd1_Nig_2017_2.csv,China,1441,1441,5764,0,0,0,0,0
SMyd1_Nig_2017_2.csv,Türkiye,180,180,720,0,0,0,0,0
SMyd1_Nig_2017_21.csv,China,1441,1441,5764,0,0,0,0,0
SMyd1_Nig_2017_21.csv,Türkiye,180,180,720,0,0,0,0,0
SMyd1_Nig_2017_22.csv,China,1441,1441,5764,0,0,0,0,0
SMyd1_Nig_2017_22.csv,Türkiye,180,180,720,0,0,0,0,0
SMyd1_Nig_2017_23.csv,China,1441,1441,5764,0,0,0,0,0
SMyd1_Nig_2017_23.csv,Türkiye,180,180,720,0,0,0,0,0
SMyd1_Nig_2017_24.csv,China,1441,1441,5764,0,0,0,0,0
SMyd1_Nig_2017_24.csv,Türkiye,180,180,720,0,0,0,0,0
SMyd1_Nig_2017_3.csv,China,1441,1441,5764,0,0,0,0,0
SMyd1_Nig_2017_3.csv,Türkiye,180,180,720,0,0,0,0,0
SMyd1_Nig_2017_30.csv,China,1441,1441,5764,0,0,0,0,0
SMyd1_Nig_2017_30.csv,Türkiye,180,180,720,0,0,0,0,0
SMyd1_Nig_2017_4.csv,China,1441,1441,5764,0,0,0,0,0
SMyd1_Nig_2017_4.csv,Türkiye,180,180,720,0,0,0,0,0
SMyd1_Nig_2017_5.csv,China,1441,1441,5764,0,0,0,0,0
SMyd1_Nig_2017_5.csv,Türkiye,180,180,720,0,0,0,0,0
SMyd1_Nig_2017_6.csv,China,1441,1441,5764,0,0,0,0,0
SMyd1_Nig_2017_6.csv,Türkiye,180,180,720,0,0,0,0,0
SMyd1_Nig_2017_7.csv,China,1441,1441,5764,0,0,0,0,0
SMyd1_Nig_2017_7.csv,Türkiye,180,180,720,0,0,0,0,0
SMyd1_Nig_2017_8.csv,China,1441,1441,5764,0,0,0,0,0
SMyd1_Nig_2017_8.csv,Türkiye,180,180,720,0,0,0,0,0
SMyd1_Nig_2017_9.csv,China,1441,1441,5764,0,0,0,0,0
SMyd1_Nig_2017_9.csv,Türkiye,180,180,720,0,0,0,0,0
SMyd1_Nig_2018_1.csv,China,1441,1441,5764,0,0,0,0,0
SMyd1_Nig_2018_1.csv,Türkiye,180,180,720,0,0,0,0,0
SMyd1_Nig_2018_10.csv,China,1441,1441,5764,0,0,0,0,0
SMyd1_Nig_2018_10.csv,Türkiye,180,180,720,0,0,0,0,0
SMyd1_Nig_2018_11.csv,China,1441,1441,5764,0,0,0,0,0
SMyd1_Nig_2018_11.csv,Türkiye,180,180,720,0,0,0,0,0
SMyd1_Nig_2018_12.csv,China,1441,1441,5764,0,0,0,0,0
SMyd1_Nig_2018_12.csv,Türkiye,180,180,720,0,0,0,0,0
SMyd1_Nig_2018_2.csv,China,1441,1441,5764,0,0,0,0,0
SMyd1_Nig_2018_2.csv,Türkiye,180,180,720,0,0,0,0,0
SMyd1_Nig_2018_21.csv,China,1441,1441,5764,0,0,0,0,0
SMyd1_Nig_2018_21.csv,Türkiye,180,180,720,0,0,0,0,0
SMyd1_Nig_2018_22.csv,China,1441,1441,5764,0,0,0,0,0
SMyd1_Nig_2018_22.csv,Türkiye,180,180,720,0,0,0,0,0
SMyd1_Nig_2018_23.csv,China,1441,1441,5764,0,0,0,0,0
SMyd1_Nig_2018_23.csv,Türkiye,180,180,720,0,0,0,0,0
SMyd1_Nig_2018_24.csv,China,1441,1441,5764,0,0,0,0,0
SMyd1_Nig_2018_24.csv,Türkiye,180,180,720,0,0,0,0,0
SMyd1_Nig_2018_3.csv,China,1441,1441,5764,0,0,0,0,0
SMyd1_Nig_2018_3.csv,Türkiye,180,180,720,0,0,0,0,0
SMyd1_Nig_2018_30.csv,China,1441,1441,5764,0,0,0,0,0
SMyd1_Nig_2018_30.csv,Türkiye,180,180,720,0,0,0,0,0
SMyd1_Nig_2018_4.csv,China,1441,1441,5764,0,0,0,0,0
SMyd1_Nig_2018_4.csv,Türkiye,180,180,720,0,0,0,0,0
SMyd1_Nig_2018_5.csv,China,1441,1441,5764,0,0,0,0,0
SMyd1_Nig_2018_5.csv,Türkiye,180,180,720,0,0,0,0,0
SMyd1_Nig_2018_6.csv,China,1441,1441,5764,0,0,0,0,0
SMyd1_Nig_2018_6.csv,Türkiye,180,180,720,0,0,0,0,0
SMyd1_Nig_2018_7.csv,China,1441,1441,5764,0,0,0,0,0
SMyd1_Nig_2018_7.csv,Türkiye,180,180,720,0,0,0,0,0
SMyd1_Nig_2018_8.csv,China,1441,1441,5764,0,0,0,0,0
SMyd1_Nig_2018_8.csv,Türkiye,180,180,720,0,0,0,0,0
SMyd1_Nig_2018_9.csv,China,1441,1441,5764,0,0,0,0,0
SMyd1_Nig_2018_9.csv,Türkiye,180,180,720,0,0,0,0,0
SMyd1_Nig_2019_1.csv,China,1441,1441,5764,0,0,0,0,0
SMyd1_Nig_2019_1.csv,Türkiye,180,180,720,0,0,0,0,0
SMyd1_Nig_2019_10.csv,China,1441,1441,5764,0,0,0,0,0
SMyd1_Nig_2019_10.csv,Türkiye,180,180,720,0,0,0,0,0
SMyd1_Nig_2019_11.csv,China,1441,1441,5764,0,0,0,0,0
SMyd1_Nig_2019_11.csv,Türkiye,180,180,720,0,0,0,0,0
SMyd1_Nig_2019_12.csv,China,1441,1441,5764,0,0,0,0,0
SMyd1_Nig_2019_12.csv,Türkiye,180,180,720,0,0,0,0,0
SMyd1_Nig_2019_2.csv,China,1441,1441,5764,0,0,0,0,0
SMyd1_Nig_2019_2.csv,Türkiye,180,180,720,0,0,0,0,0
SMyd1_Nig_2019_21.csv,China,1441,1441,5764,0,0,0,0,0
SMyd1_Nig_2019_21.csv,Türkiye,180,180,720,0,0,0,0,0
SMyd1_Nig_2019_22.csv,China,1441,1441,5764,0,0,0,0,0
SMyd1_Nig_2019_22.csv,Türkiye,180,180,720,0,0,0,0,0
SMyd1_Nig_2019_23.csv,China,1441,1441,5764,0,0,0,0,0
SMyd1_Nig_2019_23.csv,Türkiye,180,180,720,0,0,0,0,0
SMyd1_Nig_2019_24.csv,China,1441,1441,5764,0,0,0,0,0
SMyd1_Nig_2019_24.csv,Türkiye,180,180,720,0,0,0,0,0
SMyd1_Nig_2019_3.csv,China,1441,1441,5764,0,0,0,0,0
SMyd1_Nig_2019_3.csv,Türkiye,180,180,720,0,0,0,0,0
SMyd1_Nig_2019_30.csv,China,1441,1441,5764,0,0,0,0,0
SMyd1_Nig_2019_30.csv,Türkiye,180,180,720,0,0,0,0,0
SMyd1_Nig_2019_4.csv,China,1441,1441,5764,0,0,0,0,0
SMyd1_Nig_2019_4.csv,Türkiye,180,180,720,0,0,0,0,0
SMyd1_Nig_2019_5.csv,China,1441,1441,5764,0,0,0,0,0
SMyd1_Nig_2019_5.csv,Türkiye,180,180,720,0,0,0,0,0
SMyd1_Nig_2019_6.csv,China,1441,1441,5764,0,0,0,0,0
SMyd1_Nig_2019_6.csv,Türkiye,180,180,720,0,0,0,0,0
SMyd1_Nig_2019_7.csv,China,1441,1441,5764,0,0,0,0,0
SMyd1_Nig_2019_7.csv,Türkiye,180,180,720,0,0,0,0,0
SMyd1_Nig_2019_8.csv,China,1441,1441,5764,0,0,0,0,0
SMyd1_Nig_2019_8.csv,Türkiye,180,180,720,0,0,0,0,0
SMyd1_Nig_2019_9.csv,China,1441,1441,5764,0,0,0,0,0
SMyd1_Nig_2019_9.csv,Türkiye,180,180,720,0,0,0,0,0
SMyd1_Nig_2020_1.csv,China,1441,1441,5764,0,0,0,0,0
SMyd1_Nig_2020_1.csv,Türkiye,180,180,720,0,0,0,0,0
SMyd1_Nig_2020_10.csv,China,1441,1441,5764,0,0,0,0,0
SMyd1_Nig_2020_10.csv,Türkiye,180,180,720,0,0,0,0,0
SMyd1_Nig_2020_11.csv,China,1441,1441,5764,0,0,0,0,0
SMyd1_Nig_2020_11.csv,Türkiye,180,180,720,0,0,0,0,0
SMyd1_Nig_2020_12.csv,China,1441,1441,5764,0,0,0,0,0
SMyd1_Nig_2020_12.csv,Türkiye,180,180,720,0,0,0,0,0
SMyd1_Nig_2020_2.csv,China,1441,1441,5764,0,0,0,0,0
SMyd1_Nig_2020_2.csv,Türkiye,180,180,720,0,0,0,0,0
SMyd1_Nig_2020_21.csv,China,1441,1441,5764,0,0,0,0,0
SMyd1_Nig_2020_21.csv,Türkiye,180,180,720,0,0,0,0,0
SMyd1_Nig_2020_22.csv,China,1441,1441,5764,0,0,0,0,0
SMyd1_Nig_2020_22.csv,Türkiye,180,180,720,0,0,0,0,0
SMyd1_Nig_2020_23.csv,China,1441,1441,5764,0,0,0,0,0
SMyd1_Nig_2020_23.csv,Türkiye,180,180,720,0,0,0,0,0
SMyd1_Nig_2020_24.csv,China,1441,1441,5764,0,0,0,0,0
SMyd1_Nig_2020_24.csv,Türkiye,180,180,720,0,0,0,0,0
SMyd1_Nig_2020_3.csv,China,1441,1441,5764,0,0,0,0,0
SMyd1_Nig_2020_3.csv,Türkiye,180,180,720,0,0,0,0,0
SMyd1_Nig_2020_30.csv,China,1441,1441,5764,0,0,0,0,0
SMyd1_Nig_2020_30.csv,Türkiye,180,180,720,0,0,0,0,0
SMyd1_Nig_2020_4.csv,China,1441,1441,5764,0,0,0,0,0
SMyd1_Nig_2020_4.csv,Türkiye,180,180,720,0,0,0,0,0
SMyd1_Nig_2020_5.csv,China,1441,1441,5764,0,0,0,0,0
SMyd1_Nig_2020_5.csv,Türkiye,180,180,720,0,0,0,0,0
SMyd1_Nig_2020_6.csv,China,1441,1441,5764,0,0,0,0,0
SMyd1_Nig_2020_6.csv,Türkiye,180,180,720,0,0,0,0,0
SMyd1_Nig_2020_7.csv,China,1441,1441,5764,0,0,0,0,0
SMyd1_Nig_2020_7.csv,Türkiye,180,180,720,0,0,0,0,0
SMyd1_Nig_2020_8.csv,China,1441,1441,5764,0,0,0,0,0
SMyd1_Nig_2020_8.csv,Türkiye,180,180,720,0,0,0,0,0
SMyd1_Nig_2020_9.csv,China,1441,1441,5764,0,0,0,0,0
SMyd1_Nig_2020_9.csv,Türkiye,180,180,720,0,0,0,0,0
